# Blender 4.0.2
# www.blender.org
mtllib apartment desk.mtl
g desk_Cube.001
v -0.184792 0.009581 0.556614
v -0.192993 0.750091 0.556614
v -0.192993 0.000091 -0.493386
v -0.192993 0.750091 -0.493386
v 0.298805 0.009581 0.556614
v 0.307007 0.750091 0.556614
v 0.307007 0.000091 -0.493386
v 0.307007 0.750091 -0.493386
v 0.298805 0.547152 0.556614
v -0.184792 0.547152 0.556614
v 0.307007 0.012389 0.556614
v 0.298572 0.000091 0.556614
v -0.184559 0.000091 0.556614
v -0.192993 0.012389 0.556614
v 0.220598 0.759506 -0.381623
v 0.220699 0.758506 -0.380628
v 0.220594 0.757506 -0.381623
v 0.220493 0.758506 -0.382617
v 0.245469 0.759316 -0.382383
v 0.245401 0.758318 -0.381384
v 0.245437 0.757317 -0.382382
v 0.245505 0.758315 -0.383381
v 0.279967 0.757866 -0.375129
v 0.279520 0.756885 -0.374214
v 0.279800 0.755874 -0.375162
v 0.280247 0.756855 -0.376077
v 0.300843 0.754353 -0.365149
v 0.300198 0.753401 -0.364326
v 0.300367 0.752419 -0.365328
v 0.301012 0.753371 -0.366152
v 0.309020 0.751330 -0.362429
v 0.308041 0.750614 -0.361703
v 0.307629 0.749970 -0.362894
v 0.308609 0.750686 -0.363620
v 0.311698 0.742351 -0.361736
v 0.310459 0.742165 -0.361080
v 0.309826 0.741974 -0.362330
v 0.311065 0.742160 -0.362986
v 0.313458 0.720656 -0.360710
v 0.312201 0.720612 -0.360061
v 0.311557 0.720518 -0.361317
v 0.312813 0.720562 -0.361965
v 0.315378 0.548371 -0.353212
v 0.314120 0.548406 -0.352567
v 0.313474 0.548350 -0.353824
v 0.314732 0.548314 -0.354469
v 0.313629 0.346582 -0.341423
v 0.312371 0.346646 -0.340780
v 0.311725 0.346550 -0.342035
v 0.312983 0.346487 -0.342678
v 0.313306 0.259896 -0.330897
v 0.312049 0.260016 -0.330262
v 0.311402 0.259767 -0.331495
v 0.312660 0.259647 -0.332130
v 0.313637 0.207243 -0.318072
v 0.312378 0.207415 -0.317449
v 0.311733 0.207060 -0.318656
v 0.312991 0.206888 -0.319279
v 0.314113 0.145328 -0.296427
v 0.312854 0.145570 -0.295830
v 0.312209 0.145076 -0.296987
v 0.313468 0.144834 -0.297585
v 0.314635 0.084241 -0.264659
v 0.313376 0.084586 -0.264117
v 0.312733 0.083891 -0.265167
v 0.313992 0.083546 -0.265710
v 0.315106 0.034068 -0.221476
v 0.313845 0.034557 -0.221062
v 0.313204 0.033583 -0.221862
v 0.314465 0.033094 -0.222276
v 0.315425 0.004868 -0.165591
v 0.314163 0.005486 -0.165437
v 0.313526 0.004259 -0.165732
v 0.314788 0.003640 -0.165886
v 0.315499 0.001258 -0.132435
v 0.314241 0.001900 -0.132515
v 0.313598 0.000641 -0.132488
v 0.314855 -0.000000 -0.132408
v 0.313950 0.004806 -0.114448
v 0.312730 0.005374 -0.114881
v 0.312053 0.004181 -0.114537
v 0.313273 0.003613 -0.114105
v 0.303818 0.027524 -0.087265
v 0.302755 0.027733 -0.088174
v 0.301943 0.026846 -0.087430
v 0.303006 0.026637 -0.086520
v 0.289626 0.063564 -0.069817
v 0.288645 0.063569 -0.070835
v 0.287729 0.062945 -0.069956
v 0.288711 0.062940 -0.068937
v 0.277719 0.103988 -0.059623
v 0.276744 0.103975 -0.060648
v 0.275761 0.103589 -0.059707
v 0.276736 0.103601 -0.058683
v 0.274405 0.139751 -0.054246
v 0.273421 0.139998 -0.055232
v 0.272420 0.139993 -0.054234
v 0.273403 0.139745 -0.053249
v 0.277845 0.152995 -0.052614
v 0.276971 0.153589 -0.053554
v 0.276076 0.153924 -0.052511
v 0.276950 0.153330 -0.051571
v 0.285574 0.161753 -0.051280
v 0.285076 0.162747 -0.052154
v 0.284509 0.163430 -0.051053
v 0.285006 0.162436 -0.050179
v 0.298488 0.165169 -0.049916
v 0.298536 0.166326 -0.050729
v 0.298407 0.167139 -0.049579
v 0.298360 0.165982 -0.048766
v 0.078556 0.760801 0.033705
v 0.079525 0.759828 0.034039
v 0.078526 0.758827 0.034022
v 0.077556 0.759801 0.033688
v 0.083382 0.758063 0.021799
v 0.084164 0.757193 0.022593
v 0.083300 0.756121 0.022271
v 0.082517 0.756992 0.021477
v 0.091201 0.755836 0.014104
v 0.091760 0.755030 0.015122
v 0.091124 0.753893 0.014572
v 0.090565 0.754699 0.013553
v 0.104369 0.753852 0.007349
v 0.104713 0.753080 0.008483
v 0.104333 0.751903 0.007796
v 0.103990 0.752676 0.006662
v 0.124329 0.752597 0.002192
v 0.124512 0.751836 0.003370
v 0.124345 0.750645 0.002625
v 0.124162 0.751406 0.001448
v 0.284596 0.754511 -0.019418
v 0.284820 0.753751 -0.018247
v 0.284625 0.752560 -0.018983
v 0.284401 0.753320 -0.020154
v 0.303423 0.753057 -0.022655
v 0.303768 0.752283 -0.021523
v 0.303251 0.751128 -0.022155
v 0.302906 0.751902 -0.023287
v 0.308406 0.751398 -0.024146
v 0.308364 0.750857 -0.022840
v 0.307255 0.750060 -0.023206
v 0.307297 0.750601 -0.024512
v 0.310286 0.743111 -0.024162
v 0.309970 0.743201 -0.022786
v 0.308603 0.742994 -0.023087
v 0.308919 0.742905 -0.024463
v 0.311661 0.694110 -0.016498
v 0.311331 0.694407 -0.015155
v 0.309956 0.694329 -0.015476
v 0.310286 0.694033 -0.016819
v 0.310820 0.612653 0.001994
v 0.310489 0.612960 0.003334
v 0.309114 0.612913 0.003006
v 0.309445 0.612606 0.001665
v 0.308109 0.513055 0.023612
v 0.307778 0.513341 0.024957
v 0.306404 0.513320 0.024623
v 0.306735 0.513033 0.023278
v 0.301275 0.361230 0.050022
v 0.300940 0.361418 0.051382
v 0.299568 0.361456 0.051039
v 0.299904 0.361268 0.049678
v 0.293415 0.259108 0.064242
v 0.293068 0.259150 0.065612
v 0.291704 0.259280 0.065263
v 0.292050 0.259238 0.063893
v 0.285014 0.170312 0.070412
v 0.284665 0.170329 0.071782
v 0.283300 0.170453 0.071433
v 0.283649 0.170436 0.070063
v 0.277836 0.072590 0.067050
v 0.277474 0.072410 0.068405
v 0.276108 0.072527 0.068056
v 0.276470 0.072707 0.066701
v 0.276923 0.023298 0.056477
v 0.276559 0.022696 0.057704
v 0.275194 0.022802 0.057351
v 0.275557 0.023405 0.056125
v 0.278323 0.008140 0.046729
v 0.278010 0.007102 0.047637
v 0.276646 0.007198 0.047277
v 0.276959 0.008235 0.046368
v 0.281238 0.001261 0.034223
v 0.281094 -0.000132 0.034422
v 0.279733 -0.000045 0.034044
v 0.279878 0.001348 0.033845
v 0.285978 0.004043 0.018331
v 0.286009 0.002720 0.017831
v 0.284627 0.002799 0.017538
v 0.284596 0.004121 0.018038
v 0.277235 0.029438 -0.004748
v 0.277199 0.028743 -0.005979
v 0.275887 0.028299 -0.005690
v 0.275924 0.028994 -0.004459
v 0.270007 0.049723 -0.014003
v 0.269905 0.049168 -0.015299
v 0.268615 0.048678 -0.014987
v 0.268717 0.049233 -0.013691
v 0.259667 0.072985 -0.021943
v 0.259523 0.072524 -0.023273
v 0.258207 0.072094 -0.022981
v 0.258352 0.072555 -0.021652
v 0.251672 0.097655 -0.028735
v 0.251503 0.097274 -0.030086
v 0.250133 0.097020 -0.029843
v 0.250302 0.097401 -0.028492
v 0.248914 0.122175 -0.034546
v 0.248737 0.121866 -0.035914
v 0.247334 0.121917 -0.035744
v 0.247511 0.122226 -0.034375
v 0.250943 0.144439 -0.039492
v 0.250768 0.144164 -0.040868
v 0.249380 0.144404 -0.040739
v 0.249555 0.144679 -0.039363
v 0.254971 0.163094 -0.043519
v 0.254803 0.162850 -0.044902
v 0.253452 0.163257 -0.044809
v 0.253620 0.163502 -0.043427
v 0.260365 0.178003 -0.046606
v 0.260210 0.177794 -0.047996
v 0.258926 0.178385 -0.047941
v 0.259082 0.178594 -0.046551
v 0.266480 0.189039 -0.048733
v 0.266351 0.188876 -0.050132
v 0.265190 0.189683 -0.050119
v 0.265319 0.189847 -0.048720
v 0.272638 0.196068 -0.049883
v 0.272568 0.195969 -0.051292
v 0.271664 0.197056 -0.051323
v 0.271734 0.197155 -0.049914
v 0.278054 0.199000 -0.050062
v 0.278142 0.198976 -0.051473
v 0.277875 0.200364 -0.051514
v 0.277786 0.200388 -0.050102
v 0.240436 0.971537 -0.060318
v 0.244108 0.971537 -0.046613
v 0.243600 0.965864 -0.061166
v 0.247272 0.965864 -0.047461
v 0.237273 0.965864 -0.059470
v 0.240945 0.965864 -0.045765
v 0.217620 0.816077 -0.053971
v 0.243482 1.122101 -0.060901
v 0.237686 0.814259 -0.059348
v 0.263547 1.120283 -0.066278
v 0.208937 0.748926 -0.039335
v 0.278425 0.748926 -0.057954
v 0.210403 0.762196 -0.042357
v 0.275645 0.762196 -0.059838
v 0.208937 0.762196 -0.039335
v 0.278425 0.762196 -0.057954
v 0.210403 0.752921 -0.042357
v 0.275645 0.752921 -0.059838
v 0.186418 0.816077 -0.170421
v 0.212279 1.122101 -0.177350
v 0.206483 0.814259 -0.175797
v 0.232345 1.120283 -0.182727
v 0.174657 0.748926 -0.167269
v 0.244145 0.748926 -0.185889
v 0.174657 0.762196 -0.167269
v 0.244145 0.762196 -0.185889
v 0.176780 0.762196 -0.167838
v 0.242022 0.762196 -0.185320
v 0.176780 0.752921 -0.167838
v 0.242022 0.752921 -0.185320
v 0.209753 0.762196 -0.041084
v 0.276844 0.762196 -0.059061
v 0.240276 0.972207 -0.049262
v 0.246321 0.972207 -0.050882
v 0.215732 0.762196 -0.042686
v 0.270865 0.762196 -0.057459
v 0.243299 0.965028 -0.050072
v 0.178148 0.971537 -0.292781
v 0.174475 0.971537 -0.306486
v 0.181311 0.965864 -0.293629
v 0.177639 0.965864 -0.307334
v 0.174984 0.965864 -0.291934
v 0.171312 0.965864 -0.305639
v 0.155215 0.816077 -0.286870
v 0.181077 1.122101 -0.293799
v 0.175281 0.814259 -0.292246
v 0.201142 1.120283 -0.299176
v 0.140377 0.748926 -0.295204
v 0.209865 0.748926 -0.313823
v 0.143158 0.762196 -0.293320
v 0.208399 0.762196 -0.310801
v 0.140377 0.762196 -0.295204
v 0.209865 0.762196 -0.313823
v 0.143158 0.752921 -0.293320
v 0.208399 0.752921 -0.310801
v 0.141958 0.762196 -0.294097
v 0.209050 0.762196 -0.312074
v 0.172481 0.972207 -0.302276
v 0.178526 0.972207 -0.303896
v 0.147937 0.762196 -0.295699
v 0.203070 0.762196 -0.310472
v 0.175504 0.965028 -0.303086
v 0.209753 0.762196 -0.041084
v 0.276844 0.762196 -0.059061
v 0.240276 0.972207 -0.049262
v 0.246321 0.972207 -0.050882
v 0.215732 0.762196 -0.042686
v 0.270865 0.762196 -0.057459
v 0.243299 0.965028 -0.050072
v 0.141958 0.762196 -0.294097
v 0.209050 0.762196 -0.312074
v 0.172481 0.972207 -0.302276
v 0.178526 0.972207 -0.303896
v 0.147937 0.762196 -0.295699
v 0.203070 0.762196 -0.310472
v 0.175504 0.965028 -0.303086
v 0.319568 1.800622 -0.573581
v 0.319568 1.292257 -0.573581
v 0.303113 1.800626 0.214977
v 0.303113 1.800622 -0.573581
v 0.303113 1.292260 0.214977
v 0.303113 1.292257 -0.573581
v 0.319568 1.800626 0.214977
v 0.319568 1.292261 0.214977
v 0.319568 1.763866 0.343886
v 0.319568 1.309928 0.343886
v 0.319568 1.536897 0.343886
v 0.319568 1.763868 0.688662
v 0.319568 1.309930 0.688662
v 0.319568 1.536899 0.688662
v 0.312732 1.763868 0.688662
v 0.312732 1.763866 0.343886
v 0.304644 1.309930 0.688662
v 0.304644 1.309928 0.343886
v 0.312732 1.536899 0.688662
v 0.312732 1.536897 0.343886
v -0.388043 0.431008 0.202984
v -0.388046 0.419797 0.202984
v -0.042329 0.399001 0.202984
v -0.074861 0.419952 0.202984
v -0.040314 0.409583 0.202984
v -0.073853 0.431008 0.202984
v -0.429885 0.604335 0.202984
v -0.465879 0.765098 0.202984
v -0.474625 0.763139 0.202984
v -0.438631 0.602377 0.202984
v -0.396803 0.450000 0.377900
v -0.036900 0.416191 0.317287
v -0.388043 0.437616 0.306663
v -0.060340 0.450000 0.393191
v -0.061450 0.439042 0.393882
v -0.026876 0.418056 0.395515
v -0.388055 0.426421 0.307047
v -0.396824 0.438830 0.378456
v -0.038894 0.405632 0.317817
v -0.071430 0.426578 0.316766
v -0.024902 0.428575 0.394730
v -0.070439 0.437616 0.316315
v -0.442544 0.759637 0.394730
v -0.407746 0.610762 0.394730
v -0.451290 0.757679 0.394730
v -0.416492 0.608804 0.394730
v -0.448221 0.770160 0.378980
v -0.412228 0.609397 0.378980
v -0.456967 0.768201 0.378980
v -0.420974 0.607439 0.378980
v -0.430061 -0.000000 0.415535
v -0.460361 0.756406 0.397280
v -0.420619 -0.000000 0.408674
v -0.450919 0.756406 0.390420
v -0.424226 -0.000000 0.397574
v -0.454526 0.756406 0.379320
v -0.435897 -0.000000 0.397574
v -0.466197 0.756406 0.379320
v -0.439503 -0.000000 0.408674
v -0.469804 0.756406 0.390420
v -0.387926 0.437979 0.397280
v -0.378483 0.437979 0.390420
v -0.382090 0.437979 0.379320
v -0.393761 0.437979 0.379320
v -0.397368 0.437979 0.390420
v -0.011828 -0.000000 0.415535
v -0.040088 0.424371 0.392566
v -0.002386 -0.000000 0.408674
v -0.030645 0.424371 0.385705
v -0.005993 -0.000000 0.397574
v -0.034252 0.424371 0.374605
v -0.017664 -0.000000 0.397574
v -0.045923 0.424371 0.374605
v -0.021271 -0.000000 0.408674
v -0.049530 0.424371 0.385705
v -0.460314 0.766552 0.290982
v -0.424320 0.605790 0.290982
v -0.469060 0.764594 0.290982
v -0.433066 0.603831 0.290982
v -0.396803 0.450000 0.028068
v -0.036900 0.416191 0.088681
v -0.388043 0.437616 0.099304
v -0.060340 0.450000 0.012777
v -0.061450 0.439042 0.012086
v -0.026875 0.418056 0.010453
v -0.388055 0.426421 0.098921
v -0.396824 0.438830 0.027512
v -0.038894 0.405632 0.088151
v -0.071430 0.426578 0.089202
v -0.024902 0.428575 0.011238
v -0.070439 0.437616 0.089653
v -0.442544 0.759637 0.011238
v -0.407746 0.610762 0.011238
v -0.451290 0.757679 0.011238
v -0.416492 0.608804 0.011238
v -0.448221 0.770160 0.026988
v -0.412228 0.609397 0.026988
v -0.456968 0.768201 0.026988
v -0.420974 0.607439 0.026988
v -0.430061 -0.000000 -0.009567
v -0.460361 0.756406 0.008688
v -0.420619 -0.000000 -0.002706
v -0.450919 0.756406 0.015548
v -0.424226 -0.000000 0.008394
v -0.454526 0.756406 0.026648
v -0.435897 -0.000000 0.008394
v -0.466197 0.756406 0.026648
v -0.439503 -0.000000 -0.002706
v -0.469804 0.756406 0.015548
v -0.387926 0.437979 0.008688
v -0.378483 0.437979 0.015548
v -0.382090 0.437979 0.026648
v -0.393762 0.437979 0.026648
v -0.397368 0.437979 0.015548
v -0.011828 -0.000000 -0.009567
v -0.040088 0.424371 0.013402
v -0.002386 -0.000000 -0.002706
v -0.030645 0.424371 0.020263
v -0.005993 -0.000000 0.008394
v -0.034252 0.424371 0.031363
v -0.017664 -0.000000 0.008394
v -0.045923 0.424371 0.031363
v -0.021271 -0.000000 -0.002706
v -0.049530 0.424371 0.020263
v -0.460314 0.766552 0.114986
v -0.424320 0.605790 0.114986
v -0.469060 0.764594 0.114986
v -0.433066 0.603831 0.114986
v -0.064176 0.749910 -0.349970
v -0.064176 0.818090 -0.349970
v -0.057330 0.749910 -0.346018
v -0.057330 0.818090 -0.346018
v -0.057330 0.749910 -0.338113
v -0.057330 0.818090 -0.338113
v -0.064176 0.749910 -0.334160
v -0.064176 0.818090 -0.334160
v -0.071022 0.749910 -0.338113
v -0.071022 0.818090 -0.338113
v -0.071022 0.749910 -0.346018
v -0.071022 0.818090 -0.346018
v -0.150627 0.749707 -0.390671
v -0.145974 0.834022 -0.373303
v -0.133260 0.749707 -0.386017
v -0.127898 0.834022 -0.378147
v -0.128606 0.749707 -0.368650
v -0.141320 0.749707 -0.355936
v -0.158687 0.749707 -0.360590
v -0.164049 0.834022 -0.368460
v -0.163341 0.749707 -0.377957
v -0.150627 0.760122 -0.390671
v -0.133260 0.760122 -0.386017
v -0.128606 0.760122 -0.368650
v -0.141320 0.760122 -0.355936
v -0.158687 0.760122 -0.360590
v -0.163341 0.760122 -0.377957
v -0.015378 0.749447 -0.387587
v -0.029662 0.844174 -0.373303
v -0.010150 0.749447 -0.368075
v -0.014796 0.844174 -0.358437
v -0.024434 0.749447 -0.353792
v -0.043945 0.749447 -0.359020
v -0.049173 0.749447 -0.378532
v -0.044528 0.844174 -0.388170
v -0.034890 0.749447 -0.392815
v -0.015378 0.761148 -0.387587
v -0.010150 0.761148 -0.368075
v -0.024434 0.761148 -0.353792
v -0.043945 0.761148 -0.359020
v -0.049173 0.761148 -0.378532
v -0.034890 0.761148 -0.392815
v -0.035778 0.749180 -0.458402
v -0.035778 0.857516 -0.458402
v -0.035778 0.749180 -0.419918
v -0.035778 0.857516 -0.419918
v -0.087540 0.749180 -0.419918
v -0.087540 0.857516 -0.419918
v -0.087540 0.749180 -0.458402
v -0.087540 0.857516 -0.458402
v -0.061659 0.856968 -0.453745
v -0.061659 0.897851 -0.453745
v -0.049029 0.856968 -0.446452
v -0.049029 0.897851 -0.446452
v -0.049029 0.856968 -0.431868
v -0.049029 0.897851 -0.431868
v -0.061659 0.856968 -0.424576
v -0.061659 0.897851 -0.424576
v -0.074290 0.856968 -0.431868
v -0.074290 0.897851 -0.431868
v -0.074290 0.856968 -0.446452
v -0.074290 0.897851 -0.446452
v -0.061659 0.861599 -0.419918
v -0.061659 0.861599 -0.458402
v -0.135943 0.749689 -0.448339
v -0.135943 0.861766 -0.448339
v -0.115246 0.749689 -0.436389
v -0.115246 0.861766 -0.436389
v -0.115246 0.749689 -0.412489
v -0.115246 0.861766 -0.412489
v -0.135943 0.749689 -0.400540
v -0.135943 0.861766 -0.400540
v -0.156641 0.749689 -0.412489
v -0.156641 0.861766 -0.412489
v -0.156641 0.749689 -0.436389
v -0.156641 0.861766 -0.436389
v -0.135943 0.860634 -0.440605
v -0.135943 0.905951 -0.440605
v -0.121943 0.860634 -0.432522
v -0.121943 0.905951 -0.432522
v -0.121943 0.860634 -0.416356
v -0.121943 0.905951 -0.416356
v -0.135943 0.860634 -0.408273
v -0.135943 0.905951 -0.408273
v -0.149944 0.860634 -0.416356
v -0.149944 0.905951 -0.416356
v -0.149944 0.860634 -0.432522
v -0.149944 0.905951 -0.432522
v -0.092610 0.749639 -0.401746
v -0.092610 0.856095 -0.401746
v -0.072950 0.749639 -0.390395
v -0.072950 0.856095 -0.390395
v -0.072950 0.749639 -0.367694
v -0.072950 0.856095 -0.367694
v -0.092610 0.749639 -0.356344
v -0.092610 0.856095 -0.356344
v -0.112270 0.749639 -0.367694
v -0.112270 0.856095 -0.367694
v -0.112270 0.749639 -0.390395
v -0.112270 0.856095 -0.390395
v 0.012077 0.748646 -0.454484
v 0.012077 0.876679 -0.454484
v 0.035722 0.748646 -0.440833
v 0.035722 0.876679 -0.440833
v 0.035722 0.748646 -0.413531
v 0.035722 0.876679 -0.413531
v 0.012077 0.748646 -0.399880
v 0.012077 0.876679 -0.399880
v -0.011567 0.748646 -0.413531
v -0.011567 0.876679 -0.413531
v -0.011567 0.748646 -0.440833
v -0.011567 0.876679 -0.440833
v -0.184792 0.009581 0.556614
v -0.192993 0.750091 0.556614
v -0.192993 0.000091 -0.493386
v -0.192993 0.750091 -0.493386
v 0.298805 0.009581 0.556614
v 0.307007 0.750091 0.556614
v 0.307007 0.000091 -0.493386
v 0.307007 0.750091 -0.493386
v -0.192993 0.000091 -0.161114
v 0.307007 0.000091 -0.161114
v 0.307007 0.640473 -0.161114
v -0.192993 0.640473 -0.161114
v -0.184792 0.009581 0.533559
v 0.307007 0.640473 0.533559
v 0.298805 0.009581 0.533559
v -0.192993 0.640473 0.533559
v 0.298805 0.547152 0.556614
v -0.184792 0.547152 0.556614
v -0.184792 0.547152 0.533559
v 0.298805 0.547152 0.533559
v 0.307007 0.012389 0.556614
v 0.298572 0.000091 0.556614
v -0.184559 0.000091 0.556614
v -0.192993 0.012389 0.533559
v -0.184559 0.000091 0.533559
v 0.307007 0.012389 0.533559
v 0.298572 0.000091 0.533559
v -0.192993 0.012389 0.556614
v -0.192993 0.695282 -0.327250
v -0.192993 0.000091 -0.327250
v 0.120339 0.749590 -0.381649
v 0.113834 1.105190 -0.381649
v 0.221629 0.749590 -0.381649
v 0.228134 1.105190 -0.381649
v 0.214844 0.749590 -0.356326
v 0.220478 1.105190 -0.353074
v 0.196307 0.749590 -0.337789
v 0.199559 1.105190 -0.332155
v 0.170984 0.749590 -0.331004
v 0.170984 1.105190 -0.324499
v 0.145662 0.749590 -0.337789
v 0.142409 1.105190 -0.332155
v 0.127125 0.749590 -0.356326
v 0.121491 1.105190 -0.353074
v 0.113834 0.871293 -0.381649
v 0.228134 0.871293 -0.381649
v 0.220478 0.871293 -0.353074
v 0.199559 0.871293 -0.332155
v 0.170984 0.871293 -0.324499
v 0.142409 0.871293 -0.332155
v 0.121491 0.871293 -0.353074
v 0.221629 0.774159 -0.381649
v 0.214844 0.774159 -0.356326
v 0.196307 0.774159 -0.337789
v 0.170984 0.774159 -0.331004
v 0.145662 0.774159 -0.337789
v 0.127125 0.774159 -0.356326
v 0.120339 0.774159 -0.381649
v 0.162708 0.871293 -0.381649
v 0.179260 0.871293 -0.381649
v 0.170984 0.871293 -0.373373
v 0.165332 0.774159 -0.375996
v 0.165332 0.871293 -0.375996
v 0.179260 0.774159 -0.381649
v 0.170984 0.774159 -0.373373
v 0.162708 0.774159 -0.381649
v 0.176637 0.871293 -0.375996
v 0.176637 0.774159 -0.375996
v 0.214844 0.749590 -0.406971
v 0.220478 1.105190 -0.410224
v 0.196307 0.749590 -0.425508
v 0.199559 1.105190 -0.431142
v 0.170984 0.749590 -0.432294
v 0.170984 1.105190 -0.438799
v 0.145662 0.749590 -0.425508
v 0.142409 1.105190 -0.431142
v 0.127125 0.749590 -0.406971
v 0.121491 1.105190 -0.410224
v 0.220478 0.871293 -0.410224
v 0.199559 0.871293 -0.431142
v 0.170984 0.871293 -0.438799
v 0.142409 0.871293 -0.431142
v 0.121491 0.871293 -0.410224
v 0.214844 0.774159 -0.406971
v 0.196307 0.774159 -0.425508
v 0.170984 0.774159 -0.432294
v 0.145662 0.774159 -0.425508
v 0.127125 0.774159 -0.406971
v 0.170984 0.871293 -0.389925
v 0.165332 0.774159 -0.387301
v 0.165332 0.871293 -0.387301
v 0.170984 0.774159 -0.389925
v 0.176637 0.871293 -0.387301
v 0.176637 0.774159 -0.387301
v 0.315865 0.161752 -0.059233
v 0.315865 0.169533 -0.059233
v 0.315865 0.161752 -0.040682
v 0.315865 0.169533 -0.040682
v 0.297659 0.162169 -0.058240
v 0.297659 0.169117 -0.058240
v 0.297659 0.169117 -0.041674
v 0.297659 0.162169 -0.041674
v -0.118006 0.768333 0.370594
v -0.129194 0.768333 0.359522
v 0.102506 0.768333 0.359522
v 0.091319 0.768333 0.370594
v 0.091318 0.768333 0.040394
v 0.102506 0.768333 0.051465
v -0.118006 0.768333 0.040394
v -0.129194 0.768333 0.051465
v -0.125567 0.749807 0.056288
v -0.114729 0.749807 0.045563
v 0.088042 0.749807 0.045563
v 0.098879 0.749807 0.056288
v -0.114729 0.749807 0.365425
v -0.125567 0.749807 0.354700
v 0.098879 0.749807 0.354700
v 0.088042 0.749807 0.365425
v 0.102506 0.752788 0.359522
v -0.129194 0.752788 0.051465
v 0.091318 0.752788 0.040394
v -0.118006 0.752788 0.370594
v -0.118006 0.752788 0.040394
v 0.102506 0.752788 0.051465
v 0.091319 0.752788 0.370594
v -0.129194 0.752788 0.359522
v 0.086797 0.763732 0.040994
v 0.086797 0.757389 0.040994
v 0.070478 0.763732 0.040994
v 0.070478 0.757389 0.040994
v 0.086797 0.757389 0.032891
v 0.086797 0.763732 0.032891
v 0.070478 0.763732 0.032891
v 0.070478 0.757389 0.032891
v 0.315864 0.181084 -0.060126
v 0.315864 0.219691 -0.060126
v 0.315864 0.181084 -0.039788
v 0.315864 0.219691 -0.039788
v 0.277100 0.181084 -0.060126
v 0.277100 0.219691 -0.060126
v 0.277100 0.219691 -0.039788
v 0.277100 0.181084 -0.039788
v 0.193015 0.750218 0.555129
v 0.193015 0.777207 0.555129
v 0.088983 0.750218 0.482284
v 0.088983 0.777207 0.482284
v 0.302281 0.750218 0.399080
v 0.302281 0.777207 0.399080
v 0.198249 0.750218 0.326236
v 0.198249 0.777207 0.326236
v -0.051058 0.749954 0.476310
v 0.008903 0.749954 0.476310
v -0.051058 0.769884 0.476310
v 0.008903 0.769884 0.476310
v -0.062732 0.774212 0.453394
v 0.020578 0.774212 0.453393
v -0.062732 0.749954 0.453394
v 0.020578 0.749954 0.453393
v -0.060776 0.772949 0.467107
v 0.018621 0.749954 0.467107
v 0.018621 0.772949 0.467107
v -0.060776 0.749954 0.467107
v -0.059475 0.757756 0.482744
v 0.017320 0.757756 0.482744
v 0.032273 0.757756 0.453394
v -0.074427 0.757756 0.453394
v -0.072024 0.757756 0.470957
v 0.029869 0.757756 0.470957
v -0.051058 0.749954 0.430477
v 0.008903 0.749954 0.430477
v -0.051058 0.769884 0.430477
v 0.008903 0.769884 0.430477
v -0.060776 0.772949 0.439680
v 0.018621 0.749954 0.439680
v 0.018621 0.772949 0.439680
v -0.060776 0.749954 0.439680
v -0.059475 0.757756 0.424043
v 0.017320 0.757756 0.424043
v -0.072024 0.757756 0.435830
v 0.029869 0.757756 0.435830
v 0.315865 0.144889 -0.072847
v 0.315865 0.230093 -0.072847
v 0.319649 0.140287 -0.076877
v 0.319649 0.234694 -0.076877
v 0.315865 0.144889 -0.027067
v 0.315865 0.230093 -0.027067
v 0.319649 0.140287 -0.023037
v 0.319649 0.234694 -0.023037
v 0.121712 0.987953 0.370594
v 0.122687 0.999099 0.359522
v 0.102493 0.768280 0.359522
v 0.103468 0.779426 0.370594
v 0.103468 0.779426 0.040394
v 0.102493 0.768280 0.051465
v 0.121712 0.987953 0.040394
v 0.122687 0.999099 0.051465
v 0.130056 0.981508 0.047705
v 0.130978 0.992047 0.058286
v 0.111882 0.773785 0.058286
v 0.112804 0.784324 0.047705
v 0.130978 0.992047 0.352701
v 0.130056 0.981508 0.363283
v 0.112804 0.784324 0.363283
v 0.111882 0.773785 0.352701
v 0.253196 1.121221 -0.063504
v 0.257858 1.176392 -0.064753
v 0.221994 1.121221 -0.179953
v 0.226656 1.176392 -0.181202
v 0.190791 1.121221 -0.296402
v 0.195453 1.176392 -0.297652
vn -0.0000 -0.0000 -1.0000
vn -0.0000 -0.0000 1.0000
vn 0.0810 0.7053 -0.7042
vn 0.2893 0.6969 -0.6562
vn 0.2954 0.6966 -0.6539
vn 0.0786 0.7054 -0.7044
vn -0.0163 0.7058 -0.7083
vn 0.0436 -0.7080 -0.7049
vn 0.1594 -0.7114 -0.6845
vn 0.1581 -0.7113 -0.6849
vn 0.0466 -0.7080 -0.7047
vn -0.0786 -0.7054 0.7044
vn -0.2955 -0.6965 0.6539
vn -0.2893 -0.6969 0.6562
vn -0.0809 -0.7053 0.7042
vn 0.4227 0.6910 -0.5864
vn 0.4230 0.6911 -0.5860
vn 0.1017 -0.7032 -0.7037
vn 0.1069 -0.7040 -0.7021
vn -0.0466 0.7079 0.7048
vn -0.1580 0.7112 0.6850
vn -0.1593 0.7113 0.6846
vn -0.0437 0.7079 0.7049
vn -0.4191 -0.6927 0.5869
vn -0.4190 -0.6926 0.5871
vn -0.1020 0.7019 0.7049
vn 0.2462 0.4652 0.8503
vn 0.2420 0.4696 0.8490
vn -0.0972 0.7011 0.7064
vn -0.6862 -0.4894 0.5382
vn -0.6982 -0.4760 0.5348
vn -0.2396 -0.4699 -0.8496
vn -0.2435 -0.4658 -0.8507
vn 0.0163 -0.7058 0.7082
vn 0.6983 0.4776 -0.5332
vn 0.6869 0.4903 -0.5364
vn -0.0270 -0.7063 -0.7074
vn 0.8806 0.1356 -0.4540
vn 0.8806 0.1359 -0.4540
vn 0.4580 0.1394 0.8779
vn 0.4580 0.1393 0.8780
vn -0.8818 -0.1313 0.4531
vn -0.8817 -0.1315 0.4531
vn -0.4593 -0.1359 -0.8778
vn -0.4593 -0.1358 -0.8778
vn 0.8890 0.0203 -0.4575
vn 0.8890 0.0201 -0.4575
vn 0.4565 0.0612 0.8876
vn 0.4565 0.0614 0.8876
vn -0.8890 -0.0200 0.4575
vn -0.8890 -0.0202 0.4575
vn -0.4565 -0.0614 -0.8876
vn -0.4565 -0.0611 -0.8876
vn 0.4567 0.0458 0.8884
vn 0.4567 0.0459 0.8884
vn -0.8897 0.0221 0.4560
vn -0.8897 0.0222 0.4560
vn -0.4567 -0.0459 -0.8884
vn -0.4567 -0.0458 -0.8884
vn 0.8897 -0.0222 -0.4560
vn 0.8897 -0.0221 -0.4560
vn 0.4568 0.0768 0.8863
vn -0.8894 0.0463 0.4548
vn -0.8894 0.0465 0.4548
vn -0.4568 -0.0768 -0.8863
vn 0.8894 -0.0465 -0.4547
vn 0.8894 -0.0463 -0.4547
vn 0.4572 0.1595 0.8749
vn 0.4572 0.1598 0.8749
vn -0.8895 0.0809 0.4497
vn -0.8895 0.0805 0.4498
vn -0.4572 -0.1598 -0.8749
vn -0.4572 -0.1595 -0.8749
vn 0.4565 0.2554 0.8523
vn 0.4565 0.2553 0.8523
vn 0.8895 -0.0805 -0.4498
vn 0.8895 -0.0809 -0.4498
vn -0.8897 0.1238 0.4395
vn -0.8897 0.1239 0.4395
vn -0.4565 -0.2553 -0.8523
vn -0.4565 -0.2554 -0.8523
vn 0.4556 0.3564 0.8157
vn 0.4556 0.3561 0.8158
vn 0.8896 -0.1239 -0.4395
vn 0.8896 -0.1238 -0.4396
vn -0.8900 0.1747 0.4212
vn -0.8900 0.1750 0.4211
vn -0.4556 -0.3561 -0.8158
vn -0.4556 -0.3564 -0.8157
vn 0.4541 0.5026 0.7356
vn 0.4541 0.5019 0.7361
vn 0.8900 -0.1750 -0.4211
vn 0.8900 -0.1747 -0.4212
vn -0.8905 0.2493 0.3806
vn -0.8905 0.2500 0.3801
vn -0.4541 -0.5020 -0.7361
vn -0.4541 -0.5027 -0.7356
vn 0.4524 0.7010 0.5513
vn 0.4524 0.6998 0.5528
vn 0.8905 -0.2500 -0.3801
vn 0.8905 -0.2493 -0.3806
vn -0.8916 0.3509 0.2863
vn -0.8915 0.3522 0.2848
vn -0.4524 -0.6999 -0.5527
vn -0.4524 -0.7011 -0.5512
vn 0.8915 -0.3523 -0.2848
vn 0.8915 -0.3510 -0.2863
vn 0.4901 0.8211 -0.2924
vn 0.5649 0.6442 -0.5156
vn 0.5671 0.6397 -0.5188
vn 0.4882 0.8261 -0.2813
vn -0.8920 0.4323 0.1319
vn -0.8919 0.4308 0.1374
vn 0.8919 -0.4308 -0.1373
vn 0.8920 -0.4324 -0.1318
vn -0.4511 -0.8552 -0.2553
vn -0.4510 -0.8536 -0.2606
vn 0.8895 -0.4534 0.0569
vn 0.4510 0.8536 0.2607
vn 0.4552 0.8902 -0.0192
vn 0.4552 0.8902 -0.0193
vn 0.4511 0.8552 0.2553
vn -0.8895 0.4534 -0.0566
vn -0.4552 -0.8902 0.0193
vn 0.8534 -0.3740 0.3631
vn 0.8561 -0.3790 0.3515
vn -0.8561 0.3789 -0.3515
vn -0.8534 0.3738 -0.3633
vn -0.4882 -0.8262 0.2812
vn -0.4901 -0.8212 0.2922
vn 0.6447 0.4466 -0.6203
vn 0.6454 0.4447 -0.6210
vn 0.7609 -0.1767 0.6243
vn 0.7599 -0.1741 0.6262
vn -0.7598 0.1738 -0.6265
vn -0.6993 0.0201 -0.7145
vn -0.6994 0.0203 -0.7145
vn -0.7607 0.1764 -0.6246
vn -0.5670 -0.6399 0.5187
vn -0.6454 -0.4447 0.6210
vn -0.6447 -0.4467 0.6203
vn -0.5648 -0.6444 0.5154
vn 0.6975 0.2672 -0.6649
vn 0.6981 0.2646 -0.6653
vn 0.6994 -0.0204 0.7144
vn 0.6993 -0.0201 0.7145
vn -0.6948 0.0115 -0.7191
vn -0.6949 0.0118 -0.7191
vn -0.6981 -0.2644 0.6653
vn -0.6975 -0.2670 0.6649
vn 0.7120 0.0357 -0.7013
vn 0.7123 0.0394 -0.7008
vn 0.6948 -0.0116 0.7191
vn 0.6948 -0.0113 0.7191
vn -0.6979 0.1563 -0.6989
vn -0.6983 0.1515 -0.6996
vn -0.7122 -0.0389 0.7009
vn -0.7119 -0.0352 0.7014
vn 0.6984 -0.1508 0.6996
vn 0.6980 -0.1557 0.6989
vn 0.6176 -0.4202 0.6649
vn 0.6175 -0.4202 0.6649
vn 0.6320 -0.2368 -0.7379
vn 0.6320 -0.2367 -0.7379
vn -0.6170 0.4211 -0.6648
vn -0.6170 0.4212 -0.6648
vn -0.6317 0.2374 0.7380
vn -0.6317 0.2373 0.7380
vn 0.3501 -0.7013 0.6209
vn 0.4002 -0.4801 -0.7806
vn 0.4002 -0.4800 -0.7806
vn -0.3501 0.7015 -0.6207
vn -0.4003 0.4801 0.7805
vn -0.4004 0.4801 0.7805
vn 0.1511 -0.8011 0.5792
vn 0.2343 -0.5689 -0.7883
vn -0.1519 0.8009 -0.5793
vn -0.2349 0.5687 0.7883
vn 0.0270 0.7062 0.7075
vn 0.5671 -0.6221 0.5398
vn 0.5682 -0.6225 0.5382
vn 0.6438 -0.6461 0.4100
vn -0.5683 0.6225 -0.5381
vn -0.5672 0.6221 -0.5397
vn -0.6438 0.6461 -0.4099
vn -0.6157 -0.7564 -0.2211
vn -0.6182 -0.7553 -0.2174
vn -0.6850 -0.7198 -0.1126
vn 0.4497 0.8040 0.3891
vn 0.4493 0.8041 0.3894
vn 0.6157 0.7564 0.2209
vn 0.6183 0.7553 0.2172
vn 0.3981 -0.5707 0.7182
vn -0.4494 -0.8040 -0.3893
vn -0.4499 -0.8039 -0.3890
vn 0.2714 0.8316 0.4846
vn 0.2710 0.8316 0.4847
vn -0.3983 0.5707 -0.7181
vn 0.2467 -0.5464 0.8004
vn 0.2469 -0.5464 0.8003
vn -0.2711 -0.8316 -0.4847
vn -0.2716 -0.8316 -0.4845
vn 0.1247 0.8417 0.5253
vn 0.1231 0.8418 0.5256
vn -0.2470 0.5464 -0.8002
vn -0.2468 0.5464 -0.8003
vn 0.1489 -0.5382 0.8296
vn 0.1491 -0.5382 0.8296
vn -0.1232 -0.8418 -0.5255
vn -0.1248 -0.8417 -0.5253
vn -0.1491 0.5382 -0.8295
vn -0.1489 0.5382 -0.8296
vn 0.6852 0.7197 0.1121
vn 0.1119 -0.5308 0.8400
vn 0.1117 -0.5306 0.8402
vn -0.1062 -0.8420 -0.5289
vn -0.1090 -0.8419 -0.5285
vn -0.1113 0.5305 -0.8403
vn -0.1116 0.5308 -0.8401
vn 0.1100 0.8419 0.5283
vn 0.1071 0.8420 0.5287
vn 0.2838 0.8422 0.4585
vn 0.2604 0.8430 0.4707
vn 0.0968 -0.5179 0.8499
vn 0.0955 -0.5169 0.8507
vn -0.0949 0.5166 -0.8509
vn -0.0960 0.5176 -0.8502
vn -0.2425 -0.8461 -0.4746
vn -0.2625 -0.8464 -0.4633
vn 0.0882 0.2812 -0.9556
vn 0.0746 0.3003 -0.9509
vn 0.7700 0.5596 0.3064
vn 0.7246 0.6078 0.3247
vn -0.0764 -0.2955 0.9523
vn -0.0916 -0.2739 0.9574
vn -0.7124 -0.6167 -0.3349
vn -0.7646 -0.5628 -0.3142
vn 0.2379 -0.0464 -0.9702
vn 0.2378 -0.0477 -0.9701
vn 0.9714 0.1374 0.1939
vn 0.9714 0.1362 0.1943
vn -0.2401 0.0545 0.9692
vn -0.2403 0.0524 0.9693
vn -0.9726 -0.1291 -0.1932
vn -0.9726 -0.1297 -0.1929
vn 0.9721 0.0333 0.2321
vn 0.9721 0.0332 0.2321
vn 0.9726 0.0519 0.2264
vn 0.9727 0.0523 0.2263
vn 0.2336 -0.1808 -0.9554
vn 0.2336 -0.1809 -0.9554
vn -0.2337 0.2149 0.9482
vn -0.2336 0.1808 0.9554
vn -0.2336 0.1809 0.9554
vn -0.9721 -0.0333 -0.2321
vn -0.9727 -0.0522 -0.2263
vn -0.9726 -0.0519 -0.2265
vn 0.2337 -0.2149 -0.9482
vn 0.2343 -0.1947 -0.9525
vn 0.2343 -0.1946 -0.9525
vn -0.2343 0.1946 0.9525
vn -0.2343 0.1947 0.9525
vn -0.9715 -0.0111 -0.2369
vn -0.9715 -0.0112 -0.2369
vn 0.9699 -0.0216 0.2427
vn 0.9699 -0.0208 0.2425
vn 0.9715 0.0111 0.2369
vn 0.9715 0.0112 0.2369
vn -0.2343 0.1643 0.9582
vn -0.2343 0.1642 0.9582
vn 0.2343 -0.1643 -0.9582
vn 0.2343 -0.1644 -0.9582
vn -0.9699 0.0208 -0.2425
vn -0.9699 0.0216 -0.2426
vn 0.9660 -0.0769 0.2470
vn 0.9660 -0.0768 0.2470
vn 0.9676 -0.0564 0.2461
vn 0.9675 -0.0583 0.2462
vn 0.2366 -0.1202 -0.9642
vn 0.2365 -0.1215 -0.9640
vn -0.2443 0.0377 0.9690
vn -0.2444 0.0370 0.9690
vn -0.2366 0.1201 0.9642
vn -0.2365 0.1214 0.9640
vn -0.9660 0.0768 -0.2470
vn -0.9660 0.0769 -0.2470
vn -0.9675 0.0583 -0.2462
vn -0.9676 0.0564 -0.2461
vn 0.2444 -0.0371 -0.9690
vn 0.2443 -0.0378 -0.9690
vn -0.2553 -0.1069 0.9609
vn -0.2553 -0.1078 0.9608
vn 0.2553 0.1074 -0.9609
vn 0.2552 0.1065 -0.9610
vn -0.9657 0.0755 -0.2485
vn -0.9657 0.0754 -0.2486
vn 0.9657 -0.0754 0.2486
vn 0.9657 -0.0755 0.2486
vn -0.2591 -0.3763 0.8896
vn -0.2590 -0.3770 0.8892
vn 0.2591 0.3759 -0.8897
vn 0.2591 0.3751 -0.8900
vn -0.9655 0.0718 -0.2502
vn -0.9655 0.0718 -0.2503
vn 0.2214 0.7329 -0.6433
vn 0.9655 -0.0718 0.2503
vn 0.9646 -0.0675 0.2550
vn 0.9655 -0.0718 0.2502
vn -0.2211 -0.7342 0.6419
vn -0.9646 0.0675 -0.2550
vn 0.1029 0.9848 -0.1398
vn 0.1029 0.9848 -0.1400
vn 0.9616 -0.0667 0.2662
vn -0.1029 -0.9847 0.1403
vn -0.1030 -0.9847 0.1404
vn -0.9616 0.0668 -0.2663
vn -0.0314 0.8914 0.4520
vn -0.0445 0.8506 0.5239
vn 0.9970 0.0331 0.0695
vn 0.9982 0.0545 0.0265
vn 0.0443 -0.8525 -0.5209
vn 0.0312 -0.8927 -0.4495
vn -0.9981 -0.0558 -0.0250
vn -0.9971 -0.0340 -0.0687
vn 0.9601 0.2110 -0.1838
vn 0.9610 0.2062 -0.1842
vn 0.0227 -0.5559 -0.8309
vn 0.0135 -0.5415 -0.8406
vn -0.0135 0.5401 0.8415
vn -0.0225 0.5541 0.8322
vn -0.9605 -0.2073 0.1855
vn -0.9596 -0.2119 0.1849
vn -0.1190 -0.1726 -0.9778
vn -0.1095 -0.1469 -0.9831
vn 0.9345 0.2960 -0.1976
vn 0.9337 0.2947 -0.2033
vn 0.9337 0.2948 -0.2034
vn 0.9346 0.2959 -0.1975
vn 0.0722 0.3926 0.9169
vn 0.0709 0.3954 0.9158
vn -0.0709 -0.3954 -0.9158
vn -0.1011 -0.3277 -0.9393
vn -0.1013 -0.3273 -0.9395
vn -0.0722 -0.3926 -0.9169
vn -0.9346 -0.2958 0.1975
vn -0.9337 -0.2948 0.2033
vn -0.9337 -0.2947 0.2033
vn -0.9346 -0.2959 0.1975
vn 0.9715 0.1663 -0.1688
vn 0.9715 0.1664 -0.1688
vn 0.1013 0.3273 0.9395
vn 0.1011 0.3277 0.9393
vn -0.1195 -0.2703 -0.9553
vn -0.1196 -0.2698 -0.9555
vn -0.9715 -0.1663 0.1688
vn -0.9715 -0.1662 0.1688
vn 0.9920 -0.0186 -0.1247
vn 0.9920 -0.0180 -0.1248
vn 0.1196 0.2698 0.9555
vn 0.1195 0.2703 0.9553
vn -0.1257 -0.2230 -0.9667
vn -0.1257 -0.2235 -0.9666
vn -0.9920 0.0180 0.1248
vn -0.9920 0.0186 0.1247
vn 0.9813 -0.1700 -0.0908
vn 0.1257 0.2235 0.9666
vn 0.1257 0.2230 0.9667
vn -0.1238 -0.1942 -0.9731
vn -0.9813 0.1700 0.0908
vn 0.9552 -0.2885 -0.0653
vn 0.1238 0.1942 0.9731
vn -0.9552 0.2886 0.0653
vn -0.9552 0.2885 0.0653
vn 0.9068 -0.4199 -0.0381
vn 0.9067 -0.4200 -0.0381
vn 0.1190 0.1726 0.9778
vn -0.9067 0.4201 0.0381
vn -0.9067 0.4200 0.0381
vn 0.8172 -0.5763 -0.0080
vn 0.8171 -0.5765 -0.0080
vn 0.1095 0.1469 0.9831
vn -0.0905 -0.1136 -0.9894
vn -0.0904 -0.1134 -0.9894
vn -0.8168 0.5769 0.0079
vn -0.8169 0.5767 0.0079
vn 0.0904 0.1134 0.9894
vn 0.0905 0.1136 0.9894
vn -0.0458 -0.0652 -0.9968
vn -0.0449 -0.0644 -0.9969
vn 0.6248 -0.7804 0.0251
vn 0.4760 -0.8784 0.0414
vn 0.6239 -0.7811 0.0252
vn 0.0451 0.0644 0.9969
vn 0.0459 0.0652 0.9968
vn -0.0127 -0.0351 -0.9993
vn -0.6213 0.7832 -0.0253
vn -0.4712 0.8811 -0.0415
vn -0.6224 0.7823 -0.0251
vn 0.0131 0.0352 0.9993
vn 0.8365 0.5000 -0.2241
vn -0.0000 -1.0000 -0.0000
vn 0.2588 -0.0000 0.9659
vn -0.8365 0.5000 0.2241
vn 0.9623 -0.0872 -0.2578
vn -0.0842 -0.9962 0.0226
vn 0.0842 0.9962 -0.0226
vn 0.9659 -0.0000 -0.2588
vn -0.0000 1.0000 -0.0000
vn -0.2588 -0.0000 -0.9659
vn -0.9623 0.0872 0.2578
vn -0.9659 -0.0000 0.2588
vn -1.0000 -0.0000 -0.0000
vn -0.9994 0.0356 -0.0000
vn -0.9998 0.0178 -0.0000
vn -0.9926 -0.0036 -0.1214
vn -0.9980 -0.0016 -0.0639
vn -0.9983 -0.0013 -0.0575
vn -1.0000 0.0007 -0.0000
vn -0.0034 0.0690 0.9976
vn -0.0273 0.0631 0.9976
vn -0.0225 0.0643 0.9977
vn -0.2742 -0.9528 0.1307
vn -0.2966 -0.9348 0.1952
vn -0.0058 -0.9862 0.1652
vn -0.0032 -0.9935 0.1141
vn -0.2806 -0.9598 -0.0000
vn -0.0004 -1.0000 -0.0000
vn -0.5421 -0.8403 -0.0000
vn -0.5338 -0.8342 0.1384
vn -0.5243 -0.8259 0.2073
vn -0.0456 0.0585 0.9972
vn 0.9824 -0.1868 -0.0000
vn 0.9793 -0.1892 -0.0718
vn 0.9797 -0.1890 -0.0671
vn 0.9742 -0.1909 -0.1203
vn 0.2726 0.9532 -0.1307
vn 0.0037 0.9935 -0.1140
vn 0.0063 0.9863 -0.1650
vn 0.2952 0.9353 -0.1952
vn 0.2791 0.9603 -0.0000
vn 0.0009 1.0000 -0.0000
vn 0.5390 0.8423 -0.0000
vn 0.5309 0.8360 -0.1385
vn 0.5216 0.8275 -0.2075
vn 0.9573 0.2165 -0.1916
vn 0.9596 0.2165 -0.1799
vn 0.9458 0.2162 -0.2422
vn -0.9573 -0.2165 0.1916
vn -0.9458 -0.2162 0.2422
vn -0.9596 -0.2165 0.1799
vn -0.2058 0.9191 0.3360
vn -0.2101 0.9384 0.2743
vn -0.1041 0.4650 0.8792
vn -0.0931 0.4159 0.9046
vn 0.2185 -0.9758 0.0064
vn 0.2185 -0.9758 0.0059
vn 0.2185 -0.9758 -0.0000
vn 0.2184 -0.9756 0.0224
vn 0.2185 -0.9757 0.0153
vn 0.2185 -0.9757 0.0170
vn -0.2185 0.9758 -0.0064
vn -0.2185 0.9758 -0.0059
vn -0.9706 -0.2173 0.1033
vn -0.9706 -0.2173 0.1036
vn 0.9706 0.2173 -0.1033
vn 0.9706 0.2173 -0.1036
vn 0.0597 0.0286 0.9978
vn 0.9562 0.0637 0.2856
vn 0.9208 0.2095 0.3290
vn -0.0832 -0.0189 0.9964
vn 0.6199 0.0255 -0.7842
vn 0.5239 0.1192 -0.8434
vn -0.5410 -0.0517 -0.8394
vn -0.6308 -0.1435 -0.7626
vn -0.9455 -0.0570 0.3206
vn -0.9359 -0.2129 0.2805
vn -0.9448 0.1038 0.3106
vn -0.0350 0.0450 0.9984
vn -0.6176 0.0267 -0.7860
vn 0.5685 -0.0888 -0.8179
vn 0.9396 -0.0765 0.3336
vn 0.0241 0.0556 0.9982
vn 0.9445 0.0801 0.3185
vn 0.9517 0.0794 0.2966
vn -0.0256 0.0523 0.9983
vn 0.6134 -0.0019 -0.7898
vn 0.5617 -0.0074 -0.8273
vn -0.5788 -0.0825 -0.8113
vn -0.5921 -0.0828 -0.8016
vn -0.9412 -0.0446 0.3348
vn -0.9577 -0.0484 0.2837
vn 0.9758 0.2185 -0.0000
vn -0.9758 -0.2185 -0.0000
vn -0.2185 0.9758 -0.0000
vn -0.9926 -0.0036 0.1214
vn -0.9983 -0.0013 0.0575
vn -0.9980 -0.0016 0.0639
vn -0.0034 0.0690 -0.9976
vn -0.0225 0.0643 -0.9977
vn -0.0273 0.0631 -0.9976
vn -0.2742 -0.9528 -0.1307
vn -0.0032 -0.9935 -0.1141
vn -0.0058 -0.9862 -0.1652
vn -0.2966 -0.9348 -0.1952
vn -0.5338 -0.8342 -0.1384
vn -0.5243 -0.8259 -0.2073
vn -0.0456 0.0585 -0.9972
vn 0.9797 -0.1890 0.0671
vn 0.9793 -0.1892 0.0718
vn 0.9742 -0.1909 0.1203
vn 0.2726 0.9532 0.1307
vn 0.2952 0.9353 0.1952
vn 0.0063 0.9863 0.1650
vn 0.0037 0.9935 0.1140
vn 0.5309 0.8360 0.1385
vn 0.5216 0.8275 0.2075
vn 0.9573 0.2165 0.1916
vn 0.9458 0.2162 0.2422
vn 0.9596 0.2165 0.1799
vn -0.9573 -0.2165 -0.1916
vn -0.9596 -0.2165 -0.1799
vn -0.9458 -0.2162 -0.2422
vn -0.2058 0.9191 -0.3360
vn -0.0931 0.4159 -0.9046
vn -0.1041 0.4650 -0.8792
vn -0.2101 0.9384 -0.2743
vn 0.2185 -0.9758 -0.0064
vn 0.2185 -0.9758 -0.0059
vn 0.2184 -0.9756 -0.0224
vn 0.2185 -0.9757 -0.0170
vn 0.2185 -0.9757 -0.0153
vn -0.2185 0.9758 0.0064
vn -0.2185 0.9758 0.0059
vn -0.9706 -0.2173 -0.1033
vn -0.9706 -0.2173 -0.1036
vn 0.9706 0.2173 0.1033
vn 0.9706 0.2173 0.1036
vn 0.0597 0.0286 -0.9978
vn -0.0832 -0.0189 -0.9964
vn 0.9208 0.2095 -0.3290
vn 0.9562 0.0637 -0.2856
vn 0.5239 0.1192 0.8434
vn 0.6199 0.0255 0.7842
vn -0.6308 -0.1435 0.7626
vn -0.5410 -0.0517 0.8394
vn -0.9359 -0.2129 -0.2805
vn -0.9455 -0.0570 -0.3206
vn -0.9448 0.1038 -0.3106
vn -0.0350 0.0450 -0.9984
vn -0.6176 0.0267 0.7860
vn 0.5685 -0.0888 0.8179
vn 0.9396 -0.0765 -0.3336
vn 0.0241 0.0556 -0.9982
vn -0.0256 0.0523 -0.9983
vn 0.9517 0.0794 -0.2966
vn 0.9445 0.0801 -0.3185
vn 0.5617 -0.0074 0.8273
vn 0.6134 -0.0019 0.7898
vn -0.5921 -0.0828 0.8016
vn -0.5788 -0.0825 0.8113
vn -0.9577 -0.0484 -0.2837
vn -0.9412 -0.0446 -0.3348
vn 0.8660 -0.0000 -0.5000
vn 0.8660 -0.0000 0.5000
vn -0.8660 -0.0000 0.5000
vn -0.8660 -0.0000 -0.5000
vn -0.2549 0.1742 -0.9512
vn -0.0053 0.1687 -0.9857
vn 0.9651 -0.0425 -0.2586
vn 0.4883 0.1687 0.8562
vn 0.2549 0.1742 0.9512
vn 0.0053 0.1687 0.9857
vn -0.9651 -0.0425 0.2586
vn -0.4883 0.1687 -0.8562
vn -0.9659 -0.0000 -0.2588
vn -0.7071 -0.0000 0.7071
vn 0.9659 -0.0000 0.2588
vn 0.7071 -0.0000 -0.7071
vn 0.6963 0.1742 -0.6963
vn 0.8510 0.1687 -0.4974
vn 0.7065 -0.0425 0.7065
vn -0.4974 0.1687 0.8510
vn -0.6963 0.1742 0.6963
vn -0.8510 0.1687 0.4974
vn -0.7065 -0.0425 -0.7065
vn 0.4974 0.1687 -0.8510
vn 1.0000 -0.0000 -0.0000
vn -0.1559 0.9878 -0.0000
vn 0.1558 0.9878 -0.0000
vn -0.4661 -0.8848 -0.0000
vn 0.4661 -0.8848 -0.0000
vn 0.4660 -0.8848 -0.0000
vn -0.9552 -0.2961 -0.0000
vn 0.9552 -0.2961 -0.0000
vn 0.5000 -0.0000 0.8660
vn -0.5000 -0.0000 0.8660
vn 0.7071 -0.0000 0.7071
vn 0.5000 -0.0000 -0.8660
vn -0.5000 -0.0000 -0.8660
vn -0.7071 -0.0000 -0.7071
vn -0.0544 -0.0000 -0.9985
vn -0.0229 0.9997 -0.0000
vn -0.0544 -0.0000 0.9985
vn -0.0229 -0.9997 -0.0000
vn 0.8095 -0.4622 -0.3620
vn 0.5268 -0.8409 -0.1236
vn 0.1467 -0.8943 -0.4228
vn 0.3403 -0.4779 -0.8098
vn 0.3403 -0.4779 0.8098
vn 0.1467 -0.8943 0.4228
vn 0.5268 -0.8409 0.1236
vn 0.8095 -0.4622 0.3620
vn -0.8095 -0.4622 0.3620
vn -0.5268 -0.8409 0.1236
vn -0.1467 -0.8943 0.4228
vn -0.3403 -0.4779 0.8098
vn -0.8095 -0.4622 -0.3620
vn -0.9229 -0.0000 -0.3851
vn -0.3803 -0.0000 -0.9249
vn -0.3403 -0.4779 -0.8098
vn 0.9229 -0.0000 -0.3851
vn 0.9229 -0.0000 0.3851
vn 0.3803 -0.0000 -0.9249
vn 0.3803 -0.0000 0.9249
vn -0.3803 -0.0000 0.9249
vn -0.9229 -0.0000 0.3851
vn -0.5269 -0.8409 -0.1236
vn -0.1467 -0.8943 -0.4228
vn -0.5736 -0.0000 0.8192
vn -0.8192 -0.0000 -0.5736
vn 0.5736 -0.0000 -0.8192
vn 0.8192 -0.0000 0.5736
vn -0.3272 0.5722 0.7520
vn 0.3272 0.5722 0.7520
vn 0.1469 0.7484 0.6468
vn -0.1469 0.7484 0.6468
vn 0.4965 -0.8332 0.2435
vn 0.2802 -0.7731 0.5690
vn 0.1655 -0.7281 0.6652
vn 0.4850 -0.8310 0.2724
vn -0.4965 -0.8332 0.2435
vn -0.5535 -0.8329 -0.0000
vn -0.4850 -0.8310 0.2724
vn -0.4234 0.8482 0.3181
vn 0.4234 0.8482 0.3181
vn 0.4694 0.8830 -0.0000
vn -0.4694 0.8830 -0.0000
vn -0.2802 -0.7731 0.5690
vn -0.1655 -0.7281 0.6652
vn 0.5535 -0.8329 -0.0000
vn 0.6869 0.6202 0.3787
vn 0.8017 0.5977 -0.0000
vn -0.6869 0.6202 0.3787
vn -0.8017 0.5977 -0.0000
vn -0.3272 0.5722 -0.7520
vn -0.1469 0.7484 -0.6468
vn 0.1469 0.7484 -0.6468
vn 0.3272 0.5722 -0.7520
vn 0.4965 -0.8332 -0.2435
vn 0.4850 -0.8310 -0.2724
vn 0.1655 -0.7281 -0.6652
vn 0.2802 -0.7731 -0.5690
vn -0.4965 -0.8332 -0.2435
vn -0.4850 -0.8310 -0.2724
vn -0.4234 0.8482 -0.3181
vn 0.4234 0.8482 -0.3181
vn -0.2802 -0.7731 -0.5690
vn -0.1655 -0.7281 -0.6652
vn 0.6869 0.6202 -0.3787
vn -0.6869 0.6202 -0.3787
vn -0.9208 -0.2588 -0.2917
vn -0.9208 0.2588 -0.2917
vn -0.8501 0.3784 -0.3663
vn -0.8501 -0.3784 -0.3663
vn -0.8501 -0.3784 0.3663
vn -0.8501 0.3784 0.3663
vn -0.9208 0.2588 0.2917
vn -0.9208 -0.2588 0.2917
vn 0.7507 0.5808 0.3147
vn 0.9119 0.3854 0.1409
vn 0.9119 0.3854 -0.1409
vn 0.7507 0.5808 -0.3147
vn 0.6856 -0.3524 0.6370
vn 0.8711 -0.2253 0.4364
vn 0.8970 0.0706 0.4364
vn 0.7363 0.2280 0.6371
vn 0.8312 -0.5379 -0.1409
vn 0.8711 -0.2253 -0.4364
vn 0.8970 0.0706 -0.4364
vn 0.7363 0.2280 -0.6370
vn 0.6856 -0.3524 -0.6370
vn 0.6385 -0.7024 -0.3147
vn 0.8312 -0.5379 0.1409
vn 0.6385 -0.7024 0.3147
vn -0.9962 0.0872 -0.0000
vt 0.310035 0.651124
vt 0.004068 0.651124
vt 0.003912 0.486639
vt 0.309879 0.486639
vt 0.008034 0.317870
vt 0.003906 0.317949
vt 0.009247 0.315256
vt 0.008552 0.471937
vt 0.004424 0.471867
vt 0.242402 0.471702
vt 0.330692 0.474227
vt 0.009783 0.474549
vt 0.241885 0.317636
vt 0.330157 0.314934
vt 0.497511 0.938490
vt 0.497418 0.953117
vt 0.497012 0.953155
vt 0.497106 0.938425
vt 0.500008 0.928479
vt 0.499617 0.928357
vt 0.903057 0.127221
vt 0.903163 0.141933
vt 0.902745 0.141851
vt 0.902638 0.127300
vt 0.902346 0.141803
vt 0.902240 0.127355
vt 0.555563 0.005193
vt 0.563760 0.008074
vt 0.563522 0.008407
vt 0.555368 0.005545
vt 0.900954 0.151264
vt 0.900555 0.151093
vt 0.497925 0.938559
vt 0.497830 0.953024
vt 0.066882 0.982147
vt 0.066882 0.990862
vt 0.066431 0.991069
vt 0.066427 0.982306
vt 0.500026 0.962299
vt 0.500404 0.965729
vt 0.500022 0.966056
vt 0.499633 0.962480
vt 0.900190 0.154287
vt 0.899751 0.154547
vt 0.900144 0.151095
vt 0.900577 0.154606
vt 0.900135 0.117322
vt 0.899751 0.117434
vt 0.566595 0.009765
vt 0.566166 0.009932
vt 0.900537 0.117175
vt 0.566925 0.013276
vt 0.566448 0.013260
vt 0.392950 0.690091
vt 0.395907 0.690957
vt 0.395779 0.691432
vt 0.392640 0.690491
vt 0.005777 0.663509
vt 0.008712 0.663469
vt 0.008761 0.663961
vt 0.005652 0.663974
vt 0.677979 0.285247
vt 0.678857 0.288237
vt 0.678382 0.288364
vt 0.677580 0.285557
vt 0.566171 0.021471
vt 0.565696 0.021418
vt 0.403578 0.692149
vt 0.403500 0.692633
vt 0.016333 0.662313
vt 0.016416 0.662801
vt 0.680057 0.295928
vt 0.679574 0.296005
vt 0.465237 0.698684
vt 0.465188 0.699171
vt 0.076801 0.650235
vt 0.076898 0.650721
vt 0.686653 0.357607
vt 0.686167 0.357655
vt 0.556427 0.085848
vt 0.555954 0.085781
vt 0.537705 0.704565
vt 0.537666 0.705053
vt 0.147659 0.636011
vt 0.147742 0.636500
vt 0.692607 0.430103
vt 0.692120 0.430141
vt 0.544478 0.161151
vt 0.544003 0.161099
vt 0.568980 0.705876
vt 0.568961 0.706365
vt 0.178510 0.631463
vt 0.178538 0.631958
vt 0.693945 0.461474
vt 0.693457 0.461491
vt 0.588156 0.705248
vt 0.588156 0.705736
vt 0.540672 0.193751
vt 0.540191 0.193757
vt 0.197695 0.630551
vt 0.197684 0.631049
vt 0.693323 0.480743
vt 0.692835 0.480741
vt 0.610907 0.702939
vt 0.610933 0.703424
vt 0.539929 0.213848
vt 0.539446 0.213894
vt 0.220688 0.631270
vt 0.220626 0.631765
vt 0.691008 0.503634
vt 0.690524 0.503606
vt 0.633670 0.698150
vt 0.633735 0.698627
vt 0.540523 0.237757
vt 0.540041 0.237857
vt 0.244068 0.634802
vt 0.243929 0.635285
vt 0.686187 0.526606
vt 0.685710 0.526540
vt 0.652883 0.690091
vt 0.653003 0.690544
vt 0.543409 0.261781
vt 0.542938 0.261960
vt 0.264409 0.642336
vt 0.264157 0.642774
vt 0.678032 0.546116
vt 0.677580 0.545994
vt 0.549544 0.282224
vt 0.549109 0.282517
vt 0.458668 0.603010
vt 0.461797 0.613469
vt 0.461361 0.613784
vt 0.458184 0.603139
vt 0.278280 0.655063
vt 0.277907 0.655386
vt 0.559877 0.295399
vt 0.559536 0.295807
vt 0.216399 0.901153
vt 0.218734 0.922882
vt 0.218250 0.922974
vt 0.215926 0.901345
vt 0.566925 0.298117
vt 0.566651 0.298550
vt 0.459716 0.583629
vt 0.458622 0.596229
vt 0.458134 0.596222
vt 0.459234 0.583533
vt 0.281707 0.663734
vt 0.281302 0.663974
vt 0.219855 0.935637
vt 0.219365 0.935639
vt 0.191979 0.967695
vt 0.195745 0.964488
vt 0.196165 0.964759
vt 0.192332 0.968024
vt 0.945728 0.819666
vt 0.941912 0.816510
vt 0.942330 0.816238
vt 0.946078 0.819336
vt 0.219766 0.942601
vt 0.219280 0.942469
vt 0.796884 0.967894
vt 0.794794 0.954936
vt 0.795300 0.954872
vt 0.797401 0.967904
vt 0.200583 0.953159
vt 0.201076 0.953274
vt 0.936992 0.805257
vt 0.935323 0.790178
vt 0.935829 0.790171
vt 0.937484 0.805140
vt 0.772918 0.969286
vt 0.773736 0.955887
vt 0.774244 0.955981
vt 0.773428 0.969304
vt 0.791598 0.940429
vt 0.792104 0.940359
vt 0.202174 0.938096
vt 0.202679 0.938101
vt 0.936487 0.774627
vt 0.936986 0.774711
vt 0.776368 0.941208
vt 0.776875 0.941308
vt 0.790097 0.927318
vt 0.790609 0.927343
vt 0.200953 0.922644
vt 0.201451 0.922557
vt 0.940083 0.761924
vt 0.940540 0.762140
vt 0.778069 0.928042
vt 0.778585 0.928046
vt 0.197371 0.910179
vt 0.197827 0.909961
vt 0.216361 0.953154
vt 0.215926 0.952839
vt 0.194866 0.906133
vt 0.195254 0.905813
vt 0.790859 0.922198
vt 0.791345 0.922355
vt 0.942696 0.757669
vt 0.943086 0.757986
vt 0.777717 0.922908
vt 0.778219 0.922781
vt 0.191979 0.904053
vt 0.192249 0.903652
vt 0.793105 0.918523
vt 0.793485 0.918841
vt 0.945805 0.755418
vt 0.946078 0.755816
vt 0.776113 0.919209
vt 0.776538 0.918919
vt 0.146325 0.989859
vt 0.146325 0.994931
vt 0.145876 0.994911
vt 0.145877 0.989666
vt 0.797186 0.916670
vt 0.797401 0.917069
vt 0.169528 0.399071
vt 0.169529 0.404510
vt 0.169079 0.404519
vt 0.169079 0.399252
vt 0.772918 0.917286
vt 0.773213 0.916911
vt 0.500404 0.928616
vt 0.461797 0.562274
vt 0.461325 0.562077
vt 0.577935 0.313621
vt 0.577487 0.313778
vt 0.576559 0.309107
vt 0.576983 0.308823
vt 0.021631 0.341135
vt 0.021183 0.340982
vt 0.022117 0.335950
vt 0.022542 0.336231
vt 0.762637 0.597119
vt 0.762262 0.597342
vt 0.758438 0.594491
vt 0.758663 0.594156
vt 0.739793 0.596477
vt 0.739362 0.596360
vt 0.741477 0.592758
vt 0.741846 0.592979
vt 0.578703 0.318196
vt 0.578231 0.318217
vt 0.764769 0.600814
vt 0.764334 0.600934
vt 0.738535 0.601875
vt 0.738081 0.601848
vt 0.020893 0.345738
vt 0.020423 0.345721
vt 0.579329 0.324139
vt 0.578846 0.324044
vt 0.766039 0.606378
vt 0.765581 0.606409
vt 0.738461 0.609657
vt 0.738006 0.609693
vt 0.020287 0.351692
vt 0.019805 0.351793
vt 0.579604 0.331683
vt 0.579117 0.331507
vt 0.766093 0.614250
vt 0.765634 0.614218
vt 0.020019 0.359240
vt 0.019533 0.359421
vt 0.745417 0.589874
vt 0.745633 0.590207
vt 0.577047 0.386349
vt 0.576559 0.386184
vt 0.759453 0.674832
vt 0.758993 0.674815
vt 0.022542 0.413995
vt 0.022056 0.414166
vt 0.745106 0.670786
vt 0.744649 0.670806
vt 0.745633 0.678087
vt 0.745180 0.678059
vt 0.577427 0.392912
vt 0.576951 0.392874
vt 0.022151 0.420655
vt 0.021675 0.420698
vt 0.758895 0.681905
vt 0.758438 0.681937
vt 0.021527 0.422620
vt 0.021191 0.422401
vt 0.745574 0.679911
vt 0.745093 0.680043
vt 0.577820 0.394437
vt 0.577483 0.394659
vt 0.758924 0.683638
vt 0.758442 0.683509
vt 0.533936 0.314831
vt 0.534414 0.317866
vt 0.533946 0.317931
vt 0.533524 0.315112
vt 0.583374 0.007844
vt 0.582759 0.010728
vt 0.582313 0.010734
vt 0.583037 0.007616
vt 0.518774 0.312952
vt 0.518535 0.315739
vt 0.518101 0.315679
vt 0.518373 0.312658
vt 0.599754 0.301262
vt 0.600373 0.304160
vt 0.599926 0.304158
vt 0.599416 0.301494
vt 0.586273 0.060664
vt 0.585826 0.060752
vt 0.582746 0.029465
vt 0.583193 0.029380
vt 0.536052 0.335793
vt 0.535578 0.335811
vt 0.512905 0.367088
vt 0.512464 0.367090
vt 0.516355 0.334924
vt 0.516794 0.334933
vt 0.596837 0.354113
vt 0.596390 0.354028
vt 0.599483 0.322756
vt 0.599930 0.322837
vt 0.539095 0.365606
vt 0.538620 0.365612
vt 0.542108 0.402040
vt 0.541631 0.402037
vt 0.508866 0.406387
vt 0.508424 0.406400
vt 0.592846 0.392363
vt 0.592399 0.392285
vt 0.595376 0.157244
vt 0.594926 0.157287
vt 0.589804 0.099019
vt 0.590251 0.098938
vt 0.505363 0.466187
vt 0.504920 0.466224
vt 0.544493 0.457527
vt 0.544016 0.457502
vt 0.587716 0.450568
vt 0.587265 0.450528
vt 0.600637 0.230492
vt 0.600185 0.230469
vt 0.598364 0.196474
vt 0.598816 0.196487
vt 0.544372 0.494808
vt 0.543897 0.494750
vt 0.506753 0.541125
vt 0.506311 0.541195
vt 0.504451 0.506404
vt 0.504893 0.506332
vt 0.582470 0.523607
vt 0.582017 0.523633
vt 0.583829 0.489690
vt 0.584282 0.489674
vt 0.542471 0.527180
vt 0.541995 0.527124
vt 0.511382 0.579363
vt 0.510940 0.579431
vt 0.538796 0.562765
vt 0.538320 0.562711
vt 0.583685 0.560720
vt 0.583237 0.560820
vt 0.599435 0.267773
vt 0.598987 0.267676
vt 0.515784 0.598686
vt 0.515341 0.598749
vt 0.535823 0.580684
vt 0.535346 0.580634
vt 0.587353 0.579228
vt 0.586948 0.579486
vt 0.534002 0.586170
vt 0.533524 0.586124
vt 0.595737 0.286503
vt 0.592357 0.292235
vt 0.592059 0.291820
vt 0.595332 0.286247
vt 0.518774 0.604675
vt 0.518328 0.604734
vt 0.590635 0.584769
vt 0.590337 0.585185
vt 0.877531 0.993284
vt 0.876211 0.988452
vt 0.876739 0.988289
vt 0.878062 0.993128
vt 0.587906 0.294710
vt 0.587848 0.294174
vt 0.858342 0.992521
vt 0.859799 0.987505
vt 0.860325 0.987668
vt 0.858870 0.992678
vt 0.594859 0.587091
vt 0.594801 0.587625
vt 0.874206 0.982277
vt 0.874743 0.982147
vt 0.582313 0.293262
vt 0.582482 0.292769
vt 0.861847 0.981109
vt 0.862382 0.981239
vt 0.600203 0.585657
vt 0.600373 0.586149
vt 0.236608 0.948516
vt 0.237007 0.948361
vt 0.241226 0.961344
vt 0.240922 0.961817
vt 0.858342 0.971663
vt 0.858849 0.971560
vt 0.877549 0.973057
vt 0.878062 0.973158
vt 0.016467 0.925230
vt 0.016337 0.925670
vt 0.004200 0.920340
vt 0.004632 0.920042
vt 0.605858 0.110590
vt 0.607283 0.104280
vt 0.607703 0.104453
vt 0.606295 0.110686
vt 0.235254 0.938868
vt 0.233682 0.927827
vt 0.234102 0.927784
vt 0.235667 0.938780
vt 0.951486 0.079176
vt 0.952580 0.071048
vt 0.953003 0.071327
vt 0.951913 0.079436
vt 0.609612 0.156206
vt 0.607264 0.147110
vt 0.607690 0.146871
vt 0.610032 0.155944
vt 0.025236 0.926944
vt 0.035247 0.928640
vt 0.035220 0.929102
vt 0.025168 0.927399
vt 0.233326 0.916635
vt 0.233747 0.916628
vt 0.955151 0.061972
vt 0.955580 0.062228
vt 0.605183 0.137377
vt 0.605623 0.137206
vt 0.045518 0.929303
vt 0.045524 0.929768
vt 0.234819 0.906227
vt 0.235236 0.906251
vt 0.957454 0.052272
vt 0.957899 0.052458
vt 0.604353 0.127471
vt 0.604803 0.127421
vt 0.055274 0.928501
vt 0.055308 0.928963
vt 0.237671 0.897369
vt 0.238083 0.897406
vt 0.958490 0.042403
vt 0.958947 0.042466
vt 0.604823 0.118341
vt 0.605269 0.118368
vt 0.063706 0.926639
vt 0.063753 0.927098
vt 0.240819 0.890238
vt 0.241226 0.890287
vt 0.958202 0.033217
vt 0.958658 0.033202
vt 0.070578 0.924508
vt 0.070635 0.924964
vt 0.956975 0.025438
vt 0.955668 0.019069
vt 0.956013 0.019049
vt 0.957317 0.025403
vt 0.957764 0.025318
vt 0.075901 0.922259
vt 0.075971 0.922709
vt 0.954123 0.014241
vt 0.954475 0.014241
vt 0.956444 0.018886
vt 0.608926 0.099481
vt 0.609313 0.099746
vt 0.079683 0.920042
vt 0.079769 0.920484
vt 0.610519 0.164312
vt 0.610942 0.164068
vt 0.954875 0.013983
vt 0.610622 0.096256
vt 0.610942 0.096644
vt 0.068738 0.402374
vt 0.068524 0.404606
vt 0.067957 0.404485
vt 0.068163 0.402316
vt 0.952892 0.011068
vt 0.953226 0.010684
vt 0.088689 0.281243
vt 0.088689 0.278939
vt 0.089189 0.279165
vt 0.089202 0.281239
vt 0.022833 0.316568
vt 0.023036 0.318988
vt 0.022473 0.319093
vt 0.022263 0.316609
vt 0.023036 0.313979
vt 0.022468 0.313997
vt 0.951486 0.009609
vt 0.951655 0.009071
vt 0.068530 0.399879
vt 0.067957 0.399845
vt 0.204346 0.332334
vt 0.204346 0.337269
vt 0.201819 0.338185
vt 0.201819 0.333250
vt 0.102838 0.273946
vt 0.102838 0.279143
vt 0.100437 0.279146
vt 0.100437 0.273949
vt 0.201778 0.448396
vt 0.201778 0.445913
vt 0.203787 0.447369
vt 0.308028 0.670629
vt 0.308028 0.665293
vt 0.310365 0.664738
vt 0.310365 0.670074
vt 0.800804 0.304808
vt 0.800804 0.432185
vt 0.761784 0.434281
vt 0.761784 0.306904
vt 0.843673 0.215913
vt 0.851309 0.215931
vt 0.851309 0.260115
vt 0.843673 0.260097
vt 0.889438 0.669227
vt 0.897067 0.669219
vt 0.897067 0.713440
vt 0.889438 0.713448
vt 0.785926 0.915005
vt 0.791431 0.914999
vt 0.791431 0.957850
vt 0.785926 0.957856
vt 0.882824 0.445464
vt 0.877653 0.445457
vt 0.877653 0.420684
vt 0.882824 0.420691
vt 0.806035 0.219622
vt 0.806035 0.267213
vt 0.805230 0.268143
vt 0.805230 0.219622
vt 0.830779 0.267218
vt 0.831584 0.268148
vt 0.914328 0.051503
vt 0.914328 0.099094
vt 0.889584 0.099089
vt 0.889584 0.051498
vt 0.926416 0.045946
vt 0.926416 0.003916
vt 0.930264 0.003912
vt 0.930264 0.045942
vt 0.501131 0.644629
vt 0.501131 0.667856
vt 0.497512 0.667882
vt 0.497512 0.644655
vt 0.182502 0.449680
vt 0.182502 0.330075
vt 0.189690 0.329910
vt 0.189690 0.449516
vt 0.056991 0.447825
vt 0.056991 0.330140
vt 0.099225 0.331675
vt 0.099225 0.449360
vt 0.830779 0.219627
vt 0.831584 0.219627
vt 0.785921 0.171120
vt 0.791011 0.171118
vt 0.791011 0.217456
vt 0.785921 0.217458
vt 0.900520 0.419587
vt 0.900520 0.465037
vt 0.896962 0.465038
vt 0.896962 0.419588
vt 0.464541 0.942476
vt 0.541591 0.922319
vt 0.544508 0.923018
vt 0.464825 0.944589
vt 0.461925 0.922995
vt 0.461641 0.920882
vt 0.544221 0.920882
vt 0.379832 0.660591
vt 0.377305 0.661508
vt 0.377305 0.656572
vt 0.379832 0.655656
vt 0.691787 0.015066
vt 0.689387 0.015069
vt 0.689387 0.009872
vt 0.691787 0.009870
vt 0.752826 0.884170
vt 0.750825 0.883137
vt 0.752826 0.881678
vt 0.134244 0.684511
vt 0.136582 0.683956
vt 0.136582 0.689292
vt 0.134244 0.689847
vt 0.839823 0.302712
vt 0.839823 0.430090
vt 0.843673 0.171729
vt 0.851309 0.171747
vt 0.889438 0.625006
vt 0.897067 0.624998
vt 0.785926 0.872154
vt 0.791431 0.872148
vt 0.858341 0.446255
vt 0.858341 0.421517
vt 0.863520 0.421480
vt 0.863520 0.446218
vt 0.805230 0.171100
vt 0.806035 0.172031
vt 0.831584 0.171106
vt 0.830779 0.172036
vt 0.889584 0.003907
vt 0.914328 0.003912
vt 0.930264 0.087971
vt 0.926416 0.087975
vt 0.616768 0.742264
vt 0.620382 0.742269
vt 0.620382 0.765528
vt 0.616768 0.765524
vt 0.160727 0.449928
vt 0.153546 0.449719
vt 0.153546 0.329997
vt 0.160727 0.330206
vt 0.141458 0.450894
vt 0.141458 0.333209
vt 0.785921 0.263797
vt 0.791011 0.263794
vt 0.900520 0.510487
vt 0.896962 0.510489
vt 0.381657 0.954972
vt 0.381363 0.957080
vt 0.301614 0.935556
vt 0.304541 0.934858
vt 0.301912 0.933425
vt 0.384668 0.933425
vt 0.384373 0.935533
vt 0.649099 0.376243
vt 0.646990 0.375948
vt 0.668515 0.296200
vt 0.669213 0.299127
vt 0.670646 0.296498
vt 0.670646 0.379253
vt 0.668538 0.378959
vt 0.633016 0.901662
vt 0.710066 0.881505
vt 0.712983 0.882204
vt 0.633300 0.903775
vt 0.630400 0.882181
vt 0.630116 0.880068
vt 0.712696 0.880068
vt 0.308614 0.713501
vt 0.308614 0.920891
vt 0.303200 0.920896
vt 0.303200 0.713506
vt 0.258381 0.935555
vt 0.004091 0.935556
vt 0.003911 0.723987
vt 0.258201 0.723987
vt 0.631351 0.292838
vt 0.631351 0.003921
vt 0.637378 0.003913
vt 0.637378 0.292831
vt 0.289050 0.932509
vt 0.283891 0.932521
vt 0.283891 0.714901
vt 0.289050 0.714889
vt 0.655495 0.003908
vt 0.655495 0.292804
vt 0.649467 0.292803
vt 0.649467 0.003907
vt 0.448767 0.922000
vt 0.337574 0.920654
vt 0.336510 0.826164
vt 0.447703 0.827510
vt 0.337574 0.731695
vt 0.448767 0.733042
vt 0.558616 0.584730
vt 0.558616 0.458420
vt 0.561120 0.458420
vt 0.561120 0.584730
vt 0.320781 0.919326
vt 0.322049 0.822174
vt 0.324192 0.822197
vt 0.325460 0.919376
vt 0.403398 0.567168
vt 0.404729 0.659752
vt 0.399820 0.659827
vt 0.401150 0.567202
vt 0.810703 0.725976
vt 0.810703 0.852297
vt 0.805237 0.852304
vt 0.805237 0.725983
vt 0.323317 0.725021
vt 0.325460 0.725044
vt 0.402068 0.474584
vt 0.399820 0.474619
vt 0.536421 0.882601
vt 0.536421 0.906182
vt 0.531820 0.907047
vt 0.531819 0.883414
vt 0.878618 0.243749
vt 0.883179 0.210905
vt 0.887784 0.211158
vt 0.883209 0.244122
vt 0.220090 0.444484
vt 0.211625 0.432860
vt 0.216445 0.432695
vt 0.224743 0.444001
vt 0.752979 0.839658
vt 0.756498 0.868086
vt 0.632245 0.862524
vt 0.635673 0.836202
vt 0.751803 0.797571
vt 0.635771 0.797715
vt 0.764157 0.797802
vt 0.765334 0.840279
vt 0.769609 0.868921
vt 0.219862 0.330022
vt 0.224743 0.330252
vt 0.616781 0.889084
vt 0.621570 0.922094
vt 0.616969 0.923173
vt 0.612161 0.890011
vt 0.333628 0.986124
vt 0.333629 0.960756
vt 0.338105 0.962265
vt 0.338105 0.987710
vt 0.755628 0.117281
vt 0.873396 0.113721
vt 0.876726 0.140095
vt 0.751964 0.145744
vt 0.756851 0.075276
vt 0.873353 0.075296
vt 0.744274 0.075351
vt 0.743052 0.117716
vt 0.738684 0.146390
vt 0.690384 0.952629
vt 0.763776 0.953193
vt 0.757968 0.958451
vt 0.689905 0.958451
vt 0.936842 0.887867
vt 0.930753 0.888207
vt 0.930753 0.827415
vt 0.936442 0.822280
vt 0.596403 0.862921
vt 0.599671 0.862929
vt 0.597472 0.868877
vt 0.594203 0.868869
vt 0.733298 0.281542
vt 0.730069 0.281569
vt 0.728017 0.248808
vt 0.731247 0.248781
vt 0.563491 0.129650
vt 0.566334 0.130007
vt 0.566334 0.194690
vt 0.563491 0.194332
vt 0.739399 0.320124
vt 0.736170 0.320151
vt 0.734520 0.314302
vt 0.737749 0.314275
vt 0.600916 0.829916
vt 0.604184 0.829923
vt 0.967356 0.884852
vt 0.966956 0.819265
vt 0.693971 0.925050
vt 0.767364 0.925614
vt 0.688879 0.286184
vt 0.684611 0.286240
vt 0.702638 0.168651
vt 0.706905 0.168595
vt 0.595124 0.188033
vt 0.591257 0.187850
vt 0.573466 0.056776
vt 0.577332 0.056960
vt 0.587415 0.187674
vt 0.569624 0.056601
vt 0.326576 0.674373
vt 0.322510 0.679970
vt 0.322510 0.675694
vt 0.619211 0.129738
vt 0.615186 0.129717
vt 0.596013 0.003944
vt 0.600038 0.003965
vt 0.152829 0.707664
vt 0.153016 0.711877
vt 0.033360 0.700016
vt 0.033173 0.695803
vt 0.316122 0.695803
vt 0.316309 0.700016
vt 0.600038 0.301719
vt 0.596013 0.301697
vt 0.573466 0.366218
vt 0.569624 0.366042
vt 0.577332 0.366401
vt 0.706905 0.447291
vt 0.702638 0.447347
vt 0.563116 0.881355
vt 0.558849 0.881407
vt 0.558849 0.725079
vt 0.563116 0.725026
vt 0.546760 0.869013
vt 0.542914 0.868680
vt 0.542914 0.695092
vt 0.546760 0.695425
vt 0.539092 0.868356
vt 0.539092 0.694768
vt 0.698143 0.087215
vt 0.698143 0.080296
vt 0.702209 0.081618
vt 0.702209 0.085894
vt 0.384429 0.640970
vt 0.380422 0.640954
vt 0.380422 0.474549
vt 0.384429 0.474566
vt 0.471511 0.891001
vt 0.467322 0.891354
vt 0.467322 0.732687
vt 0.471511 0.732334
vt 0.329089 0.677833
vt 0.326576 0.681292
vt 0.695630 0.083755
vt 0.698073 0.899975
vt 0.771466 0.900538
vt 0.996094 0.881222
vt 0.995694 0.815635
vt 0.602994 0.796902
vt 0.606263 0.796910
vt 0.878618 0.152535
vt 0.883216 0.152606
vt 0.886918 0.177889
vt 0.882313 0.177760
vt 0.032076 0.450777
vt 0.027661 0.450236
vt 0.035544 0.438480
vt 0.040117 0.438698
vt 0.752979 0.755325
vt 0.635672 0.759073
vt 0.632245 0.732468
vt 0.756498 0.726596
vt 0.765334 0.755167
vt 0.769609 0.726221
vt 0.027661 0.330343
vt 0.032294 0.330158
vt 0.613056 0.854287
vt 0.617675 0.853526
vt 0.616964 0.826781
vt 0.621570 0.826104
vt 0.755628 0.033224
vt 0.751964 0.004670
vt 0.876726 0.010362
vt 0.873396 0.036823
vt 0.743052 0.032939
vt 0.738684 0.004174
vt 0.962633 0.210567
vt 0.968597 0.210144
vt 0.968597 0.274334
vt 0.963118 0.279798
vt 0.927479 0.727703
vt 0.926999 0.796764
vt 0.921511 0.791358
vt 0.921511 0.727323
vt 0.596403 0.730844
vt 0.594203 0.724972
vt 0.597472 0.724980
vt 0.599671 0.730852
vt 0.733298 0.215980
vt 0.730069 0.216007
vt 0.566852 0.893590
vt 0.566852 0.955383
vt 0.563876 0.955638
vt 0.563876 0.893845
vt 0.739399 0.177266
vt 0.737750 0.183151
vt 0.734520 0.183178
vt 0.736170 0.177293
vt 0.600916 0.763877
vt 0.604184 0.763885
vt 0.956610 0.730788
vt 0.956130 0.799849
vt 0.933566 0.213924
vt 0.934051 0.283156
vt 0.724299 0.127182
vt 0.704969 0.009951
vt 0.709252 0.010029
vt 0.728582 0.127260
vt 0.538072 0.136107
vt 0.553834 0.004597
vt 0.558013 0.004411
vt 0.542252 0.135921
vt 0.561515 0.004243
vt 0.545753 0.135753
vt 0.729239 0.886959
vt 0.726726 0.883500
vt 0.729239 0.880040
vt 0.170951 0.663254
vt 0.292593 0.679921
vt 0.292619 0.684073
vt 0.170977 0.667406
vt 0.682458 0.122714
vt 0.668383 0.004237
vt 0.672650 0.004439
vt 0.686725 0.122917
vt 0.668383 0.283604
vt 0.672650 0.283807
vt 0.003940 0.679921
vt 0.003966 0.684073
vt 0.558013 0.314978
vt 0.561515 0.314810
vt 0.553834 0.315164
vt 0.704969 0.287632
vt 0.709252 0.287709
vt 0.575204 0.880843
vt 0.575204 0.725084
vt 0.579487 0.725177
vt 0.579487 0.880936
vt 0.322502 0.661745
vt 0.322502 0.487522
vt 0.326660 0.487172
vt 0.326660 0.661395
vt 0.330143 0.486865
vt 0.330143 0.661089
vt 0.564064 0.379234
vt 0.566577 0.382694
vt 0.564064 0.386153
vt 0.559998 0.384831
vt 0.515595 0.893051
vt 0.515595 0.731774
vt 0.519730 0.731775
vt 0.519730 0.893052
vt 0.501105 0.631629
vt 0.501105 0.474960
vt 0.505348 0.475331
vt 0.505348 0.632000
vt 0.733305 0.885638
vt 0.733305 0.881362
vt 0.559998 0.380555
vt 0.906653 0.217836
vt 0.907139 0.287067
vt 0.983609 0.734409
vt 0.983128 0.803470
vt 0.694214 0.067146
vt 0.694214 0.042094
vt 0.697102 0.042094
vt 0.697102 0.067145
vt 0.094130 0.981566
vt 0.066678 0.981566
vt 0.066684 0.979398
vt 0.094136 0.979398
vt 0.066682 0.976296
vt 0.094134 0.976296
vt 0.985120 0.668829
vt 0.985120 0.641814
vt 0.988048 0.641813
vt 0.988048 0.668827
vt 0.747315 0.160379
vt 0.749823 0.158932
vt 0.752330 0.160380
vt 0.752330 0.163276
vt 0.749822 0.164724
vt 0.747315 0.163275
vt 0.990475 0.641815
vt 0.990475 0.668829
vt 0.558616 0.660581
vt 0.558616 0.635267
vt 0.561473 0.635275
vt 0.561473 0.660590
vt 0.229314 0.978254
vt 0.235120 0.947661
vt 0.239969 0.947653
vt 0.236252 0.978251
vt 0.242058 0.978257
vt 0.320912 0.959674
vt 0.321259 0.989614
vt 0.314612 0.989072
vt 0.313691 0.959076
vt 0.307966 0.988530
vt 0.309851 0.958773
vt 0.444019 0.985018
vt 0.447696 0.956375
vt 0.450374 0.985021
vt 0.981496 0.254232
vt 0.981167 0.226082
vt 0.987402 0.226647
vt 0.988296 0.254797
vt 0.981167 0.258173
vt 0.987968 0.258737
vt 0.444019 0.989054
vt 0.450374 0.989057
vt 0.438366 0.989058
vt 0.438366 0.985022
vt 0.321259 0.955489
vt 0.314038 0.954890
vt 0.236252 0.982563
vt 0.242058 0.982569
vt 0.229314 0.982567
vt 0.986820 0.503247
vt 0.987333 0.471228
vt 0.995333 0.471654
vt 0.992885 0.503576
vt 0.588013 0.379809
vt 0.591666 0.349375
vt 0.595414 0.379810
vt 0.065165 0.950592
vt 0.096985 0.948110
vt 0.097370 0.956139
vt 0.065471 0.956881
vt 0.097755 0.964168
vt 0.065806 0.963953
vt 0.570081 0.034357
vt 0.573741 0.003913
vt 0.577480 0.034354
vt 0.979571 0.502867
vt 0.979332 0.470802
vt 0.979332 0.507372
vt 0.986581 0.507753
vt 0.570081 0.038645
vt 0.577480 0.038642
vt 0.060980 0.957096
vt 0.061315 0.964168
vt 0.060674 0.950806
vt 0.588013 0.384099
vt 0.595414 0.384100
vt 0.992646 0.508081
vt 0.979342 0.409512
vt 0.987579 0.411267
vt 0.987579 0.458346
vt 0.959717 0.458354
vt 0.959717 0.411275
vt 0.971105 0.411306
vt 0.971105 0.458385
vt 0.630258 0.978872
vt 0.630273 0.969359
vt 0.644459 0.969357
vt 0.644444 0.978869
vt 0.944871 0.130884
vt 0.944871 0.085797
vt 0.957281 0.085807
vt 0.957281 0.130894
vt 0.003906 0.711812
vt 0.003906 0.696790
vt 0.009233 0.696789
vt 0.009233 0.711811
vt 0.723374 0.987017
vt 0.723374 0.970556
vt 0.727372 0.970567
vt 0.727372 0.987028
vt 0.733096 0.970563
vt 0.733096 0.987024
vt 0.785261 0.986982
vt 0.785261 0.970783
vt 0.790663 0.970781
vt 0.790663 0.986979
vt 0.180325 0.689394
vt 0.175699 0.692065
vt 0.171072 0.689392
vt 0.171072 0.684049
vt 0.175699 0.681379
vt 0.180325 0.684051
vt 0.795141 0.970785
vt 0.795141 0.986983
vt 0.850718 0.985979
vt 0.850718 0.970800
vt 0.855989 0.970816
vt 0.855989 0.985995
vt 0.982713 0.286609
vt 0.991227 0.288267
vt 0.991227 0.332463
vt 0.974199 0.332479
vt 0.974199 0.288283
vt 0.630273 0.988437
vt 0.644459 0.988435
vt 0.699042 0.147982
vt 0.699042 0.106801
vt 0.707771 0.106800
vt 0.707771 0.147981
vt 0.961843 0.389717
vt 0.961843 0.344590
vt 0.968395 0.344608
vt 0.968395 0.389735
vt 0.977775 0.344602
vt 0.977775 0.389729
vt 0.944674 0.187391
vt 0.944674 0.142983
vt 0.953527 0.142980
vt 0.953527 0.187387
vt 0.404786 0.983205
vt 0.397204 0.987582
vt 0.389622 0.983203
vt 0.389622 0.974447
vt 0.397204 0.970070
vt 0.404786 0.974449
vt 0.960865 0.142986
vt 0.960865 0.187393
vt 0.649752 0.915648
vt 0.649752 0.957261
vt 0.641114 0.957234
vt 0.641114 0.915621
vt 0.416874 0.985788
vt 0.416874 0.969137
vt 0.422779 0.969136
vt 0.422779 0.985787
vt 0.444412 0.669416
vt 0.444412 0.651169
vt 0.448844 0.651181
vt 0.448844 0.669428
vt 0.455188 0.651177
vt 0.455188 0.669424
vt 0.656557 0.988497
vt 0.656557 0.970542
vt 0.662545 0.970539
vt 0.662545 0.988495
vt 0.148726 0.685129
vt 0.153855 0.682168
vt 0.158983 0.685131
vt 0.158983 0.691053
vt 0.153855 0.694013
vt 0.148726 0.691051
vt 0.667508 0.970543
vt 0.667508 0.988499
vt 0.259739 0.290638
vt 0.259739 0.273813
vt 0.265583 0.273831
vt 0.265583 0.290656
vt 0.003907 0.947644
vt 0.043023 0.947644
vt 0.043024 0.955936
vt 0.003908 0.955936
vt 0.957898 0.702911
vt 0.957898 0.660047
vt 0.964122 0.660064
vt 0.964122 0.702927
vt 0.973031 0.660059
vt 0.973031 0.702922
vt 0.969372 0.939546
vt 0.969372 0.897366
vt 0.977781 0.897363
vt 0.977781 0.939542
vt 0.230775 0.278902
vt 0.237977 0.274745
vt 0.245179 0.278904
vt 0.245179 0.287221
vt 0.237977 0.291378
vt 0.230775 0.287219
vt 0.984750 0.897368
vt 0.984750 0.939548
vt 0.609964 0.976133
vt 0.609964 0.936607
vt 0.618170 0.936633
vt 0.618170 0.976158
vt 0.665250 0.956111
vt 0.665250 0.909067
vt 0.675222 0.909066
vt 0.675222 0.956110
vt 0.935580 0.951940
vt 0.935580 0.900389
vt 0.943066 0.900409
vt 0.943066 0.951961
vt 0.953781 0.900403
vt 0.953781 0.951954
vt 0.003914 0.274050
vt 0.054644 0.274050
vt 0.054647 0.284163
vt 0.003918 0.284163
vt 0.581199 0.982947
vt 0.572538 0.987947
vt 0.563876 0.982944
vt 0.563876 0.972942
vt 0.572538 0.967942
vt 0.581199 0.972945
vt 0.054640 0.292545
vt 0.003911 0.292545
vt 0.538041 0.375013
vt 0.538041 0.327476
vt 0.547909 0.327507
vt 0.547909 0.375044
vt 0.495078 0.731818
vt 0.495078 0.908786
vt 0.486631 0.908776
vt 0.486631 0.731807
vt 0.574467 0.712863
vt 0.574242 0.446330
vt 0.627802 0.423518
vt 0.628046 0.712863
vt 0.350208 0.446330
vt 0.342734 0.400706
vt 0.681362 0.400706
vt 0.877349 0.713806
vt 0.694202 0.714030
vt 0.694202 0.459512
vt 0.877349 0.459287
vt 0.342792 0.003907
vt 0.525952 0.003938
vt 0.525952 0.388616
vt 0.342792 0.388585
vt 0.282838 0.102383
vt 0.283373 0.261675
vt 0.004798 0.261955
vt 0.004263 0.102662
vt 0.330692 0.003912
vt 0.282484 0.308153
vt 0.342993 0.707745
vt 0.350429 0.707745
vt 0.009259 0.308427
vt 0.432323 0.474501
vt 0.432323 0.651640
vt 0.423876 0.651630
vt 0.423876 0.474490
vt 0.008564 0.465108
vt 0.242414 0.464873
vt 0.485423 0.474430
vt 0.485423 0.651582
vt 0.476976 0.651583
vt 0.476976 0.474432
vt 0.003918 0.311120
vt 0.340778 0.712868
vt 0.348214 0.712868
vt 0.524305 0.462293
vt 0.524229 0.458422
vt 0.527004 0.463437
vt 0.365216 0.462444
vt 0.362518 0.463592
vt 0.365293 0.458573
vt 0.362518 0.719823
vt 0.365216 0.681749
vt 0.524305 0.681599
vt 0.527004 0.719667
vt 0.546527 0.458430
vt 0.546527 0.682152
vt 0.539092 0.682146
vt 0.539092 0.458424
vt 0.681626 0.712863
vt 0.004433 0.004240
vt 0.914793 0.714822
vt 0.914793 0.625002
vt 0.924419 0.625018
vt 0.924419 0.714837
vt 0.935771 0.625019
vt 0.935771 0.714838
vt 0.945810 0.625005
vt 0.945810 0.714824
vt 0.901638 0.201211
vt 0.901638 0.111191
vt 0.910874 0.111185
vt 0.910874 0.201204
vt 0.282117 0.985075
vt 0.271280 0.985074
vt 0.261896 0.979654
vt 0.922201 0.111183
vt 0.922201 0.201203
vt 0.932586 0.111188
vt 0.932586 0.201208
vt 0.965879 0.951643
vt 0.975314 0.951642
vt 0.975301 0.960172
vt 0.965866 0.960173
vt 0.975301 0.970232
vt 0.965866 0.970233
vt 0.975314 0.979128
vt 0.965879 0.979129
vt 0.993273 0.629725
vt 0.983818 0.629724
vt 0.983812 0.621539
vt 0.993268 0.621540
vt 0.983812 0.611501
vt 0.993268 0.611502
vt 0.983818 0.602299
vt 0.993273 0.602300
vt 0.296920 0.970271
vt 0.291501 0.979656
vt 0.256477 0.970267
vt 0.256477 0.959428
vt 0.485223 0.990257
vt 0.475620 0.990256
vt 0.467304 0.985453
vt 0.536402 0.940892
vt 0.545782 0.946317
vt 0.516191 0.975936
vt 0.510776 0.966543
vt 0.525571 0.940889
vt 0.510776 0.955699
vt 0.516191 0.946309
vt 0.498341 0.977138
vt 0.493540 0.985456
vt 0.462502 0.977135
vt 0.462502 0.967530
vt 0.133232 0.984459
vt 0.133232 0.947644
vt 0.135520 0.947645
vt 0.135520 0.984459
vt 0.131107 0.984460
vt 0.131107 0.947645
vt 0.200872 0.984384
vt 0.200872 0.947652
vt 0.203113 0.947650
vt 0.203113 0.984382
vt 0.198690 0.984382
vt 0.198690 0.947650
vt 0.922948 0.612902
vt 0.914039 0.612893
vt 0.914039 0.522577
vt 0.922948 0.522586
vt 0.902748 0.612890
vt 0.902748 0.522575
vt 0.892102 0.612896
vt 0.892102 0.522580
vt 0.947292 0.508251
vt 0.937284 0.508180
vt 0.937284 0.418373
vt 0.947292 0.418445
vt 0.291501 0.950045
vt 0.271280 0.944624
vt 0.282117 0.944625
vt 0.925929 0.508185
vt 0.925929 0.418378
vt 0.916271 0.508264
vt 0.916271 0.418457
vt 0.377532 0.980238
vt 0.369636 0.980231
vt 0.369634 0.970744
vt 0.377530 0.970751
vt 0.359631 0.980231
vt 0.359629 0.970744
vt 0.350197 0.980238
vt 0.350195 0.970751
vt 0.886668 0.256651
vt 0.886602 0.265520
vt 0.877168 0.265517
vt 0.877235 0.256647
vt 0.886602 0.275582
vt 0.877168 0.275578
vt 0.886668 0.284141
vt 0.877235 0.284137
vt 0.261896 0.950042
vt 0.296920 0.959432
vt 0.493540 0.959215
vt 0.475620 0.954411
vt 0.485224 0.954412
vt 0.551197 0.955709
vt 0.525571 0.981360
vt 0.551197 0.966553
vt 0.536402 0.981363
vt 0.545781 0.975943
vt 0.467304 0.959212
vt 0.498341 0.967533
vt 0.183624 0.984371
vt 0.181437 0.984383
vt 0.181437 0.947656
vt 0.183624 0.947644
vt 0.185861 0.984381
vt 0.185861 0.947654
vt 0.115811 0.984580
vt 0.113488 0.984580
vt 0.113488 0.947645
vt 0.115811 0.947644
vt 0.117887 0.984581
vt 0.117887 0.947646
vt 0.559031 0.690161
vt 0.561922 0.690159
vt 0.561922 0.695501
vt 0.559031 0.695503
vt 0.596438 0.333972
vt 0.593197 0.333873
vt 0.593544 0.328008
vt 0.596438 0.328096
vt 0.192414 0.690968
vt 0.192414 0.684169
vt 0.199083 0.684535
vt 0.199083 0.690606
vt 0.471092 0.669253
vt 0.467673 0.669131
vt 0.468039 0.663576
vt 0.471092 0.663684
vt 0.121607 0.685030
vt 0.121607 0.691825
vt 0.114935 0.691465
vt 0.114935 0.685397
vt 0.865079 0.161277
vt 0.863660 0.163266
vt 0.859281 0.158937
vt 0.860559 0.156808
vt 0.860559 0.290272
vt 0.859281 0.288222
vt 0.863660 0.283882
vt 0.865079 0.285791
vt 0.771451 0.285906
vt 0.772964 0.283993
vt 0.777343 0.288323
vt 0.775972 0.290376
vt 0.422599 0.669490
vt 0.416903 0.669488
vt 0.416903 0.663723
vt 0.422599 0.663725
vt 0.457865 0.474447
vt 0.464621 0.474444
vt 0.464423 0.565608
vt 0.457667 0.565612
vt 0.591577 0.880968
vt 0.597869 0.880973
vt 0.597875 0.949295
vt 0.591583 0.949290
vt 0.457670 0.572449
vt 0.464426 0.572445
vt 0.464621 0.639071
vt 0.457864 0.639074
vt 0.742497 0.338702
vt 0.748922 0.338697
vt 0.748917 0.437361
vt 0.742491 0.437366
vt 0.771451 0.161392
vt 0.772964 0.163377
vt 0.777343 0.159037
vt 0.775972 0.156911
vt 0.742491 0.332233
vt 0.748917 0.332228
vt 0.597869 0.955597
vt 0.591577 0.955592
vt 0.828644 0.846930
vt 0.828644 0.725958
vt 0.905324 0.725971
vt 0.905324 0.846943
vt 0.909422 0.842887
vt 0.909422 0.730028
vt 0.824546 0.842873
vt 0.824546 0.730013
vt 0.204595 0.352852
vt 0.204603 0.358028
vt 0.201856 0.358026
vt 0.201848 0.352849
vt 0.561203 0.678060
vt 0.558616 0.678058
vt 0.558616 0.672689
vt 0.561203 0.672692
vt 0.565246 0.213559
vt 0.565246 0.207581
vt 0.568215 0.207585
vt 0.568215 0.213563
vt 0.204595 0.360418
vt 0.201848 0.360416
vt 0.003906 0.665857
vt 0.003906 0.663218
vt 0.006519 0.663220
vt 0.006519 0.665860
vt 0.634379 0.364482
vt 0.634379 0.370460
vt 0.631410 0.370460
vt 0.631410 0.364482
vt 0.807230 0.986851
vt 0.807230 0.970784
vt 0.813788 0.970789
vt 0.813788 0.986857
vt 0.838629 0.970787
vt 0.838629 0.986537
vt 0.825877 0.986549
vt 0.825877 0.970799
vt 0.875529 0.984982
vt 0.868078 0.984984
vt 0.868078 0.970783
vt 0.875529 0.970782
vt 0.699132 0.987109
vt 0.699132 0.970582
vt 0.711285 0.970554
vt 0.711285 0.987081
vt 0.752636 0.984755
vt 0.745184 0.984746
vt 0.745184 0.970547
vt 0.752636 0.970556
vt 0.969713 0.647946
vt 0.959634 0.647943
vt 0.959634 0.602305
vt 0.969713 0.602308
vt 0.747315 0.208229
vt 0.757307 0.208257
vt 0.757307 0.277311
vt 0.747315 0.277283
vt 0.993728 0.213415
vt 0.983840 0.213415
vt 0.983840 0.166895
vt 0.993728 0.166896
vt 0.984016 0.154803
vt 0.974017 0.154808
vt 0.974017 0.085798
vt 0.984016 0.085793
vt 0.981994 0.520378
vt 0.981994 0.590209
vt 0.935498 0.590218
vt 0.935498 0.520387
vt 0.988873 0.003906
vt 0.988873 0.073701
vt 0.942353 0.073703
vt 0.942353 0.003908
vt 0.631586 0.351331
vt 0.631475 0.326219
vt 0.636904 0.327004
vt 0.636990 0.346611
vt 0.400645 0.951024
vt 0.431705 0.951024
vt 0.427899 0.954625
vt 0.404442 0.954625
vt 0.435985 0.952434
vt 0.431070 0.957046
vt 0.396125 0.952434
vt 0.395193 0.945562
vt 0.399886 0.945658
vt 0.165875 0.948450
vt 0.165875 0.978315
vt 0.160712 0.979044
vt 0.160712 0.947707
vt 0.169349 0.952125
vt 0.169349 0.974680
vt 0.401028 0.957046
vt 0.436934 0.945562
vt 0.432477 0.945658
vt 0.638823 0.316216
vt 0.638260 0.321026
vt 0.631459 0.318532
vt 0.631459 0.312407
vt 0.684769 0.970675
vt 0.686078 0.976336
vt 0.679603 0.978098
vt 0.679601 0.970819
vt 0.686615 0.981396
vt 0.679601 0.984551
vt 0.004976 0.975493
vt 0.009519 0.970298
vt 0.030241 0.970293
vt 0.031516 0.975486
vt 0.400658 0.940292
vt 0.404464 0.936691
vt 0.427921 0.936691
vt 0.431718 0.940292
vt 0.436002 0.938689
vt 0.431099 0.934077
vt 0.396142 0.938689
vt 0.155557 0.948452
vt 0.155557 0.978317
vt 0.152107 0.952128
vt 0.152107 0.974683
vt 0.401056 0.934077
vt 0.160772 0.983552
vt 0.154165 0.982649
vt 0.078613 0.274728
vt 0.083836 0.275505
vt 0.083801 0.283012
vt 0.077249 0.280557
vt 0.083836 0.289022
vt 0.076726 0.285272
vt 0.035933 0.968985
vt 0.038840 0.975493
vt 0.215201 0.981635
vt 0.215201 0.950393
vt 0.217225 0.948704
vt 0.217225 0.983320
vt 0.173915 0.273878
vt 0.212582 0.273878
vt 0.210698 0.276136
vt 0.175800 0.276136
vt 0.210686 0.290666
vt 0.175787 0.290666
vt 0.560395 0.597903
vt 0.560395 0.622090
vt 0.558616 0.620216
vt 0.558616 0.599650
vt 0.771452 0.989031
vt 0.771452 0.964013
vt 0.773172 0.965907
vt 0.773172 0.987179
vt 0.114980 0.273939
vt 0.156892 0.273939
vt 0.156848 0.290215
vt 0.114936 0.290215
vt 0.784612 0.859016
vt 0.781106 0.856202
vt 0.781106 0.733533
vt 0.784612 0.730663
vt 0.817942 0.958692
vt 0.820431 0.953628
vt 0.907594 0.953628
vt 0.910119 0.958692
vt 0.912464 0.950456
vt 0.915267 0.955373
vt 0.821881 0.862204
vt 0.826752 0.859032
vt 0.913915 0.859032
vt 0.918361 0.862204
vt 0.612073 0.304119
vt 0.616338 0.306219
vt 0.616338 0.379686
vt 0.612073 0.381811
vt 0.718075 0.312060
vt 0.721735 0.314708
vt 0.721735 0.432189
vt 0.718075 0.434985
vt 0.614500 0.299799
vt 0.618658 0.302133
vt 0.815984 0.950456
vt 0.813237 0.955373
vt 0.618658 0.383453
vt 0.614500 0.385797
vt 0.945107 0.404450
vt 0.858163 0.409332
vt 0.858163 0.302642
vt 0.945107 0.297759
vt 0.949754 0.301076
vt 0.949754 0.400612
vt 0.853516 0.406016
vt 0.853516 0.306480
vt 0.616166 0.015625
vt 0.616166 0.384339
vt 0.785329 0.384339
vt 0.785329 0.015625
s 1
g desk_desk
usemtl desk
f 3/1/1 4/2/1 8/3/1 7/4/1
f 5/5/2 12/6/2 11/7/2
f 5/5/2 1/8/2 13/9/2 12/6/2
f 1/8/2 10/10/2 2/11/2 14/12/2
f 2/11/2 10/10/2 9/13/2 6/14/2
f 9/13/2 5/5/2 11/7/2 6/14/2
f 1/8/2 14/12/2 13/9/2
f 235/500/400 236/501/400 238/502/400 237/503/400
f 237/504/401 238/505/401 240/506/401 239/507/401
f 238/508/402 236/509/402 240/510/402
f 239/511/403 240/512/403 236/513/403 235/514/403
f 255/515/404 256/516/404 244/517/404 243/518/404
f 253/519/405 255/520/405 243/521/405 241/522/405
f 256/523/406 254/524/406 242/525/406 244/526/406
f 258/527/407 260/528/407 250/529/407 246/530/407
f 246/531/402 250/532/402 249/533/402 245/534/402
f 262/535/408 248/536/408 250/537/408 260/538/408
f 248/536/408 247/539/408 249/540/408 250/537/408
f 263/541/408 251/542/408 252/543/408 264/544/408
f 261/545/407 247/546/407 251/547/407 263/548/407
f 247/549/409 248/550/409 252/551/409 251/552/409
f 243/553/402 244/554/402 242/555/402 241/556/402
f 247/539/408 261/561/408 259/562/408 249/540/408
f 245/563/411 249/564/411 259/565/411 257/566/411
f 248/567/411 262/568/411 264/569/411 252/570/411
f 269/571/402 271/572/402 267/573/402 265/574/402
f 271/572/402 270/575/402 266/576/402 268/577/402
f 267/573/402 271/572/402 268/577/402
f 272/578/400 274/579/400 275/580/400 273/581/400
f 274/582/401 276/583/401 277/584/401 275/585/401
f 275/586/409 277/587/409 273/588/409
f 276/589/403 272/590/403 273/591/403 277/592/403
f 255/515/404 280/593/404 281/594/404 256/516/404
f 253/519/405 278/595/405 280/596/405 255/520/405
f 256/523/406 281/597/406 279/598/406 254/524/406
f 258/527/407 283/599/407 287/600/407 260/528/407
f 283/601/409 282/602/409 286/603/409 287/604/409
f 262/535/408 260/538/408 287/605/408 285/606/408
f 285/606/408 287/605/408 286/607/408 284/608/408
f 263/541/408 264/544/408 289/609/408 288/610/408
f 261/545/407 263/548/407 288/611/407 284/612/407
f 284/613/402 288/614/402 289/615/402 285/616/402
f 280/617/409 278/618/409 279/619/409 281/620/409
f 284/608/408 286/607/408 259/562/408 261/561/408
f 282/623/411 257/566/411 259/565/411 286/624/411
f 285/625/411 289/626/411 264/569/411 262/568/411
f 294/627/409 290/628/409 292/629/409 296/630/409
f 296/630/409 293/631/409 291/632/409 295/633/409
f 292/629/409 293/631/409 296/630/409
f 301/634/409 297/635/409 299/636/409 303/637/409
f 303/637/409 300/638/409 298/639/409 302/640/409
f 299/636/409 300/638/409 303/637/409
f 308/641/402 310/642/402 306/643/402 304/644/402
f 310/642/402 309/645/402 305/646/402 307/647/402
f 306/643/402 310/642/402 307/647/402
f 311/648/1 312/649/1 316/650/1 314/651/1
f 316/652/412 315/653/412 313/654/412 314/655/412
f 312/656/401 318/657/401 315/658/401 316/659/401
f 317/660/2 313/661/2 315/662/2 318/663/2
f 317/664/408 311/665/408 314/666/408 313/667/408
f 328/668/413 327/669/413 329/670/414 330/671/414
f 330/671/414 329/670/414 325/672/412 326/673/412
f 322/674/408 319/675/408 326/676/408 325/677/408
f 323/678/2 324/679/2 329/680/2 327/681/2
f 321/682/1 320/683/1 328/684/1 330/685/1
f 320/686/401 323/687/401 327/688/401 328/689/401
f 324/679/2 322/690/2 325/691/2 329/680/2
f 319/692/1 321/682/1 330/685/1 326/693/1
f 341/694/415 343/695/416 347/696/417 348/697/415
f 343/698/416 331/699/418 332/700/418 347/701/417
f 351/702/419 344/703/420 345/704/421 346/705/419
f 350/706/422 345/707/423 348/708/424 347/709/425
f 334/710/426 350/706/422 347/709/425 332/711/427
f 333/712/428 349/713/429 350/706/422 334/710/426
f 349/713/429 346/714/430 345/707/423 350/706/422
f 344/703/420 341/715/431 348/716/431 345/704/421
f 335/717/432 342/718/433 349/719/434 333/720/432
f 342/721/433 351/722/435 346/723/435 349/724/434
f 352/725/436 343/726/437 341/727/438 344/728/439
f 336/729/440 331/730/441 343/726/437 352/725/436
f 335/731/442 336/729/440 352/725/436 342/732/443
f 342/732/443 352/725/436 344/728/439 351/733/444
f 358/734/445 357/735/446 353/736/447 354/737/447
f 360/738/448 356/739/449 355/740/449 359/741/450
f 357/742/451 359/743/452 355/744/453 353/745/454
f 387/746/455 389/747/456 340/748/457 337/749/457
f 353/750/454 355/751/453 356/752/2 354/753/2
f 354/754/458 356/755/458 360/756/459 358/757/460
f 386/758/461 388/759/462 359/743/452 357/742/451
f 389/760/463 360/738/448 359/741/450 388/761/464
f 387/762/465 386/763/466 357/735/446 358/734/445
f 371/764/467 372/765/468 364/766/469 362/767/470
f 372/768/468 373/769/471 366/770/472 364/771/469
f 373/769/471 374/772/473 368/773/474 366/770/472
f 362/774/408 368/775/408 370/776/408
f 374/777/473 375/778/475 370/779/476 368/780/474
f 375/781/475 371/782/467 362/783/470 370/784/476
f 369/785/477 361/786/478 371/782/467 375/781/475
f 367/787/479 369/788/477 375/778/475 374/777/473
f 365/789/480 367/790/479 374/772/473 373/769/471
f 363/791/481 365/789/480 373/769/471 372/768/468
f 361/792/478 363/793/481 372/765/468 371/764/467
f 376/794/482 378/795/483 379/796/484 377/797/485
f 378/798/483 380/799/486 381/800/487 379/801/484
f 380/799/486 382/802/488 383/803/489 381/800/487
f 377/804/408 381/805/408 383/806/408 385/807/408
f 382/808/488 384/809/490 385/810/491 383/811/489
f 384/812/490 376/813/482 377/814/485 385/815/491
f 364/816/408 366/817/408 368/775/408 362/774/408
f 379/818/408 381/805/408 377/804/408
f 337/819/492 338/820/492 386/763/466 387/762/465
f 340/821/493 389/760/463 388/761/464 339/822/493
f 338/823/494 339/824/494 388/759/462 386/758/461
f 358/757/460 360/756/459 389/747/456 387/746/455
f 390/825/495 397/826/495 396/827/496 392/828/497
f 392/828/497 396/827/496 332/700/418 331/699/418
f 400/829/498 395/830/498 394/831/499 393/832/500
f 399/833/501 396/834/502 397/835/503 394/836/504
f 334/710/426 332/711/427 396/834/502 399/833/501
f 333/712/428 334/710/426 399/833/501 398/837/505
f 398/837/505 399/833/501 394/836/504 395/838/506
f 393/832/500 394/831/499 397/839/507 390/840/507
f 335/717/432 333/720/432 398/841/508 391/842/509
f 391/842/509 398/841/508 395/843/510 400/844/510
f 401/845/511 393/846/512 390/847/513 392/848/514
f 336/729/440 401/845/511 392/848/514 331/730/441
f 335/731/442 391/849/515 401/845/511 336/729/440
f 391/849/515 400/850/516 393/846/512 401/845/511
f 407/851/517 403/852/518 402/853/518 406/854/519
f 409/855/520 408/856/521 404/857/522 405/858/522
f 406/859/523 402/860/524 404/861/525 408/862/526
f 436/863/527 337/749/457 340/748/457 438/864/528
f 402/865/524 403/866/1 405/867/1 404/868/525
f 403/869/529 407/870/530 409/871/531 405/872/529
f 435/873/532 406/859/523 408/862/526 437/874/533
f 438/875/534 437/876/535 408/856/521 409/855/520
f 436/877/536 407/851/517 406/854/519 435/878/537
f 420/879/538 411/880/539 413/881/540 421/882/541
f 421/883/541 413/884/540 415/885/542 422/886/543
f 422/886/543 415/885/542 417/887/544 423/888/545
f 411/889/408 419/890/408 417/891/408
f 423/892/545 417/893/544 419/894/546 424/895/547
f 424/896/547 419/897/546 411/898/539 420/899/538
f 418/900/548 424/896/547 420/899/538 410/901/549
f 416/902/550 423/892/545 424/895/547 418/903/548
f 414/904/551 422/886/543 423/888/545 416/905/550
f 412/906/552 421/883/541 422/886/543 414/904/551
f 410/907/549 420/879/538 421/882/541 412/908/552
f 425/909/553 426/910/554 428/911/555 427/912/556
f 427/913/556 428/914/555 430/915/557 429/916/558
f 429/916/558 430/915/557 432/917/559 431/918/560
f 426/919/408 434/920/408 432/921/408 430/922/408
f 431/923/560 432/924/559 434/925/561 433/926/562
f 433/927/562 434/928/561 426/929/554 425/930/553
f 413/931/408 411/889/408 417/891/408 415/932/408
f 428/933/408 426/919/408 430/922/408
f 337/934/492 436/877/536 435/878/537 338/935/492
f 340/936/493 339/937/493 437/876/535 438/875/534
f 338/823/494 435/873/532 437/874/533 339/824/494
f 407/870/530 436/863/527 438/864/528 409/871/531
f 439/938/1 440/939/1 442/940/563 441/941/563
f 441/942/563 442/943/563 444/944/564 443/945/564
f 443/945/564 444/944/564 446/946/2 445/947/2
f 445/948/2 446/949/2 448/950/565 447/951/565
f 442/952/408 440/953/408 450/954/408 448/955/408 446/956/408 444/957/408
f 447/951/565 448/950/565 450/958/566 449/959/566
f 449/960/566 450/961/566 440/962/1 439/963/1
f 460/964/567 452/965/567 454/966/568 461/967/568
f 461/967/569 454/966/569 462/968/569
f 462/969/570 454/970/570 452/971/571 463/972/571
f 463/972/571 452/971/571 458/973/572 464/974/572
f 464/975/573 458/976/573 465/977/573
f 465/978/574 458/979/574 452/980/567 460/981/567
f 459/982/575 465/978/575 460/981/409 451/983/409
f 457/984/576 464/975/576 465/977/575 459/985/575
f 456/986/402 463/987/402 464/975/576 457/984/576
f 455/988/577 462/969/577 463/972/402 456/989/402
f 453/990/578 461/967/578 462/968/577 455/991/577
f 451/992/409 460/964/409 461/967/578 453/990/578
f 475/993/579 467/994/579 469/995/580 476/996/580
f 476/997/581 469/998/581 477/999/581
f 477/1000/582 469/1001/582 467/1002/583 478/1003/583
f 478/1003/583 467/1002/583 473/1004/584 479/1005/584
f 479/1006/585 473/1007/585 480/1008/585
f 480/1009/586 473/1010/586 467/994/579 475/993/579
f 474/1011/409 480/1009/409 475/993/578 466/1012/578
f 472/1013/575 479/1006/575 480/1008/409 474/1014/409
f 471/1015/576 478/1003/576 479/1005/575 472/1016/575
f 470/1017/402 477/1000/402 478/1003/576 471/1015/576
f 468/1018/577 476/997/577 477/999/402 470/1019/402
f 466/1012/578 475/993/578 476/996/577 468/1020/577
f 501/1021/2 486/1022/2 485/1023/2
f 481/1024/587 482/1025/587 484/1026/587 483/1027/587
f 502/1028/408 488/1029/588 486/1030/588 501/1031/408
f 485/1032/412 486/1033/412 488/1034/412 487/1035/412
f 489/1036/1 490/1037/1 492/1038/563 491/1039/563
f 491/1040/563 492/1041/563 494/1042/564 493/1043/564
f 493/1043/564 494/1042/564 496/1044/2 495/1045/2
f 495/1046/2 496/1047/2 498/1048/565 497/1049/565
f 492/1050/408 490/1051/408 500/1052/408 498/1053/408 496/1054/408 494/1055/408
f 497/1049/565 498/1048/565 500/1056/566 499/1057/566
f 499/1058/566 500/1059/566 490/1060/1 489/1061/1
f 502/1062/1 482/1063/1 481/1064/1
f 487/1065/1 488/1066/1 502/1062/1
f 482/1067/589 502/1028/408 501/1031/408 484/1068/589
f 484/1026/2 501/1021/2 483/1027/2
f 501/1021/2 485/1023/2 483/1027/2
f 481/1064/1 487/1065/1 502/1062/1
f 503/1069/1 504/1070/1 506/1071/563 505/1072/563
f 505/1073/563 506/1074/563 508/1075/564 507/1076/564
f 507/1076/564 508/1075/564 510/1077/2 509/1078/2
f 509/1079/2 510/1080/2 512/1081/565 511/1082/565
f 506/1083/408 504/1084/408 514/1085/408 512/1086/408 510/1087/408 508/1088/408
f 511/1082/565 512/1081/565 514/1089/566 513/1090/566
f 513/1091/566 514/1092/566 504/1093/1 503/1094/1
f 515/1095/1 516/1096/1 518/1097/563 517/1098/563
f 517/1099/563 518/1100/563 520/1101/564 519/1102/564
f 519/1102/564 520/1101/564 522/1103/2 521/1104/2
f 521/1105/2 522/1106/2 524/1107/565 523/1108/565
f 518/1109/408 516/1110/408 526/1111/408 524/1112/408 522/1113/408 520/1114/408
f 523/1108/565 524/1107/565 526/1115/566 525/1116/566
f 525/1117/566 526/1118/566 516/1119/1 515/1120/1
f 527/1121/1 528/1122/1 530/1123/563 529/1124/563
f 529/1125/563 530/1126/563 532/1127/564 531/1128/564
f 531/1128/564 532/1127/564 534/1129/2 533/1130/2
f 533/1131/2 534/1132/2 536/1133/565 535/1134/565
f 530/1135/408 528/1136/408 538/1137/408 536/1138/408 534/1139/408 532/1140/408
f 535/1134/565 536/1133/565 538/1141/566 537/1142/566
f 537/1143/566 538/1144/566 528/1145/1 527/1146/1
f 539/1147/1 540/1148/1 542/1149/563 541/1150/563
f 541/1151/563 542/1152/563 544/1153/564 543/1154/564
f 543/1154/564 544/1153/564 546/1155/2 545/1156/2
f 545/1157/2 546/1158/2 548/1159/565 547/1160/565
f 542/1161/408 540/1162/408 550/1163/408 548/1164/408 546/1165/408 544/1166/408
f 547/1160/565 548/1159/565 550/1167/566 549/1168/566
f 549/1169/566 550/1170/566 540/1171/1 539/1172/1
f 575/1173/590 577/1174/591 572/1175/592 573/1176/590
f 559/1177/412 562/1178/412 579/1179/412 580/1180/412
f 566/1181/412 552/1182/412 554/1183/412 579/1179/412 562/1178/412
f 564/1184/401 566/1185/401 562/1186/401 561/1187/401
f 558/1188/408 554/1189/408 552/1190/408 556/1191/408
f 561/1192/2 562/1193/2 559/1194/2 560/1195/2
f 561/1192/587 558/1196/587 556/14/587 564/1197/587
f 578/1198/593 552/1182/412 566/1181/412 574/1199/593
f 576/1200/594 564/1197/587 556/14/587 571/7/594
f 569/1201/401 570/1202/401 567/1203/401 568/1204/401
f 563/1205/587 569/1206/587 568/10/587 551/8/587
f 565/1207/408 563/1208/408 551/1209/408 555/1210/408
f 577/1211/591 576/1200/594 571/7/594 572/6/592
f 573/1212/590 578/1198/593 574/1199/593 575/1213/590
f 563/1214/1 575/1215/1 574/1216/1
f 565/1217/1 576/1218/1 577/1219/1
f 563/1214/1 565/1217/1 577/1219/1 575/1215/1
f 564/1220/1 570/1221/1 569/1222/1 566/1223/1
f 569/1222/1 563/1214/1 574/1216/1 566/1223/1
f 565/1217/1 570/1221/1 564/1220/1 576/1218/1
f 570/1224/412 565/1225/412 555/1226/412 567/1227/412
f 580/1180/412 579/1179/412 554/1183/412 553/1228/412
f 557/1229/587 558/1196/587 561/1192/587 560/1195/587
f 596/1230/587 584/1231/587 586/1232/564 597/1233/564
f 597/1233/564 586/1232/564 588/1234/595 598/1235/595
f 598/1235/595 588/1234/595 590/1236/2 599/1237/2
f 599/1238/2 590/1239/2 592/1240/596 600/1241/596
f 592/1242/408 590/1243/408 588/1244/408
f 600/1241/596 592/1240/596 594/1245/565 601/1246/565
f 601/1246/565 594/1245/565 582/1247/412 595/1248/412
f 583/1249/587 602/1250/587 603/1251/564 585/1252/564
f 585/1252/564 603/1251/564 604/1253/595 587/1254/595
f 587/1254/595 604/1253/595 605/1255/2 589/1256/2
f 589/1257/2 605/1258/2 606/1259/596 591/1260/596
f 591/1260/596 606/1259/596 607/1261/565 593/1262/565
f 593/1262/565 607/1261/565 608/1263/412 581/1264/412
f 582/1265/408 594/1266/408 586/1267/408 584/1268/408
f 594/1266/408 592/1242/408 588/1244/408 586/1267/408
f 606/1269/408 605/1270/408 604/1271/408
f 601/1272/401 595/1273/401 596/1274/401 597/1275/401
f 600/1276/401 601/1272/401 597/1275/401 598/1277/401
f 599/1278/401 600/1276/401 598/1277/401
f 608/1279/408 607/1280/408 603/1281/408 602/1282/408
f 607/1280/408 606/1269/408 604/1271/408 603/1281/408
f 612/1283/576 613/1284/576 609/1285/412 616/1286/412
f 615/1287/2 611/1288/2 613/1284/576 612/1283/576
f 618/1289/597 617/1290/597 611/1291/2 615/1292/2
f 614/1293/587 610/1294/587 617/1290/597 618/1289/597
f 596/1295/587 629/1296/563 620/1297/563 584/1298/587
f 629/1296/563 630/1299/598 622/1300/598 620/1297/563
f 630/1299/598 631/1301/1 624/1302/1 622/1300/598
f 631/1303/1 632/1304/599 626/1305/599 624/1306/1
f 626/1307/408 622/1308/408 624/1309/408
f 632/1304/599 633/1310/566 628/1311/566 626/1305/599
f 633/1310/566 595/1312/412 582/1313/412 628/1311/566
f 583/1314/587 619/1315/563 634/1316/563 602/1317/587
f 619/1315/563 621/1318/598 635/1319/598 634/1316/563
f 621/1318/598 623/1320/1 636/1321/1 635/1319/598
f 623/1322/1 625/1323/599 637/1324/599 636/1325/1
f 625/1323/599 627/1326/566 638/1327/566 637/1324/599
f 627/1326/566 581/1328/412 608/1329/412 638/1327/566
f 582/1265/408 584/1268/408 620/1330/408 628/1331/408
f 628/1331/408 620/1330/408 622/1308/408 626/1307/408
f 637/1332/408 635/1333/408 636/1334/408
f 633/1335/401 629/1336/401 596/1274/401 595/1273/401
f 632/1337/401 630/1338/401 629/1336/401 633/1335/401
f 631/1339/401 630/1338/401 632/1337/401
f 608/1279/408 602/1282/408 634/1340/408 638/1341/408
f 638/1341/408 634/1340/408 635/1333/408 637/1332/408
f 640/1342/600 616/1343/412 609/1344/412 641/1345/600
f 642/1346/1 640/1342/600 641/1345/600 639/1347/1
f 644/1348/578 642/1349/1 639/1350/1 643/1351/578
f 614/1352/587 644/1348/578 643/1351/578 610/1353/587
f 652/1354/412 651/1355/412 650/1356/412 649/1357/412
f 646/1358/601 645/1359/601 649/1360/601 650/1361/601
f 648/1362/602 646/1363/602 650/1364/602 651/1365/602
f 647/1366/603 648/1367/603 651/1368/603 652/1369/603
f 645/1370/604 647/1371/604 652/1372/604 649/1373/604
f 674/1374/605 664/1375/606 663/1376/607 671/1377/608
f 675/1378/609 668/1379/610 667/1380/611 669/1381/612
f 676/1382/613 666/1383/614 665/1384/615 672/1385/616
f 670/1386/617 660/1387/618 659/1388/619 673/1389/620
f 674/1390/605 658/1391/621 655/1392/622 669/1393/612
f 673/1394/620 659/1395/619 657/1396/623 671/1397/608
f 675/1398/609 656/1399/624 653/1400/625 672/1401/616
f 676/1402/613 654/1403/626 660/1404/618 670/1405/617
f 666/1383/614 676/1382/613 670/1406/617 661/1407/627
f 668/1379/610 675/1378/609 672/1385/616 665/1384/615
f 662/1408/628 673/1409/620 671/1377/608 663/1376/607
f 664/1375/606 674/1374/605 669/1381/612 667/1380/611
f 661/1407/627 670/1406/617 673/1409/620 662/1408/628
f 654/1403/626 676/1402/613 672/1410/616 653/1411/625
f 656/1399/624 675/1398/609 669/1393/612 655/1392/622
f 658/1412/621 674/1413/605 671/1397/608 657/1396/623
f 659/1414/408 653/1415/408 656/1416/408 657/1417/408
f 658/1418/408 657/1417/408 656/1416/408 655/1419/408
f 659/1414/408 660/1420/408 654/1421/408 653/1415/408
f 680/1422/2 678/1423/2 677/1424/2 679/1425/2
f 684/1426/1 683/1427/1 682/1428/1 681/1429/1
f 678/1430/401 680/1431/401 684/1432/401 681/1433/401
f 677/1424/587 678/1423/587 681/1434/587 682/1435/587
f 680/1436/412 679/1437/412 683/1438/412 684/1439/412
f 679/1440/408 677/1441/408 682/1442/408 683/1443/408
f 692/1444/412 691/1445/412 690/1446/412 689/1447/412
f 686/1448/1 685/1449/1 689/1450/1 690/1451/1
f 688/1452/408 686/1453/408 690/1454/408 691/1455/408
f 687/1456/2 688/1457/2 691/1458/2 692/1459/2
f 685/1460/401 687/1461/401 692/1462/401 689/1463/401
f 693/1464/629 694/1465/629 696/1466/629 695/1467/629
f 695/1468/630 696/1469/630 700/1470/630 699/1471/630
f 699/1472/631 700/1473/631 698/1474/631 697/1475/631
f 697/1476/632 698/1477/632 694/1478/632 693/1479/632
f 695/1480/401 699/1481/401 697/1482/401 693/1483/401
f 700/1484/408 696/1485/408 694/1486/408 698/1487/408
f 713/1488/633 714/1489/634 704/1490/635 703/1491/636
f 712/1492/401 710/1493/401 702/1494/401 701/1495/401
f 718/1496/637 714/1497/638 702/1494/639 710/1493/640
f 717/1498/641 716/1499/642 707/1500/642 712/1492/643
f 709/1501/644 711/1502/645 706/1503/646 705/1504/647
f 703/1505/636 704/1506/635 711/1502/645 709/1501/644
f 713/1507/648 717/1498/641 712/1492/643 701/1495/649
f 715/1508/650 718/1496/637 710/1493/640 708/1509/650
f 707/1500/401 708/1509/401 710/1493/401 712/1492/401
f 706/1510/646 711/1511/645 718/1512/651 715/1513/652
f 703/1514/636 709/1515/644 717/1516/653 713/1517/633
f 709/1515/644 705/1518/647 716/1519/654 717/1516/653
f 711/1511/645 704/1490/635 714/1489/634 718/1512/651
f 701/1495/649 702/1494/639 714/1497/638 713/1507/648
f 727/1520/655 721/1521/656 722/1522/657 728/1523/658
f 726/1524/401 719/1525/401 720/1526/401 724/1527/401
f 730/1528/659 724/1527/660 720/1526/661 728/1529/662
f 729/1530/663 726/1524/664 707/1500/642 716/1499/642
f 723/1531/665 705/1504/647 706/1503/646 725/1532/666
f 721/1533/656 723/1531/665 725/1532/666 722/1534/657
f 727/1535/667 719/1525/668 726/1524/664 729/1530/663
f 715/1508/650 708/1509/650 724/1527/660 730/1528/659
f 707/1500/401 726/1524/401 724/1527/401 708/1509/401
f 706/1503/646 715/1536/652 730/1537/669 725/1532/666
f 721/1538/656 727/1539/655 729/1540/670 723/1541/665
f 723/1541/665 729/1540/670 716/1542/654 705/1543/647
f 725/1544/666 730/1545/669 728/1523/658 722/1522/657
f 719/1525/668 727/1535/667 728/1529/662 720/1526/661
f 731/1546/671 732/1547/672 734/1548/673 733/1549/674
f 737/1550/675 738/1551/676 736/1552/677 735/1553/678
f 735/1553/678 736/1552/677 732/1554/672 731/1555/671
f 733/1556/674 737/1557/675 735/1558/678 731/1559/671
f 738/1560/676 734/1561/673 732/1562/672 736/1563/677
f 733/1564/587 734/1565/587 738/1566/587 737/1567/587
f 740/1568/679 751/1569/680 748/1570/681 746/1571/682
f 742/1572/683 753/1573/684 752/1574/685 739/1575/686
f 751/1576/680 740/1577/679 739/1575/686 752/1574/685
f 749/1578/687 750/1579/688 747/1580/689 748/1581/681
f 745/1582/690 747/1583/689 750/1584/688 743/1585/691
f 744/1586/692 749/1587/687 754/1588/693 741/1589/694
f 746/1590/682 748/1591/681 747/1583/689 745/1582/690
f 753/1573/684 754/1592/693 751/1576/680 752/1574/685
f 753/1573/684 742/1572/683 741/1593/694 754/1592/693
f 749/1594/687 744/1595/692 743/1585/691 750/1584/688
f 754/1592/693 749/1578/687 748/1581/681 751/1576/680
f 745/1596/695 743/1597/695 742/1598/695 739/1599/695
f 745/1596/695 739/1599/695 740/1600/695 746/1601/695
f 744/1602/695 741/1603/695 742/1598/695 743/1597/695
g desk_wire_white
usemtl wire_white
f 117/227/180 116/228/181 112/229/182 113/230/182
f 115/231/183 118/232/184 114/233/185 111/234/185
f 118/235/186 117/236/187 113/237/188 114/238/188
f 120/239/189 119/240/190 115/241/191 116/242/192
f 121/243/193 120/244/193 116/228/181 117/227/180
f 122/245/194 121/246/195 117/236/187 118/235/186
f 124/247/196 123/248/197 119/240/190 120/239/189
f 119/249/198 122/250/198 118/232/184 115/231/183
f 125/251/199 124/252/200 120/244/193 121/243/193
f 126/253/201 125/254/202 121/246/195 122/245/194
f 128/255/203 127/256/204 123/248/197 124/247/196
f 123/257/205 126/258/206 122/250/198 119/249/198
f 129/259/207 128/260/208 124/252/200 125/251/199
f 130/261/209 129/262/210 125/254/202 126/253/201
f 127/263/211 130/264/212 126/258/206 123/257/205
f 116/242/192 115/241/191 111/265/213 112/266/213
f 133/267/214 132/268/215 128/260/208 129/259/207
f 134/269/216 133/270/217 129/262/210 130/261/209
f 131/271/218 134/272/219 130/264/212 127/263/211
f 132/273/220 131/274/221 127/256/204 128/255/203
f 136/275/222 135/276/223 131/274/221 132/273/220
f 137/277/224 136/278/225 132/268/215 133/267/214
f 135/279/226 138/280/227 134/272/219 131/271/218
f 138/281/228 137/282/229 133/270/217 134/269/216
f 135/279/226 139/283/230 142/284/231 138/280/227
f 136/275/222 140/285/232 139/286/233 135/276/223
f 137/277/224 141/287/234 140/288/235 136/278/225
f 138/281/228 142/289/236 141/290/237 137/282/229
f 139/291/230 143/292/238 146/293/239 142/294/231
f 140/295/232 144/296/240 143/297/241 139/298/233
f 141/299/234 145/300/242 144/301/243 140/302/235
f 142/303/236 146/304/244 145/305/245 141/306/237
f 152/307/246 151/308/247 147/309/248 148/310/249
f 147/311/250 150/312/251 146/293/239 143/292/238
f 153/313/252 152/314/252 148/315/253 149/316/254
f 154/317/255 153/318/255 149/319/256 150/320/257
f 149/316/254 148/315/253 144/301/243 145/300/242
f 151/321/258 154/322/258 150/312/251 147/311/250
f 150/320/257 149/319/256 145/305/245 146/304/244
f 155/323/259 158/324/260 154/322/258 151/321/258
f 157/325/261 156/326/262 152/314/252 153/313/252
f 158/327/263 157/328/264 153/318/255 154/317/255
f 160/329/265 159/330/266 155/331/267 156/332/268
f 161/333/269 160/334/270 156/326/262 157/325/261
f 159/335/271 162/336/272 158/324/260 155/323/259
f 162/337/273 161/338/274 157/328/264 158/327/263
f 168/339/275 167/340/276 163/341/277 164/342/278
f 163/343/279 166/344/280 162/336/272 159/335/271
f 169/345/281 168/346/282 164/347/283 165/348/284
f 170/349/285 169/350/286 165/351/287 166/352/288
f 164/342/278 163/341/277 159/330/266 160/329/265
f 165/348/284 164/347/283 160/334/270 161/333/269
f 167/353/289 170/354/290 166/344/280 163/343/279
f 166/352/288 165/351/287 161/338/274 162/337/273
f 173/355/291 172/356/292 168/346/282 169/345/281
f 171/357/293 174/358/294 170/354/290 167/353/289
f 174/359/295 173/360/296 169/350/286 170/349/285
f 172/361/297 171/362/298 167/340/276 168/339/275
f 177/363/299 176/364/300 172/356/292 173/355/291
f 175/365/301 178/366/302 174/358/294 171/357/293
f 178/367/303 177/368/304 173/360/296 174/359/295
f 175/365/301 179/369/305 182/370/305 178/366/302
f 176/371/306 180/372/307 179/373/307 175/374/308
f 177/363/299 181/375/309 180/376/309 176/364/300
f 178/367/303 182/377/310 181/378/310 177/368/304
f 179/379/305 183/380/311 186/381/312 182/382/305
f 180/372/307 184/383/313 183/384/313 179/373/307
f 181/385/309 185/386/314 184/387/315 180/388/309
f 182/377/310 186/389/316 185/390/316 181/378/310
f 183/380/311 187/391/317 190/392/318 186/381/312
f 184/383/313 188/393/319 187/394/320 183/384/313
f 185/386/314 189/395/321 188/396/322 184/387/315
f 186/389/316 190/397/323 189/398/324 185/390/316
f 192/399/325 191/400/326 187/401/320 188/402/319
f 193/403/327 192/404/328 188/396/322 189/395/321
f 191/405/329 194/406/330 190/392/318 187/391/317
f 194/407/331 193/408/332 189/409/324 190/410/323
f 217/411/333 221/412/334 220/413/334 216/414/333
f 196/415/335 200/416/336 199/417/337 195/418/338
f 191/419/329 195/420/339 198/421/340 194/422/330
f 197/423/341 201/424/342 200/425/343 196/426/344
f 198/427/345 202/428/346 201/429/347 197/430/348
f 200/416/336 204/431/349 203/432/350 199/417/337
f 195/420/339 199/433/351 202/434/352 198/421/340
f 201/424/342 205/435/353 204/436/354 200/425/343
f 202/428/346 206/437/355 205/438/356 201/429/347
f 204/431/349 208/439/357 207/440/358 203/432/350
f 199/433/351 203/441/359 206/442/360 202/434/352
f 205/435/353 209/443/361 208/444/362 204/436/354
f 206/437/355 210/445/363 209/446/364 205/438/356
f 208/439/357 212/447/365 211/448/365 207/440/358
f 203/441/359 207/449/366 210/450/367 206/442/360
f 209/443/361 213/451/368 212/452/368 208/444/362
f 210/445/363 214/453/369 213/454/369 209/446/364
f 212/447/365 216/455/370 215/456/370 211/448/365
f 207/449/366 211/457/371 214/458/371 210/450/367
f 213/451/368 217/411/333 216/414/333 212/452/368
f 214/453/369 218/459/372 217/460/373 213/454/369
f 216/461/370 220/462/374 219/463/375 215/464/370
f 211/457/371 215/464/376 218/465/376 214/458/371
f 194/407/331 198/427/345 197/430/348 193/408/332
f 218/459/372 222/466/377 221/467/378 217/460/373
f 220/462/374 224/468/379 223/469/380 219/463/375
f 215/464/376 219/463/381 222/470/381 218/465/376
f 221/412/334 225/471/382 224/472/383 220/413/334
f 222/466/377 226/473/384 225/474/385 221/467/378
f 193/475/327 197/423/341 196/426/344 192/476/328
f 219/463/381 223/469/386 226/477/387 222/470/381
f 192/399/325 196/415/335 195/418/338 191/400/326
f 225/471/382 229/478/388 228/479/389 224/472/383
f 228/480/390 232/481/391 231/482/391 227/483/392
f 223/469/386 227/484/393 230/485/394 226/477/387
f 229/486/388 233/487/395 232/488/395 228/489/389
f 230/490/396 234/491/397 233/492/397 229/493/398
f 226/494/384 230/490/396 229/493/398 225/495/385
f 227/484/393 231/496/399 234/497/399 230/485/394
f 224/498/379 228/480/390 227/483/392 223/499/380
f 148/310/249 147/309/248 143/297/241 144/296/240
f 156/332/268 155/331/267 151/308/247 152/307/246
f 176/371/306 175/374/308 171/362/298 172/361/297
g desk_wire_black.001
usemtl wire_black.001
f 19/15/3 23/16/4 26/17/5 22/18/6
f 15/19/7 19/15/3 22/18/6 18/20/7
f 22/21/8 26/22/9 25/23/10 21/24/11
f 21/24/12 25/23/13 24/25/14 20/26/15
f 23/27/4 27/28/16 30/29/17 26/30/5
f 26/22/9 30/31/18 29/32/19 25/23/10
f 20/33/20 24/34/21 23/16/22 19/15/23
f 25/35/13 29/36/24 28/37/25 24/38/14
f 28/39/26 32/40/27 31/41/28 27/42/29
f 29/32/24 33/43/30 32/44/31 28/45/25
f 30/31/18 34/46/32 33/43/33 29/32/19
f 17/47/34 21/24/12 20/26/15 16/48/34
f 27/28/16 31/49/35 34/50/36 30/29/17
f 18/51/37 22/21/8 21/24/11 17/47/37
f 24/34/21 28/39/26 27/42/29 23/16/22
f 31/49/35 35/52/38 38/53/39 34/50/36
f 32/54/27 36/55/40 35/56/41 31/57/28
f 33/58/30 37/59/42 36/60/43 32/61/31
f 34/62/32 38/63/44 37/64/45 33/65/33
f 35/52/38 39/66/46 42/67/47 38/53/39
f 36/55/40 40/68/48 39/69/49 35/56/41
f 37/59/42 41/70/50 40/71/51 36/60/43
f 38/63/44 42/72/52 41/73/53 37/64/45
f 40/68/48 44/74/54 43/75/55 39/69/49
f 41/70/50 45/76/56 44/77/57 40/71/51
f 42/72/52 46/78/58 45/79/59 41/73/53
f 39/66/46 43/80/60 46/81/61 42/67/47
f 44/74/54 48/82/62 47/83/62 43/75/55
f 45/76/56 49/84/63 48/85/64 44/77/57
f 46/78/58 50/86/65 49/87/65 45/79/59
f 43/80/60 47/88/66 50/89/67 46/81/61
f 48/82/62 52/90/68 51/91/69 47/83/62
f 49/84/63 53/92/70 52/93/71 48/85/64
f 50/86/65 54/94/72 53/95/73 49/87/65
f 52/90/68 56/96/74 55/97/75 51/91/69
f 47/88/66 51/98/76 54/99/77 50/89/67
f 53/92/70 57/100/78 56/101/79 52/93/71
f 54/94/72 58/102/80 57/103/81 53/95/73
f 56/96/74 60/104/82 59/105/83 55/97/75
f 51/98/76 55/106/84 58/107/85 54/99/77
f 57/100/78 61/108/86 60/109/87 56/101/79
f 58/102/80 62/110/88 61/111/89 57/103/81
f 60/104/82 64/112/90 63/113/91 59/105/83
f 55/106/84 59/114/92 62/115/93 58/107/85
f 61/108/86 65/116/94 64/117/95 60/109/87
f 62/110/88 66/118/96 65/119/97 61/111/89
f 64/112/90 68/120/98 67/121/99 63/113/91
f 59/114/92 63/122/100 66/123/101 62/115/93
f 65/116/94 69/124/102 68/125/103 64/117/95
f 66/118/96 70/126/104 69/127/105 65/119/97
f 63/122/100 67/128/106 70/129/107 66/123/101
f 80/130/108 84/131/109 83/132/110 79/133/111
f 69/124/102 73/134/112 72/135/113 68/125/103
f 67/128/106 71/136/114 74/137/115 70/129/107
f 70/138/104 74/139/116 73/140/117 69/141/105
f 71/136/114 75/142/118 78/143/118 74/137/115
f 72/144/119 76/145/120 75/146/121 71/147/122
f 73/134/112 77/148/123 76/149/123 72/135/113
f 74/139/116 78/150/124 77/151/124 73/140/117
f 75/152/118 79/153/125 82/154/126 78/155/118
f 76/145/120 80/130/108 79/133/111 75/146/121
f 77/156/123 81/157/127 80/158/128 76/159/123
f 78/150/124 82/160/129 81/161/130 77/151/124
f 84/162/109 88/163/131 87/164/132 83/165/110
f 79/153/125 83/166/133 86/167/134 82/154/126
f 85/168/135 89/169/136 88/170/137 84/171/138
f 86/172/139 90/173/140 89/174/141 85/175/142
f 88/163/131 92/176/143 91/177/144 87/164/132
f 83/166/133 87/178/145 90/179/146 86/167/134
f 89/169/136 93/180/147 92/181/148 88/170/137
f 90/173/140 94/182/149 93/183/150 89/174/141
f 92/176/143 96/184/151 95/185/152 91/177/144
f 87/178/145 91/186/153 94/187/154 90/179/146
f 93/180/147 97/188/155 96/189/156 92/181/148
f 94/182/149 98/190/157 97/191/158 93/183/150
f 81/157/127 85/168/135 84/171/138 80/158/128
f 91/186/153 95/192/159 98/193/160 94/187/154
f 82/160/129 86/194/139 85/195/142 81/161/130
f 95/192/159 99/196/161 102/197/162 98/193/160
f 96/184/151 100/198/163 99/199/164 95/185/152
f 97/188/155 101/200/165 100/201/166 96/189/156
f 98/190/157 102/202/167 101/203/168 97/191/158
f 99/196/161 103/204/169 106/205/169 102/197/162
f 100/198/163 104/206/170 103/207/171 99/199/164
f 101/200/165 105/208/172 104/209/172 100/201/166
f 102/202/167 106/210/173 105/211/174 101/203/168
f 103/212/169 107/213/175 110/214/175 106/215/169
f 104/206/170 108/216/176 107/217/176 103/207/171
f 105/218/172 109/219/177 108/220/177 104/221/172
f 106/210/173 110/222/178 109/223/178 105/211/174
f 16/224/179 20/33/20 19/15/23 15/19/179
f 68/225/98 72/144/119 71/147/122 67/226/99
g desk_back
usemtl back
f 311/665/587 317/664/587 318/663/587 312/656/587
f 322/690/587 324/679/587 321/682/587 319/692/587
f 323/678/587 320/683/587 321/682/587 324/679/587
f 7/4/401 560/1195/401 559/1194/401 3/1/401
f 361/786/401 369/785/401 367/787/401 365/789/401 363/791/401
f 376/813/401 384/812/401 382/808/401 380/799/401 378/798/401
f 425/930/401 427/913/401 429/916/401 431/923/401 433/927/401
f 410/901/401 412/906/401 414/904/401 416/902/401 418/900/401
g desk_reflect
usemtl reflect
f 241/557/410 242/558/410 254/559/410 253/560/410
f 278/621/410 253/560/410 254/559/410 279/622/410
s 0
g desk_mirror_trim
usemtl mirror_trim
f 755/1604/404 757/1605/404 758/1606/404 756/1607/404
f 759/1604/404 760/1607/404 758/1606/404 757/1605/404
