<?xml version="1.0" encoding="utf-8"?>
<COLLADA version="1.5.0" xmlns="http://www.collada.org/2008/03/COLLADASchema">
	<asset>
		<contributor>
			<authoring_tool>BrawlCrate</authoring_tool>
		</contributor>
		<created>2026-07-18T01:28:57Z</created>
		<modified>2026-07-18T01:28:57Z</modified>
		<unit meter="0.01" name="centimeter" />
		<up_axis>Y_UP</up_axis>
	</asset>
	<library_images>
		<image id="rim_dark-image" name="rim_dark">
			<init_from>
				<ref>rim_dark.png</ref>
			</init_from>
		</image>
		<image id="son_darklight-image" name="son_darklight">
			<init_from>
				<ref>son_darklight.png</ref>
			</init_from>
		</image>
		<image id="ter_body-image" name="ter_body">
			<init_from>
				<ref>ter_body.png</ref>
			</init_from>
		</image>
		<image id="ter_eyelid.0-image" name="ter_eyelid.0">
			<init_from>
				<ref>ter_eyelid.0.png</ref>
			</init_from>
		</image>
	</library_images>
	<library_materials>
		<material id="body_mat">
			<instance_effect url="#body_mat-fx" />
		</material>
		<material id="eye_l_mat">
			<instance_effect url="#eye_l_mat-fx" />
		</material>
		<material id="mouth_mat">
			<instance_effect url="#mouth_mat-fx" />
		</material>
	</library_materials>
	<library_effects>
		<effect id="body_mat-fx" name="body_mat">
			<profile_COMMON>
				<newparam sid="ter_body-surface">
					<surface type="2D">
						<init_from>
							<ref>ter_body-image</ref>
						</init_from>
					</surface>
				</newparam>
				<newparam sid="ter_body-sampler">
					<sampler2D>
						<source>ter_body-surface</source>
						<instance_image url="#ter_body-image" />
						<wrap_s>CLAMP</wrap_s>
						<wrap_t>WRAP</wrap_t>
						<minfilter>LINEAR_MIPMAP_LINEAR</minfilter>
						<magfilter>LINEAR</magfilter>
					</sampler2D>
				</newparam>
				<newparam sid="rim_dark-surface">
					<surface type="2D">
						<init_from>
							<ref>rim_dark-image</ref>
						</init_from>
					</surface>
				</newparam>
				<newparam sid="rim_dark-sampler">
					<sampler2D>
						<source>rim_dark-surface</source>
						<instance_image url="#rim_dark-image" />
						<wrap_s>CLAMP</wrap_s>
						<wrap_t>CLAMP</wrap_t>
						<minfilter>LINEAR_MIPMAP_LINEAR</minfilter>
						<magfilter>LINEAR</magfilter>
					</sampler2D>
				</newparam>
				<newparam sid="son_darklight-surface">
					<surface type="2D">
						<init_from>
							<ref>son_darklight-image</ref>
						</init_from>
					</surface>
				</newparam>
				<newparam sid="son_darklight-sampler">
					<sampler2D>
						<source>son_darklight-surface</source>
						<instance_image url="#son_darklight-image" />
						<wrap_s>CLAMP</wrap_s>
						<wrap_t>CLAMP</wrap_t>
						<minfilter>LINEAR_MIPMAP_LINEAR</minfilter>
						<magfilter>LINEAR</magfilter>
					</sampler2D>
				</newparam>
				<technique sid="COMMON">
					<phong>
						<diffuse>
							<texture texture="ter_body-sampler" texcoord="TEXCOORD0" />
						</diffuse>
					</phong>
				</technique>
			</profile_COMMON>
		</effect>
		<effect id="eye_l_mat-fx" name="eye_l_mat">
			<profile_COMMON>
				<newparam sid="ter_eyelid.0-surface">
					<surface type="2D">
						<init_from>
							<ref>ter_eyelid.0-image</ref>
						</init_from>
					</surface>
				</newparam>
				<newparam sid="ter_eyelid.0-sampler">
					<sampler2D>
						<source>ter_eyelid.0-surface</source>
						<instance_image url="#ter_eyelid.0-image" />
						<wrap_s>WRAP</wrap_s>
						<wrap_t>CLAMP</wrap_t>
						<minfilter>LINEAR_MIPMAP_LINEAR</minfilter>
						<magfilter>LINEAR</magfilter>
					</sampler2D>
				</newparam>
				<newparam sid="rim_dark-surface">
					<surface type="2D">
						<init_from>
							<ref>rim_dark-image</ref>
						</init_from>
					</surface>
				</newparam>
				<newparam sid="rim_dark-sampler">
					<sampler2D>
						<source>rim_dark-surface</source>
						<instance_image url="#rim_dark-image" />
						<wrap_s>CLAMP</wrap_s>
						<wrap_t>CLAMP</wrap_t>
						<minfilter>LINEAR_MIPMAP_LINEAR</minfilter>
						<magfilter>LINEAR</magfilter>
					</sampler2D>
				</newparam>
				<newparam sid="son_darklight-surface">
					<surface type="2D">
						<init_from>
							<ref>son_darklight-image</ref>
						</init_from>
					</surface>
				</newparam>
				<newparam sid="son_darklight-sampler">
					<sampler2D>
						<source>son_darklight-surface</source>
						<instance_image url="#son_darklight-image" />
						<wrap_s>CLAMP</wrap_s>
						<wrap_t>CLAMP</wrap_t>
						<minfilter>LINEAR_MIPMAP_LINEAR</minfilter>
						<magfilter>LINEAR</magfilter>
					</sampler2D>
				</newparam>
				<technique sid="COMMON">
					<phong>
						<diffuse>
							<texture texture="ter_eyelid.0-sampler" texcoord="TEXCOORD0" />
						</diffuse>
					</phong>
				</technique>
			</profile_COMMON>
		</effect>
		<effect id="mouth_mat-fx" name="mouth_mat">
			<profile_COMMON>
				<newparam sid="ter_body-surface">
					<surface type="2D">
						<init_from>
							<ref>ter_body-image</ref>
						</init_from>
					</surface>
				</newparam>
				<newparam sid="ter_body-sampler">
					<sampler2D>
						<source>ter_body-surface</source>
						<instance_image url="#ter_body-image" />
						<wrap_s>CLAMP</wrap_s>
						<wrap_t>WRAP</wrap_t>
						<minfilter>LINEAR_MIPMAP_LINEAR</minfilter>
						<magfilter>LINEAR</magfilter>
					</sampler2D>
				</newparam>
				<newparam sid="rim_dark-surface">
					<surface type="2D">
						<init_from>
							<ref>rim_dark-image</ref>
						</init_from>
					</surface>
				</newparam>
				<newparam sid="rim_dark-sampler">
					<sampler2D>
						<source>rim_dark-surface</source>
						<instance_image url="#rim_dark-image" />
						<wrap_s>CLAMP</wrap_s>
						<wrap_t>CLAMP</wrap_t>
						<minfilter>LINEAR_MIPMAP_LINEAR</minfilter>
						<magfilter>LINEAR</magfilter>
					</sampler2D>
				</newparam>
				<newparam sid="son_darklight-surface">
					<surface type="2D">
						<init_from>
							<ref>son_darklight-image</ref>
						</init_from>
					</surface>
				</newparam>
				<newparam sid="son_darklight-sampler">
					<sampler2D>
						<source>son_darklight-surface</source>
						<instance_image url="#son_darklight-image" />
						<wrap_s>CLAMP</wrap_s>
						<wrap_t>CLAMP</wrap_t>
						<minfilter>LINEAR_MIPMAP_LINEAR</minfilter>
						<magfilter>LINEAR</magfilter>
					</sampler2D>
				</newparam>
				<technique sid="COMMON">
					<phong>
						<diffuse>
							<texture texture="ter_body-sampler" texcoord="TEXCOORD0" />
						</diffuse>
					</phong>
				</technique>
			</profile_COMMON>
		</effect>
	</library_effects>
	<library_geometries>
		<geometry id="polygon0" name="polygon0">
			<mesh>
				<source id="polygon0_Positions">
					<float_array id="polygon0_PosArr" count="108">-7.075538 0.08048188 9.894403 -7.075538 3.138024 9.410135 -5.552372 0.9223319 10.87758 -5.552372 3.447886 10.3638 -3.779323 3.674841 11.06228 -3.779323 6.917343 9.410135 -1.913215 7.180677 9.772583 -1.913215 9.853065 7.100199 0 9.974894 7.188706 7.075538 0.08048188 9.894403 5.552372 0.9223319 10.87758 7.075538 3.138024 9.410135 5.552372 3.447886 10.3638 5.552372 6.485661 8.815979 3.779323 6.917343 9.410135 3.779323 9.49062 6.836863 1.913215 9.853065 7.100199 -3.779323 0.9790709 11.60979 -1.913215 3.813276 11.48837 -1.913215 1.013679 12.03521 0 3.859806 11.63157 0 1.025313 12.18394 1.913215 1.013679 12.03521 0 7.269184 9.894403 1.913215 3.813276 11.48837 3.779323 0.9790709 11.60979 1.913215 7.180677 9.772583 3.779323 3.674841 11.06228 -7.075538 8.085217 5.815784 -5.552372 8.896454 6.405181 -7.075538 5.896263 8.004739 -5.552372 6.485661 8.815979 7.075538 5.896263 8.004739 5.552372 8.896454 6.405181 7.075538 8.085217 5.815784 -3.779323 9.49062 6.836863</float_array>
					<technique_common>
						<accessor source="#polygon0_PosArr" count="36" stride="3">
							<param name="X" type="float" />
							<param name="Y" type="float" />
							<param name="Z" type="float" />
						</accessor>
					</technique_common>
				</source>
				<source id="polygon0_Normals">
					<float_array id="polygon0_NormArr" count="108">-0.6253662 -0.002868662 0.7803345 -0.6130981 0.2266846 0.7567749 -0.4959717 0.1309814 0.8583984 -0.4683228 0.2913208 0.8341675 -0.3076782 0.3126831 0.8986206 -0.309082 0.559021 0.7694092 -0.1564331 0.5805664 0.7990723 -0.1564331 0.7990723 0.5805664 0 0.809021 0.5877686 0.6253662 -0.002868662 0.7803345 0.4959717 0.1309814 0.8583984 0.6130981 0.2266846 0.7567749 0.4683228 0.2913208 0.8341675 0.4684448 0.5192871 0.7147827 0.309082 0.559021 0.7694092 0.309082 0.7694092 0.559021 0.1564331 0.7990723 0.5805664 -0.2991333 0.1262207 0.9458618 -0.1550293 0.3228149 0.9336548 -0.1481934 0.1137085 0.9824219 0 0.3258667 0.9454346 0 0.1090088 0.9940186 0.1481934 0.1137085 0.9824219 0 0.5877686 0.809021 0.1550293 0.3228149 0.9336548 0.2991333 0.1262207 0.9458618 0.1564331 0.5805664 0.7990723 0.3076782 0.3126831 0.8986206 -0.6187134 0.6355591 0.461792 -0.4684448 0.7147827 0.5192871 -0.6187134 0.461792 0.6355591 -0.4684448 0.5192871 0.7147827 0.6187134 0.461792 0.6355591 0.4684448 0.7147827 0.5192871 0.6187134 0.6355591 0.461792 -0.309082 0.7694092 0.559021</float_array>
					<technique_common>
						<accessor source="#polygon0_NormArr" count="36" stride="3">
							<param name="X" type="float" />
							<param name="Y" type="float" />
							<param name="Z" type="float" />
						</accessor>
					</technique_common>
				</source>
				<source id="polygon0_UVs0">
					<float_array id="polygon0_UVArr0" count="40">2.943604 0.01013184 2.943604 0.4318237 2.76355 0.09619141 2.76355 0.4318237 2.544189 0.4318237 2.544189 0.75 2.288574 0.75 2.288574 0.9839478 2.02417 0.9839478 2.76355 0.75 2.544189 0.9839478 2.544189 0.1016235 2.288574 0.4318237 2.288574 0.1049805 2.02417 0.4318237 2.02417 0.1060791 2.02417 0.75 2.943604 0.9839478 2.76355 0.9839478 2.943604 0.75</float_array>
					<technique_common>
						<accessor source="#polygon0_UVArr0" count="20" stride="2">
							<param name="S" type="float" />
							<param name="T" type="float" />
						</accessor>
					</technique_common>
				</source>
				<source id="polygon0_UVs1">
					<float_array id="polygon0_UVArr1" count="40">2.943604 0.01013184 2.943604 0.4318237 2.76355 0.09619141 2.76355 0.4318237 2.544189 0.4318237 2.544189 0.75 2.288574 0.75 2.288574 0.9839478 2.02417 0.9839478 2.76355 0.75 2.544189 0.9839478 2.544189 0.1016235 2.288574 0.4318237 2.288574 0.1049805 2.02417 0.4318237 2.02417 0.1060791 2.02417 0.75 2.943604 0.9839478 2.76355 0.9839478 2.943604 0.75</float_array>
					<technique_common>
						<accessor source="#polygon0_UVArr1" count="20" stride="2">
							<param name="S" type="float" />
							<param name="T" type="float" />
						</accessor>
					</technique_common>
				</source>
				<vertices id="polygon0_Vertices">
					<input semantic="POSITION" source="#polygon0_Positions" />
				</vertices>
				<triangles material="eye_l_mat" count="48">
					<input semantic="VERTEX" source="#polygon0_Vertices" offset="0" />
					<input semantic="NORMAL" source="#polygon0_Normals" offset="1" />
					<input semantic="TEXCOORD" source="#polygon0_UVs0" set="0" offset="2" />
					<input semantic="TEXCOORD" source="#polygon0_UVs1" set="1" offset="3" />
					<p>2 2 2 2 1 1 1 1 0 0 0 0 3 3 3 3 1 1 1 1 2 2 2 2 4 4 4 4 3 3 3 3 2 2 2 2 5 5 5 5 3 3 3 3 4 4 4 4 6 6 6 6 5 5 5 5 4 4 4 4 7 7 7 7 5 5 5 5 6 6 6 6 8 8 8 8 7 7 7 7 6 6 6 6 11 11 1 1 10 10 2 2 9 9 0 0 12 12 3 3 10 10 2 2 11 11 1 1 13 13 9 9 12 12 3 3 11 11 1 1 14 14 5 5 12 12 3 3 13 13 9 9 15 15 10 10 14 14 5 5 13 13 9 9 16 16 7 7 14 14 5 5 15 15 10 10 17 17 11 11 4 4 4 4 2 2 2 2 18 18 12 12 4 4 4 4 17 17 11 11 19 19 13 13 18 18 12 12 17 17 11 11 20 20 14 14 18 18 12 12 19 19 13 13 21 21 15 15 20 20 14 14 19 19 13 13 22 22 13 13 20 20 14 14 21 21 15 15 18 18 12 12 6 6 6 6 4 4 4 4 23 23 16 16 6 6 6 6 18 18 12 12 20 20 14 14 23 23 16 16 18 18 12 12 24 24 12 12 23 23 16 16 20 20 14 14 22 22 13 13 24 24 12 12 20 20 14 14 25 25 11 11 24 24 12 12 22 22 13 13 23 23 16 16 8 8 8 8 6 6 6 6 26 26 6 6 8 8 8 8 23 23 16 16 24 24 12 12 26 26 6 6 23 23 16 16 27 27 4 4 26 26 6 6 24 24 12 12 25 25 11 11 27 27 4 4 24 24 12 12 10 10 2 2 27 27 4 4 25 25 11 11 30 30 19 19 29 29 18 18 28 28 17 17 31 31 9 9 29 29 18 18 30 30 19 19 1 1 1 1 31 31 9 9 30 30 19 19 3 3 3 3 31 31 9 9 1 1 1 1 32 32 19 19 13 13 9 9 11 11 1 1 33 33 18 18 13 13 9 9 32 32 19 19 34 34 17 17 33 33 18 18 32 32 19 19 5 5 5 5 31 31 9 9 3 3 3 3 35 35 10 10 31 31 9 9 5 5 5 5 7 7 7 7 35 35 10 10 5 5 5 5 12 12 3 3 27 27 4 4 10 10 2 2 14 14 5 5 27 27 4 4 12 12 3 3 14 14 5 5 26 26 6 6 27 27 4 4 16 16 7 7 26 26 6 6 14 14 5 5 33 33 18 18 15 15 10 10 13 13 9 9 35 35 10 10 29 29 18 18 31 31 9 9 16 16 7 7 8 8 8 8 26 26 6 6</p>
				</triangles>
			</mesh>
		</geometry>
		<geometry id="polygon1" name="polygon1">
			<mesh>
				<source id="polygon1_Positions">
					<float_array id="polygon1_PosArr" count="138">4.624671 -3.335469 9.266868 6.21238 -5.128604 2.926799 4.890509 -1.214375 10.08919 6.797852 -1.727453 3.398423 4.533762 0.5169939 7.665256 3.084177 2.217307 6.090226 4.005119 -1.238437 11.06211 2.846269 -1.532593 11.47426 3.621113 -1.273864 1.396925 0 -1.332963 1.442935 0 2.367645 6.204048 -3.084177 2.217307 6.090226 -0.956608 -1.775686 11.80741 -1.913215 -1.684978 11.64783 -3.621113 -1.273864 1.396925 -6.797852 -1.727453 3.398423 -4.533762 0.5169939 7.665256 -4.890509 -1.214375 10.08919 -4.802911 -1.027012 10.27803 -2.176783 -8.299719 7.461625 -2.789707 -7.5913 7.728661 -6.21238 -5.128604 2.926799 -3.819515 -5.835373 8.351583 -4.624671 -3.335469 9.266868 4.590497 -1.011824 10.56645 4.802911 -1.027012 10.27803 -4.590497 -1.011824 10.56645 -4.005119 -1.238437 11.06211 2.789707 -7.5913 7.728661 3.819515 -5.835373 8.351583 -2.846269 -1.532593 11.47426 1.913215 -1.684978 11.64783 0.956608 -1.775686 11.80741 0 -1.820765 11.84872 2.577478E-07 -9.045211 7.144102 -0.6656647 -8.981705 7.179749 2.239688E-07 -7.657183 3.676152 -1.331331 -8.797531 7.251781 -2.553356 -7.474148 3.573348 -3.592435 -5.014904 0.7818643 8.595396E-08 -4.924396 0.7600591 3.592435 -5.014904 0.7818643 2.553356 -7.474148 3.573348 0.6656652 -8.981705 7.179749 1.331331 -8.797532 7.251781 2.176783 -8.299719 7.461625</float_array>
					<technique_common>
						<accessor source="#polygon1_PosArr" count="46" stride="3">
							<param name="X" type="float" />
							<param name="Y" type="float" />
							<param name="Z" type="float" />
						</accessor>
					</technique_common>
				</source>
				<source id="polygon1_Normals">
					<float_array id="polygon1_NormArr" count="138">-0.6606445 -0.1056538 0.7432388 -0.8464966 0.5321045 0.01715088 -0.8269653 -0.4111328 0.3835449 -0.8789673 -0.4356689 0.1939697 -0.6451416 -0.7023315 -0.3009033 -0.2423096 -0.9362183 -0.2543945 0.2090454 -0.9752197 0.07226561 0.2996216 -0.8795776 0.3695068 -0.2825928 -0.5032959 0.8165894 0 -0.520813 0.8536987 0 -0.9724121 -0.2331543 0.2423096 -0.9362183 -0.2543945 -0.08416748 -0.9708862 0.2241821 -0.1938477 -0.8931885 0.4057617 0.2825928 -0.5032959 0.8165894 0.8789673 -0.4356689 0.1939697 0.6451416 -0.7023315 -0.3009033 0.803772 -0.421936 0.4194336 0.1369019 -0.9364624 0.322876 0.5949707 0.7419891 0.3091011 0.7642212 0.4466218 0.4652997 0.8464966 0.5321045 0.01715088 0.7576904 0.1558304 0.6338204 0.6606445 -0.1056538 0.7432388 0.1199341 -0.9910889 -0.05743409 -0.2037354 -0.9234619 0.3251953 -0.1199341 -0.9910889 -0.05743409 -0.2090454 -0.9752197 0.07226561 -0.7642212 0.4466217 0.4652997 -0.7576904 0.1558304 0.6338204 -0.2996216 -0.8795776 0.3695068 0.1938477 -0.8931885 0.4057617 0.08416748 -0.9708862 0.2241821 0 -0.9712524 0.2380981 -2.31773E-08 0.9523903 0.3050115 0.1897583 0.9292565 0.3170972 -2.175128E-08 0.8937929 0.4486361 0.3262329 0.8962345 0.3006777 0.3159179 0.871941 0.3742907 0.2892456 0.3697715 0.8829835 -7.074847E-09 0.3230159 0.9464636 -0.2892456 0.3697715 0.8829835 -0.315918 0.8719409 0.3742907 -0.1897583 0.9292565 0.3170972 -0.3262329 0.8962344 0.3006777 -0.5949707 0.7419891 0.3091011</float_array>
					<technique_common>
						<accessor source="#polygon1_NormArr" count="46" stride="3">
							<param name="X" type="float" />
							<param name="Y" type="float" />
							<param name="Z" type="float" />
						</accessor>
					</technique_common>
				</source>
				<source id="polygon1_UVs0">
					<float_array id="polygon1_UVArr0" count="52">0.4390259 0.4300232 0.2569275 0.3052673 0.4718933 0.677124 0.2929993 0.4946594 0.2843323 0.6962585 0.1498413 0.6916199 0.3286133 0.9549255 0.2503357 0.9341736 0.1498413 0.5490417 0.01000977 0.5544739 0.01000977 0.6983948 0.09182739 0.9072266 0.1720886 0.9164734 0.4692688 0.9804077 0.1813354 0.04949951 0.2684326 0.1110535 0.397583 0.3283997 0.447998 0.9821472 0.01159668 0.9024658 0.01159668 0.03311157 0.06170654 0.0345459 0.01000977 0.1992188 0.1118469 0.03598022 0.1257935 0.2031555 0.1498413 0.4064636 0.01000977 0.410553</float_array>
					<technique_common>
						<accessor source="#polygon1_UVArr0" count="26" stride="2">
							<param name="S" type="float" />
							<param name="T" type="float" />
						</accessor>
					</technique_common>
				</source>
				<vertices id="polygon1_Vertices">
					<input semantic="POSITION" source="#polygon1_Positions" />
				</vertices>
				<triangles material="mouth_mat" count="62">
					<input semantic="VERTEX" source="#polygon1_Vertices" offset="0" />
					<input semantic="NORMAL" source="#polygon1_Normals" offset="1" />
					<input semantic="TEXCOORD" source="#polygon1_UVs0" set="0" offset="2" />
					<p>2 2 2 1 1 1 0 0 0 3 3 3 1 1 1 2 2 2 4 4 4 3 3 3 2 2 2 5 5 5 3 3 3 4 4 4 6 6 6 5 5 5 4 4 4 7 7 7 5 5 5 6 6 6 5 5 5 8 8 8 3 3 3 9 9 9 8 8 8 5 5 5 10 10 10 9 9 9 5 5 5 11 11 5 9 9 9 10 10 10 12 12 11 11 11 5 10 10 10 13 13 12 11 11 5 12 12 11 11 11 5 14 14 8 9 9 9 15 15 3 14 14 8 11 11 5 16 16 4 15 15 3 11 11 5 17 17 2 15 15 3 16 16 4 18 18 13 17 17 2 16 16 4 21 21 1 20 20 15 19 19 14 22 22 16 20 20 15 21 21 1 23 23 0 22 22 16 21 21 1 4 4 4 24 24 17 6 6 6 25 25 13 24 24 17 4 4 4 2 2 2 25 25 13 4 4 4 16 16 4 26 26 17 18 18 13 27 27 6 26 26 17 16 16 4 11 11 5 27 27 6 16 16 4 29 29 16 1 1 1 28 28 15 0 0 0 1 1 1 29 29 16 30 30 7 11 11 5 13 13 12 27 27 6 11 11 5 30 30 7 31 31 12 5 5 5 7 7 7 32 32 11 5 5 5 31 31 12 32 32 11 10 10 10 5 5 5 33 33 18 10 10 10 32 32 11 21 21 1 17 17 2 23 23 0 15 15 3 17 17 2 21 21 1 33 33 18 12 12 11 10 10 10 36 36 21 35 35 20 34 34 19 37 37 22 35 35 20 36 36 21 38 38 23 37 37 22 36 36 21 19 19 14 37 37 22 38 38 23 21 21 1 19 19 14 38 38 23 36 36 21 39 39 24 38 38 23 40 40 25 39 39 24 36 36 21 41 41 24 40 40 25 36 36 21 8 8 8 40 40 25 41 41 24 3 3 3 8 8 8 41 41 24 39 39 24 21 21 1 38 38 23 15 15 3 21 21 1 39 39 24 14 14 8 15 15 3 39 39 24 41 41 24 1 1 1 3 3 3 42 42 23 1 1 1 41 41 24 36 36 21 42 42 23 41 41 24 9 9 9 40 40 25 8 8 8 14 14 8 40 40 25 9 9 9 39 39 24 40 40 25 14 14 8 43 43 20 36 36 21 34 34 19 44 44 22 36 36 21 43 43 20 44 44 22 42 42 23 36 36 21 45 45 14 42 42 23 44 44 22 1 1 1 45 45 14 28 28 15 42 42 23 45 45 14 1 1 1</p>
				</triangles>
			</mesh>
		</geometry>
		<geometry id="polygon2" name="polygon2">
			<mesh>
				<source id="polygon2_Positions">
					<float_array id="polygon2_PosArr" count="2409">-10.38339 -4.411478 3.263603 -10.38339 -5.200139 1.715778 -11.0009 -3.513869 1.167876 -11.0009 -3.698841 -4.500736E-08 -11.46727 -2.706594 0.8901669 -11.46658 -2.85099 -3.469075E-08 -11.91595 -2.642853 -3.215814E-08 -11.91595 -2.513503 -0.816687 -13.06595 -2.178515 -0.707845 -13.06595 -1.85316 -1.3464 -14.31387 -1.575815 -1.144898 -14.31387 -1.144893 -1.575816 -15.12111 -0.9934128 -1.367316 -15.12111 -0.5222668 -1.607378 -15.68953 -0.4557748 -1.402734 -15.68953 1.98392E-07 -1.474922 -16.14465 2.009014E-07 -1.226034 -16.14465 0.3788662 -1.166028 -16.51082 0.2926282 -0.900611 -16.51082 0.5566132 -0.766105 -16.77901 0.1861342 -0.608811 -16.77901 0.5084372 -0.383133 -16.9426 0.0924522 -0.292307 -16.9426 0.3065032 -0.002453996 -16.99758 1.963615E-07 2.38932E-15 -16.9426 0.09698019 0.290689 -16.9426 -0.2465588 0.182007 -16.77901 -0.1861298 0.608811 -16.77901 -0.5084338 0.383133 -16.51083 -0.5566038 0.766105 -16.51083 -0.7661029 0.556608 -16.14465 -0.7206428 0.991883 -16.14465 -0.9918808 0.720645 -15.68953 -0.8669368 1.193236 -15.68953 -1.193234 0.866937 -15.12111 -0.9934128 1.367316 -15.12111 -1.367313 0.993414 -14.31387 -1.144893 1.575816 -14.31387 -1.575815 1.144898 -13.06595 -1.346395 1.85316 -13.06595 -1.85316 1.3464 -11.91595 -1.55343 2.138114 -11.91595 -2.138113 1.553431 -11.46927 -2.292046 1.68929 -10.38339 -5.471887 -6.658173E-08 -11.0009 -3.513869 -1.167876 -11.46727 -2.706594 -0.8901671 -11.91595 -2.138114 -1.553431 -13.06595 -1.346399 -1.853161 -14.31387 -0.6019078 -1.852484 -15.12111 1.940938E-07 -1.690098 -15.68953 0.4557832 -1.402734 -16.14465 0.7206452 -0.991883 -16.51082 0.7661092 -0.556608 -16.51082 0.9006132 -0.292626 -16.77901 0.6365332 -0.01111099 -16.51082 0.9469632 1.152261E-08 -16.51082 0.9006102 0.292626 -16.14465 1.226044 1.491846E-08 -16.14465 1.166035 0.378865 -15.68953 1.474922 1.79468E-08 -15.68953 1.402738 0.455776 -15.12111 1.690096 2.056503E-08 -15.12111 1.607376 0.522268 -14.31387 1.947815 2.370095E-08 -14.31387 1.852483 0.601908 -13.06595 2.290636 2.787238E-08 -13.06595 2.178521 0.707844 -11.91595 2.642853 3.215814E-08 -11.91595 2.513502 0.816686 -11.494 2.706676 0.8687091 -11.49201 2.310379 1.654571 -11.0009 3.138024 2.221432 -11.0009 2.301914 3.057538 -10.38339 4.572445 3.263603 -10.38339 3.344091 4.491964 -16.77901 0.5214962 0.365155 -16.77901 0.2072682 0.601944 -16.51083 1.789162E-07 0.946958 -16.51083 -0.2926238 0.900611 -16.14465 1.710648E-07 1.226034 -16.14465 -0.3788628 1.166028 -15.68953 1.624984E-07 1.474922 -15.68953 -0.4557748 1.402734 -15.12111 1.529637E-07 1.690096 -15.12111 -0.5222668 1.607377 -14.31387 1.400053E-07 1.947816 -14.31387 -0.6019059 1.852484 -13.06595 1.206492E-07 2.290633 -13.06595 -0.7078429 2.178521 -11.91595 1.023702E-07 2.642854 -11.91595 -0.8166859 2.513503 -11.47629 -0.8488259 2.714157 -11.47237 -1.650805 2.317636 -11.0009 -2.140944 3.057539 -11.0009 -2.977057 2.221432 -10.38339 -3.183122 4.491964 -10.38339 5.361103 1.715778 -11.0009 3.674841 1.167876 -10.38339 5.632854 6.854037E-08 -11.0009 3.859806 4.696598E-08 -10.38339 5.361103 -1.715778 -11.0009 3.674841 -1.167876 -10.47477 4.572445 -3.263603 -11.0009 3.138024 -2.221432 -10.53169 3.344091 -4.491964 -11.0009 2.301914 -3.057538 -10.58158 1.796259 -5.280621 -11.0009 1.248357 -3.594353 -10.59998 -0.2894089 -5.493789 -11.0009 0.08048213 -3.779325 -10.59998 -1.635294 -5.280621 -11.0009 -1.087393 -3.594353 -10.58158 -3.183122 -4.491964 -11.0009 -2.140944 -3.057539 -10.48012 -4.411478 -3.263603 -11.0009 -2.977057 -2.221432 -10.38339 -5.200139 -1.715778 -16.51082 0.7661092 0.556608 -16.51082 0.5566132 0.766105 -16.14465 0.9918812 0.720645 -16.14465 0.7206452 0.991883 -15.68953 1.193241 0.866937 -15.68953 0.8669392 1.193236 -15.12111 1.36732 0.993414 -15.12111 0.9934192 1.367316 -14.31387 1.575815 1.144897 -14.31387 1.144899 1.575816 -13.06595 1.853165 1.3464 -13.06595 1.3464 1.85316 -11.91595 2.138113 1.55343 -11.91595 1.553432 2.138114 -11.4889 1.691692 2.282917 -11.48498 0.9079691 2.6927 -11.0009 1.248357 3.594353 -11.0009 0.08048204 3.779325 -10.38339 1.796259 5.280621 -10.38339 0.08048198 5.552373 -16.51082 0.2926272 0.900611 -16.14465 0.3788652 1.166028 -15.68953 0.4557832 1.402734 -15.12111 0.5222682 1.607377 -14.31387 0.6019081 1.852484 -13.06595 0.7078451 2.178521 -11.91595 0.8166851 2.513503 -11.48064 0.03305908 2.842297 -11.0009 -1.087393 3.594353 -10.38339 -1.635294 5.280621 -11.46927 -2.292046 -1.68929 -11.47237 -1.650805 -2.317636 -11.91595 -1.55343 -2.138114 -11.91595 -0.8166858 -2.513504 -13.06595 -0.7078428 -2.178521 -13.06595 1.763939E-07 -2.290633 -14.31387 1.874072E-07 -1.947817 -14.31387 0.6019092 -1.852484 -15.12111 0.5222682 -1.607378 -15.12111 0.9934192 -1.367317 -15.68953 0.8669392 -1.193237 -15.68953 1.193241 -0.866938 -16.14465 0.9918842 -0.720645 -16.14465 1.166035 -0.378866 -15.68953 1.402738 -0.455776 -15.12111 1.36732 -0.993414 -15.12111 1.607383 -0.522269 -14.31387 1.575817 -1.144898 -14.31387 1.852483 -0.601909 -13.06595 1.853165 -1.346401 -13.06595 2.178521 -0.707845 -11.91595 2.138115 -1.553431 -11.91595 2.513502 -0.8166869 -11.49201 2.310379 -1.654572 -11.494 2.706676 -0.868709 -16.77901 -0.2072638 -0.601944 -16.9426 -0.2493588 -0.178304 -16.77901 -0.5214948 -0.365155 -16.77901 -0.6365298 0.01111099 -16.51083 -0.9006108 -0.292626 -16.51083 -0.9469568 -1.152254E-08 -16.14465 -1.226031 -1.49183E-08 -16.14465 -1.166026 0.378865 -15.68953 -1.402728 0.455776 -14.31387 1.144899 -1.575817 -13.06595 1.346402 -1.853162 -11.91595 1.553432 -2.138114 -11.4889 1.691692 -2.282918 -16.51083 -0.7661029 -0.556608 -16.14465 -1.166026 -0.378866 -16.14465 -0.9918808 -0.720645 -15.68953 -1.402728 -0.455776 -15.68953 -1.193234 -0.866937 -15.12111 -1.607377 -0.522269 -15.12111 -1.367313 -0.993414 -14.31387 -1.852482 -0.601908 -15.68953 -1.474916 -1.794672E-08 -15.12111 -1.690092 -2.056498E-08 -14.31387 -1.947811 -2.370089E-08 -13.06595 -2.290632 -2.787233E-08 -15.12111 -1.607377 0.522268 -14.31387 -1.852482 0.601908 -13.06595 -2.178515 0.707844 -11.91595 -2.513503 0.8166869 -13.06595 0.7078452 -2.178521 -11.91595 0.8166852 -2.513504 -11.48498 0.9079692 -2.6927 -15.68953 -0.8669368 -1.193236 -16.14465 -0.7206428 -0.991883 -16.51083 -0.5566068 -0.766105 -16.51083 -0.9006108 0.292626 -11.49469 2.844092 3.460681E-08 -16.51083 -0.2926238 -0.900611 -16.51083 2.019613E-07 -0.946958 -16.14465 -0.3788628 -1.166028 -11.91595 1.666866E-07 -2.642855 -11.48064 0.03305915 -2.842297 -11.47629 -0.8488258 -2.714157 10.38339 -4.411478 3.263603 10.38339 -3.183122 4.491964 11.0009 -2.977057 2.221432 11.0009 -2.140944 3.057539 11.47237 -1.650805 2.317636 11.47629 -0.8488259 2.714157 11.91595 -0.8166859 2.513503 11.91595 1.023702E-07 2.642854 13.06595 -0.7078429 2.178521 13.06595 1.206492E-07 2.290633 14.31387 -0.6019059 1.852484 14.31387 1.400053E-07 1.947816 15.12111 -0.5222668 1.607377 15.12111 1.529637E-07 1.690096 15.68953 -0.4557748 1.402734 15.68953 1.624984E-07 1.474922 16.14465 -0.3788628 1.166028 16.14465 1.710648E-07 1.226034 16.51083 -0.2926238 0.900611 16.51083 1.789162E-07 0.946958 16.77901 -0.1861298 0.608811 16.77901 0.2072682 0.601944 16.9426 0.09698019 0.290689 16.77901 0.5214962 0.365155 16.9426 0.3065032 -0.002453996 16.77901 0.6365332 -0.01111099 16.77901 0.5084372 -0.383133 16.51082 0.9006132 -0.292626 16.51082 0.7661092 -0.556608 16.14465 0.9918842 -0.720645 16.14465 0.7206452 -0.991883 15.68953 0.8669392 -1.193237 15.68953 0.4557832 -1.402734 15.12111 0.5222682 -1.607378 15.12111 1.940938E-07 -1.690098 14.31387 1.874072E-07 -1.947817 14.31387 -0.6019078 -1.852484 13.06595 -0.7078428 -2.178521 13.06595 -1.346399 -1.853161 11.91595 -1.55343 -2.138114 11.91595 -2.138114 -1.553431 11.46927 -2.292046 -1.68929 11.46727 -2.706594 -0.8901671 11.0009 -3.513869 -1.167876 11.46658 -2.85099 -3.469075E-08 11.0009 -3.698841 -4.500736E-08 11.46727 -2.706594 0.8901669 11.0009 -3.513869 1.167876 11.46927 -2.292046 1.68929 10.38339 -1.635294 5.280621 11.0009 -1.087393 3.594353 11.48064 0.03305908 2.842297 11.91595 0.8166851 2.513503 13.06595 0.7078451 2.178521 14.31387 0.6019081 1.852484 15.12111 0.5222682 1.607377 15.68953 0.4557832 1.402734 16.14465 0.3788652 1.166028 16.51082 0.2926272 0.900611 16.51082 0.5566132 0.766105 16.51082 0.7661092 0.556608 16.51082 0.9006102 0.292626 16.14465 1.166035 0.378865 16.14465 1.226044 1.491846E-08 15.68953 1.474922 1.79468E-08 15.68953 1.402738 -0.455776 15.12111 1.607383 -0.522269 15.12111 1.36732 -0.993414 14.31387 1.575817 -1.144898 14.31387 1.144899 -1.575817 13.06595 1.346402 -1.853162 13.06595 0.7078452 -2.178521 11.91595 0.8166852 -2.513504 11.91595 1.666866E-07 -2.642855 11.48064 0.03305915 -2.842297 11.47629 -0.8488258 -2.714157 11.0009 0.08048213 -3.779325 11.0009 -1.087393 -3.594353 10.59998 -1.635294 -5.280621 10.58158 -3.183122 -4.491964 16.9426 0.0924522 -0.292307 16.99758 1.963615E-07 2.38932E-15 16.9426 -0.2465588 0.182007 16.77901 -0.5084338 0.383133 16.51083 -0.5566038 0.766105 16.51083 -0.7661029 0.556608 16.14465 -0.7206428 0.991883 16.14465 -0.9918808 0.720645 15.68953 -0.8669368 1.193236 15.68953 -1.193234 0.866937 15.12111 -0.9934128 1.367316 15.12111 -1.367313 0.993414 14.31387 -1.144893 1.575816 14.31387 -1.575815 1.144898 13.06595 -1.346395 1.85316 13.06595 -1.85316 1.3464 11.91595 -1.55343 2.138114 11.91595 -2.138113 1.553431 16.51082 0.9469632 1.152261E-08 16.14465 1.166035 -0.378866 15.68953 1.193241 -0.866938 15.12111 0.9934192 -1.367317 14.31387 0.6019092 -1.852484 13.06595 1.763939E-07 -2.290633 11.91595 -0.8166858 -2.513504 11.47237 -1.650805 -2.317636 11.0009 -2.977057 -2.221432 10.38339 -5.200139 -1.715778 10.38339 -5.471887 -6.658173E-08 10.38339 0.08048198 5.552373 11.0009 0.08048204 3.779325 11.48498 0.9079691 2.6927 11.91595 1.553432 2.138114 13.06595 1.3464 1.85316 14.31387 1.144899 1.575816 15.12111 0.9934192 1.367316 15.68953 0.8669392 1.193236 16.14465 0.7206452 0.991883 10.38339 1.796259 5.280621 11.0009 1.248357 3.594353 11.4889 1.691692 2.282917 11.91595 2.138113 1.55343 13.06595 1.853165 1.3464 14.31387 1.575815 1.144897 15.12111 1.36732 0.993414 15.68953 1.193241 0.866937 16.14465 0.9918812 0.720645 16.77901 0.1861342 -0.608811 16.51082 0.5566132 -0.766105 16.51082 0.2926282 -0.900611 16.14465 0.3788662 -1.166028 16.14465 2.009014E-07 -1.226034 15.68953 1.98392E-07 -1.474922 15.68953 -0.4557748 -1.402734 15.12111 -0.5222668 -1.607378 15.12111 -0.9934128 -1.367316 14.31387 -1.144893 -1.575816 14.31387 -1.575815 -1.144898 13.06595 -1.85316 -1.3464 13.06595 -2.178515 -0.707845 11.91595 -2.513503 -0.816687 11.91595 -2.642853 -3.215814E-08 15.68953 1.402738 0.455776 15.12111 1.690096 2.056503E-08 14.31387 1.852483 -0.601909 13.06595 1.853165 -1.346401 11.91595 1.553432 -2.138114 11.48498 0.9079692 -2.6927 11.0009 1.248357 -3.594353 10.59998 -0.2894089 -5.493789 16.77901 -0.2072638 -0.601944 16.51083 2.019613E-07 -0.946958 16.51083 -0.2926238 -0.900611 16.14465 -0.3788628 -1.166028 16.14465 -0.7206428 -0.991883 15.68953 -0.8669368 -1.193236 15.68953 -1.193234 -0.866937 15.12111 -1.367313 -0.993414 15.12111 -1.607377 -0.522269 14.31387 -1.852482 -0.601908 14.31387 -1.947811 -2.370089E-08 13.06595 -2.290632 -2.787233E-08 13.06595 -2.178515 0.707844 11.91595 -2.513503 0.8166869 16.9426 -0.2493588 -0.178304 16.77901 -0.5214948 -0.365155 16.51083 -0.5566068 -0.766105 16.51083 -0.7661029 -0.556608 16.14465 -0.9918808 -0.720645 16.14465 -1.166026 -0.378866 15.68953 -1.402728 -0.455776 15.68953 -1.474916 -1.794672E-08 15.12111 -1.690092 -2.056498E-08 15.12111 -1.607377 0.522268 14.31387 -1.852482 0.601908 15.12111 1.607376 0.522268 14.31387 1.852483 0.601908 14.31387 1.947815 2.370095E-08 13.06595 2.290636 2.787238E-08 13.06595 2.178521 -0.707845 11.91595 2.513502 -0.8166869 11.91595 2.138115 -1.553431 11.49201 2.310379 -1.654572 11.4889 1.691692 -2.282918 11.0009 2.301914 -3.057538 10.58158 1.796259 -5.280621 13.06595 2.178521 0.707844 11.91595 2.642853 3.215814E-08 11.494 2.706676 -0.868709 11.0009 3.138024 -2.221432 10.53169 3.344091 -4.491964 11.91595 2.513502 0.816686 11.494 2.706676 0.8687091 11.49469 2.844092 3.460681E-08 11.0009 3.674841 1.167876 11.0009 3.859806 4.696598E-08 10.38339 5.632854 6.854037E-08 10.38339 5.361103 -1.715778 16.77901 -0.6365298 0.01111099 16.51083 -0.9006108 -0.292626 16.51083 -0.9469568 -1.152254E-08 16.14465 -1.226031 -1.49183E-08 16.14465 -1.166026 0.378865 15.68953 -1.402728 0.455776 11.49201 2.310379 1.654571 11.0009 3.138024 2.221432 10.38339 5.361103 1.715778 16.51083 -0.9006108 0.292626 10.38339 -5.200139 1.715778 11.0009 3.674841 -1.167876 10.47477 4.572445 -3.263603 11.0009 2.301914 3.057538 10.38339 4.572445 3.263603 10.48012 -4.411478 -3.263603 11.0009 -2.140944 -3.057539 10.38339 3.344091 4.491964 9.209117 -7.446427 -2.411931 9.540272 -7.108218 -8.649255E-08 9.540272 -6.756382 2.221432 9.540272 -5.735301 4.225414 9.540272 -4.144932 5.815784 9.540272 -2.140944 6.836863 9.540272 0.08048192 7.188706 9.540272 2.301914 6.836863 9.540272 4.305899 5.815784 9.540272 5.896263 4.225413 9.540272 6.917343 2.221432 9.540272 7.269184 8.845117E-08 8.408416 -8.567538 -1.042495E-07 8.408416 -8.144321 2.672399 8.408416 -6.915953 5.083208 8.408416 -5.002699 6.996399 8.408416 -2.591902 8.22476 8.408416 0.08048189 8.648024 8.408416 2.752868 8.224758 8.408416 5.163666 6.996397 8.408416 7.07688 5.08318 8.408416 8.305239 2.672386 8.408416 8.728502 1.062081E-07 -9.274513 2.322699 -7.655788 -7.905369 5.46101 -8.090679 -8.870731 6.361301 -5.751499 -5.827629 7.532555 -8.274207 -6.444962 8.721611 -6.060198 -3.063766 8.619469 -8.426189 -3.38832 10.16446 -6.224 0 9.134176 -8.498424 0 10.7361 -6.284413 3.38832 10.16446 -6.224 3.51757 11.18085 -3.614899 6.690814 9.757637 -3.503864 5.552372 10.97763 1.335754E-07 7.075538 9.974894 1.213742E-07 -9.751801 -0.4532278 -7.247095 -9.209117 7.065802 -3.330919 -9.540272 7.269184 8.845117E-08 9.209117 7.065802 -3.330919 8.870731 6.361301 -5.751499 9.274513 2.322699 -7.655788 9.751801 -0.4532278 -7.247095 -9.429304 -4.16087 -7.190638 -8.870731 -7.545823 -4.492861 -9.209117 -7.446427 -2.411931 -6.783641 -9.840247 -2.578943 -8.408416 -8.567538 -1.042495E-07 -7.075538 -9.813915 -1.194154E-07 0 11.88752 -3.65316 -3.51757 11.18085 -3.614899 -6.690814 9.757637 -3.503864 -5.552372 -10.81666 -1.316167E-07 -3.652402 -11.4855 -2.666068 -6.538518 -9.651943 -4.733202 -3.422719 -11.11256 -4.821191 -5.827631 -8.858331 -7.31142 -3.063768 -10.17105 -7.345735 9.429304 -4.16087 -7.190638 8.870731 -7.545823 -4.492861 6.783641 -9.840247 -2.578943 7.075538 -9.813915 -1.194154E-07 -3.779323 -11.55108 -1.405531E-07 -1.913215 -11.99909 -1.460045E-07 0 -12.0813 -2.699584 0 -12.14967 -1.478367E-07 1.913215 -11.99909 -1.460045E-07 3.779323 11.71205 1.425118E-07 1.913215 12.16006 1.479632E-07 0 12.31063 1.497953E-07 -1.913215 12.16006 1.479632E-07 3.652402 -11.4855 -2.666068 3.422719 -11.11256 -4.821191 0 -11.68658 -4.85151 3.063768 -10.17105 -7.345735 0 -10.67757 -7.357558 -9.540272 -7.108218 -8.649255E-08 -8.408416 -8.144322 2.672399 -9.540272 -6.756382 2.221432 -8.408416 -6.915953 5.083208 5.552372 -10.81666 -1.316167E-07 3.779323 -11.55108 -1.405531E-07 8.021047 -6.964087 -7.257978 6.538518 -9.651943 -4.733202 3.063766 8.619469 -8.426189 6.444962 8.721611 -6.060198 -9.540272 -5.735301 4.225414 -8.408416 -5.002699 6.996399 -9.540272 -4.144932 5.815784 -8.408416 -2.591902 8.22476 -9.540272 -2.140944 6.836863 -8.408416 0.08048189 8.648024 -9.540272 0.08048192 7.188706 -8.408416 2.752868 8.224758 -9.540272 2.301914 6.836863 -8.408416 5.163666 6.996397 -9.540272 4.305899 5.815784 -8.408416 7.07688 5.08318 -9.540272 5.896263 4.225413 -8.408416 8.305239 2.672386 -9.540272 6.917343 2.221432 -8.408416 8.728502 1.062081E-07 -8.021047 -6.964087 -7.257978 -3.779323 11.71205 1.425118E-07 -5.552372 10.97763 1.335754E-07 -7.075538 9.974894 1.213742E-07 5.827631 -8.858331 -7.31142 7.905369 5.46101 -8.090679 5.827629 7.532555 -8.274207 -7.075538 0.08048188 9.894403 -7.391946 -2.977069 8.839162 -7.25377 -5.578126 7.66004 -7.075538 -7.924514 5.815972 -7.075538 -9.329704 3.057553 5.07469 -6.061172 8.347454 6.04901 -3.22304 9.281502 6.011489 -6.06472 8.084122 7.391946 -2.977069 8.839162 7.25377 -5.578126 7.66004 5.552372 -8.828319 6.258371 7.075538 -7.924514 5.815972 7.075538 -9.329704 3.057553 -5.07469 -6.061172 8.347454 -6.011489 -6.06472 8.084122 -6.04901 -3.22304 9.281502 -6.428404 -0.5461931 10.34291 6.428404 -0.5461931 10.34291 7.075538 0.08048188 9.894403 -5.552372 -8.828319 6.258371 5.552372 -10.28344 3.367437 -5.552372 -10.28344 3.367437 4.890509 -1.214375 10.08919 4.802911 -1.027012 10.27803 5.571649 -0.8164691 10.34854 5.096514 -0.5717431 10.86261 5.549073 0.1226159 10.96902 3.779323 -0.7555871 11.48043 3.779323 -0.1528641 11.6914 2.846269 -0.9652561 11.79577 1.913215 -0.4748021 12.07549 1.913215 -1.140587 11.95585 0.956608 -1.282475 12.05687 0.956608 -1.775686 11.80741 0 -1.820765 11.84872 0 9.974894 7.188706 0 11.71205 3.779324 1.913215 9.853065 7.100199 1.913215 11.56884 3.732795 3.779323 9.49062 6.836863 3.779323 11.14276 3.594353 5.552372 8.896454 6.405181 5.552372 10.44429 3.367403 7.075538 8.085217 5.815784 7.075538 9.49062 3.057538 -7.075538 9.49062 3.057538 -7.075538 8.085217 5.815784 -7.075538 5.896263 8.004739 -7.075538 3.138024 9.410135 -3.819515 -5.835373 8.351583 -4.264748 -5.989316 8.421246 -4.624671 -3.335469 9.266868 -5.230084 -3.275867 9.264054 -4.890509 -1.214375 10.08919 -5.571649 -0.816469 10.18124 -4.802911 -1.027012 10.27803 -5.096514 -0.5717431 10.86261 -4.590497 -1.011824 10.56645 -4.005119 -1.238437 11.06211 5.552372 0.9223319 10.87758 3.779323 0.9790709 11.60979 1.913215 1.013679 12.03521 0 -0.6281431 12.22468 0 1.025313 12.18394 -1.913215 1.013679 12.03521 1.913215 -1.684978 11.64783 2.846269 -1.532593 11.47426 4.005119 -1.238437 11.06211 4.590497 -1.011824 10.56645 -5.549073 0.1226159 10.96902 -5.552372 0.9223319 10.87758 3.779323 -10.98192 3.594388 1.913215 -11.40801 3.732833 5.135725E-08 -11.55122 3.779363 -3.779323 0.9790709 11.60979 -3.779323 -0.1528641 11.6914 -1.913215 -0.4748021 12.07549 -2.846269 -0.9652561 11.79577 -1.913215 -1.140587 11.95585 -1.913215 -1.684978 11.64783 -0.956608 -1.775686 11.80741 0 -1.336765 12.07166 -0.956608 -1.282475 12.05687 -2.846269 -1.532593 11.47426 -3.779323 -0.7555871 11.48043 3.819515 -5.835373 8.351583 4.624671 -3.335469 9.266868 4.264748 -5.989316 8.421246 5.230084 -3.275867 9.264054 -5.552372 10.44429 3.367403 -5.552372 8.896454 6.405181 -3.779323 11.14276 3.594353 -3.779323 9.49062 6.836863 -1.913215 11.56884 3.732795 -1.913215 9.853065 7.100199 7.075538 3.138024 9.410135 7.075538 5.896263 8.004739 -1.913215 -11.40801 3.732833 -3.779323 -10.98192 3.594388 1.010782 -3.355268 -15.25451 0.669868 -2.67367 -17.10911 0 -3.493608 -15.25451 0 -2.770302 -17.10911 -0.669868 -2.67367 -17.10911 0 -2.023561 -18.67171 -0.679191 -1.879915 -18.67171 0 -1.457306 -19.64834 -0.539713 -1.238217 -19.64834 0 -0.7604985 -20.02553 -0.801921 -0.8048305 -19.64834 -0.539713 -0.3714465 -19.64834 -1.297759 -0.2892285 -18.67171 -0.679191 0.2276185 -18.67171 -1.653539 0.3006424 -17.10911 -1.212809 0.7220864 -17.10911 -2.480787 0.9342154 -15.25451 -1.817587 1.551142 -15.25451 -3.589205 1.597152 -13.89465 -2.628908 2.511418 -13.89465 0.679191 -1.879915 -18.67171 0.539713 -1.238217 -19.64834 0.801921 -0.8048305 -19.64834 0.539713 -0.3714465 -19.64834 1.297759 -0.2892285 -18.67171 0.679191 0.2276185 -18.67171 1.653539 0.3006424 -17.10911 1.212809 0.7220864 -17.10911 2.480787 0.9342154 -15.25451 1.817587 1.551142 -15.25451 3.589205 1.597152 -13.89465 2.628908 2.511418 -13.89465 -1.010782 -3.355268 -15.25451 -1.228558 -2.395257 -17.10911 -1.854231 -2.958127 -15.25451 -1.669287 -1.963627 -17.10911 -2.517431 -2.343797 -15.25451 -1.949124 -1.422464 -17.10911 -2.93595 -1.575476 -15.25451 -2.041696 -0.8257936 -17.10911 -3.071196 -0.8013046 -15.25451 -1.939389 -0.2322756 -17.10911 -2.913299 0.03688936 -15.25451 2.913299 0.03688936 -15.25451 1.939389 -0.2322756 -17.10911 3.071196 -0.8013046 -15.25451 2.041696 -0.8257936 -17.10911 2.93595 -1.575476 -15.25451 1.949124 -1.422464 -17.10911 2.517431 -2.343797 -15.25451 1.669287 -1.963627 -17.10911 1.854231 -2.958127 -15.25451 1.228558 -2.395257 -17.10911 1.297759 -1.36307 -18.67171 1.469676 -0.8261495 -18.67171 -1.469676 -0.8261495 -18.67171 -1.297759 -1.36307 -18.67171 0 -0.1523555 -19.64834 0 0.3712635 -18.67171 -0.660134 0.9922524 -17.10911 0.660134 0.9922524 -17.10911 0 1.085736 -17.10911 -0.988133 1.930806 -15.25451 0.988133 1.930806 -15.25451 1.418862 3.098407 -13.89465 0 2.06246 -15.25451 0 3.30066 -13.89465 -1.418862 3.098407 -13.89465 4.205754 0.5092653 -13.89465 -4.205754 0.5092653 -13.89465 6.464944 4.233883 -10.28738 4.761109 2.900249 -12.45829 7.599998 1.783247 -10.28738 5.597018 1.185602 -12.47934 7.788468 -0.7064587 -10.28738 5.885054 -0.7150837 -12.50269 7.599998 -3.651464 -10.28738 5.597018 -2.694613 -12.52313 6.464946 -5.783212 -10.28738 4.761109 -4.171864 -12.54127 4.697058 -7.340482 -10.28738 3.459148 -5.496739 -12.55754 2.469391 -8.340309 -10.28738 1.818583 -6.258938 -12.5669 0 -8.684824 -10.28738 0 -6.521573 -12.57013 -1.818583 -6.258938 -12.5669 -1.418862 -4.698081 -13.89465 -2.628908 -4.111092 -13.89465 4.418202 -0.9025567 -13.89465 4.205754 -2.115487 -13.89465 3.589205 -3.196831 -13.89465 2.628908 -4.111092 -13.89465 1.418862 -4.698081 -13.89465 0 -4.900341 -13.89465 -2.469391 -8.340309 -10.28738 -3.459148 -5.496739 -12.55754 -4.697058 -7.340482 -10.28738 -4.761109 -4.171864 -12.54127 -6.464946 -5.783212 -10.28738 -5.597018 -2.694613 -12.52313 -7.599998 -3.651464 -10.28738 -5.885054 -0.7150837 -12.50269 -7.788468 -0.7064587 -10.28738 -3.589205 -3.196831 -13.89465 -4.205754 -2.115487 -13.89465 -4.418202 -0.9025567 -13.89465 -7.599998 1.783247 -10.28738 -5.597018 1.185602 -12.47934 -6.464944 4.233883 -10.28738 -4.761109 2.900249 -12.45829 -4.697058 6.09757 -10.28738 3.459147 4.260986 -12.44158 1.818583 4.999992 -12.4325 0 5.301032 -12.4288 -1.818583 4.999992 -12.4325 -2.46939 7.186155 -10.28738 -3.459147 4.260986 -12.44158 0 7.598467 -10.28738 4.697058 6.09757 -10.28738 2.46939 7.186155 -10.28738 -1.913215 -10.28335 6.300385 -3.779323 -9.698674 6.302655 -2.556954 -9.282088 7.383328 -3.779323 -8.415045 7.640684 -2.37906 -8.991259 7.630799 -3.439871 -8.002502 7.827832 -3.108945 -7.754864 7.914162 -2.176783 -8.299719 7.461625 -2.225647 -8.555628 7.691875 -2.789707 -7.5913 7.728661 3.779323 -9.698673 6.302655 1.913215 -10.28335 6.300385 2.927351E-07 -10.48289 6.236367 2.577478E-07 -9.045211 7.144102 2.598684E-07 -9.13235 7.578795 -0.6656647 -8.981705 7.179749 -0.6656647 -9.099745 7.585889 -1.331331 -8.797531 7.251781 -1.331331 -8.946472 7.629368 2.700827E-07 -9.552072 7.529587 -0.6893987 -9.512152 7.534541 -1.400322 -9.365558 7.560194 -1.600996 -9.708239 7.246336 -0.7174557 -9.881739 7.148051 2.792876E-07 -9.930314 7.166937 0.6656652 -8.981705 7.179749 0.6656652 -9.099745 7.585889 0.6893993 -9.512152 7.534541 0.7174563 -9.881739 7.148051 1.600996 -9.708239 7.246336 2.556954 -9.282088 7.383328 3.779323 -8.415044 7.640684 3.439871 -8.002502 7.827832 3.108945 -7.754864 7.914162 1.331331 -8.797532 7.251781 1.331331 -8.946472 7.629368 1.400322 -9.365558 7.560194 2.176783 -8.299719 7.461625 2.225647 -8.555628 7.691875 2.37906 -8.991259 7.630799 2.789707 -7.5913 7.728661</float_array>
					<technique_common>
						<accessor source="#polygon2_PosArr" count="803" stride="3">
							<param name="X" type="float" />
							<param name="Y" type="float" />
							<param name="Z" type="float" />
						</accessor>
					</technique_common>
				</source>
				<source id="polygon2_Normals">
					<float_array id="polygon2_NormArr" count="2409">-0.9189453 -0.3190918 0.2318115 -0.9189453 -0.3751221 0.1218872 -0.9141235 -0.3855591 0.1254272 -0.9137573 -0.40625 -4.943236E-09 -0.6828613 -0.694397 0.2271118 -0.6826172 -0.7307739 -8.892032E-09 -0.3561401 -0.9344482 -1.137033E-08 -0.3556519 -0.8884888 -0.289917 -0.2789307 -0.9133301 -0.2967529 -0.2789307 -0.7769165 -0.5644531 -0.2846069 -0.7755737 -0.5634766 -0.2846069 -0.5634766 -0.7755737 -0.3292236 -0.5549927 -0.763916 -0.3292236 -0.2918091 -0.8980713 -0.4179688 -0.2807617 -0.8640137 -0.4179688 1.613978E-08 -0.9084473 -0.5445557 1.683121E-08 -0.8386841 -0.5445557 0.2591553 -0.7976685 -0.6851807 0.2249146 -0.692749 -0.7069092 0.4140625 -0.5734253 -0.8225098 0.1699829 -0.5427246 -0.8391113 0.4365845 -0.3244629 -0.9486694 0.09411623 -0.302002 -0.9486694 0.3162842 -0.003784176 -1 1.216722E-08 6.103516E-05 -0.9486694 0.1013184 0.2995605 -0.9486694 -0.2536011 0.1889648 -0.8391724 -0.1625366 0.519043 -0.8225708 -0.4564819 0.3391724 -0.7069092 -0.4140625 0.5734253 -0.6851807 -0.5891724 0.4282837 -0.5445557 -0.492981 0.6785278 -0.5445557 -0.6785278 0.492981 -0.4179688 -0.5339966 0.7349854 -0.4179688 -0.7349854 0.5339966 -0.3292236 -0.5549927 0.763916 -0.3292236 -0.763916 0.5549927 -0.2846069 -0.5634766 0.7755737 -0.2846069 -0.7755737 0.5634766 -0.2789307 -0.5644531 0.7769165 -0.2789307 -0.7769165 0.5644531 -0.3546753 -0.5477905 0.7577515 -0.3549194 -0.7553101 0.5509644 -0.68396 -0.5889893 0.4304199 -0.9189453 -0.3944092 -4.799157E-09 -0.9160767 -0.3839111 -0.1157227 -0.6828613 -0.694397 -0.2271118 -0.3549194 -0.7553101 -0.5509644 -0.2789307 -0.5644531 -0.7769165 -0.2846069 -0.2962646 -0.9117432 -0.3292236 1.549589E-08 -0.9442749 -0.4179688 0.2807617 -0.8640137 -0.5445557 0.492981 -0.6785278 -0.6851807 0.5891724 -0.4282227 -0.7069092 0.6720581 -0.22052 -0.8225708 0.5686646 -0.006103509 -0.6851807 0.7283325 -0.0001830966 -0.7069092 0.6733398 0.2166138 -0.5445557 0.8386841 1.020508E-08 -0.5445557 0.7976685 0.2591553 -0.4179688 0.9084473 1.105395E-08 -0.4179688 0.8640137 0.2807617 -0.3292236 0.9442749 1.14899E-08 -0.3292236 0.8980713 0.2918091 -0.2846069 0.9586792 1.166517E-08 -0.2846069 0.9117432 0.2962646 -0.2789307 0.9603271 1.168523E-08 -0.2789307 0.9133301 0.2967529 -0.362915 0.9318237 1.13384E-08 -0.3620605 0.8865967 0.2877808 -0.7047119 0.6748047 0.2191162 -0.7025146 0.5762939 0.4175415 -0.9228516 0.3114624 0.2264404 -0.9219971 0.227478 0.3132324 -0.9189453 0.3190918 0.2318115 -0.9189453 0.2318115 0.3190918 -0.8391113 0.4434814 0.3149414 -0.8225708 0.1815186 0.5389404 -0.7069092 0.002075195 0.7072754 -0.6851807 -0.2249146 0.692749 -0.5445557 -3.578944E-09 0.8386841 -0.5445557 -0.2591553 0.7976685 -0.4179688 -5.968125E-09 0.9084473 -0.4179688 -0.2807617 0.8640137 -0.3292236 -7.483922E-09 0.9442749 -0.3292236 -0.2918091 0.8980713 -0.2846069 -8.202087E-09 0.9586792 -0.2846069 -0.2962646 0.9117432 -0.2789307 -8.291209E-09 0.9603271 -0.2789307 -0.2967529 0.9133301 -0.3557739 0.002380364 0.9345703 -0.3549805 -0.2865601 0.8898926 -0.689209 -0.2213745 0.6898804 -0.6862183 -0.4255371 0.5899048 -0.9163818 -0.2351685 0.3239136 -0.9150391 -0.3261719 0.2371826 -0.9189453 -0.2318115 0.3190918 -0.9189453 0.3751221 0.1218872 -0.9233398 0.3651123 0.1187744 -0.9189453 0.3944092 4.799157E-09 -0.9235229 0.3835449 4.666961E-09 -0.9092407 0.4025879 -0.1060181 -0.9251099 0.3635254 -0.1095581 -0.9144287 0.3476563 -0.2071533 -0.9309082 0.3032227 -0.2037354 -0.9162598 0.2466431 -0.3156128 -0.9359741 0.2147827 -0.2789307 -0.927124 0.1091919 -0.3584595 -0.9385986 0.1102295 -0.3269043 -0.9429932 -0.004089347 -0.3327637 -0.9390869 -0.0001830933 -0.343689 -0.9406128 -0.09582519 -0.3257446 -0.9384766 -0.1082764 -0.3279419 -0.947937 -0.2095947 -0.2398682 -0.9341431 -0.2186279 -0.2821655 -0.9231567 -0.3389282 -0.1812134 -0.9247437 -0.3181763 -0.2089233 -0.9164429 -0.3895874 -0.09106446 -0.6851807 0.5893555 0.4279785 -0.7069092 0.4174194 0.5709839 -0.5445557 0.6785278 0.492981 -0.5445557 0.492981 0.6785278 -0.4179688 0.7349854 0.5339966 -0.4179688 0.5339966 0.7349854 -0.3292236 0.763916 0.5549927 -0.3292236 0.5549927 0.763916 -0.2846069 0.7755737 0.5634766 -0.2846069 0.5634766 0.7755737 -0.2789307 0.7769165 0.5644531 -0.2789307 0.5644531 0.7769165 -0.3602905 0.7553101 0.5474854 -0.3585205 0.5500488 0.7542725 -0.699585 0.4213257 0.5770874 -0.696228 0.223938 0.6820068 -0.9208374 0.1204834 0.3708496 -0.9194336 6.10382E-05 0.3932495 -0.9189453 0.1218872 0.3751221 -0.9189453 -3.264793E-10 0.3944092 -0.6851807 0.2252197 0.692627 -0.5445557 0.2591553 0.7976685 -0.4179688 0.2807617 0.8640137 -0.3292236 0.2918091 0.8980713 -0.2846069 0.2962646 0.9117432 -0.2789307 0.2967529 0.9133301 -0.3569946 0.2907104 0.8877563 -0.692688 0.002563475 0.7212524 -0.9179077 -0.1225586 0.3774414 -0.9189453 -0.1218872 0.3751221 -0.68396 -0.5889893 -0.4304199 -0.6862183 -0.4255371 -0.5899048 -0.3546753 -0.5477905 -0.7577515 -0.3549805 -0.28656 -0.8898926 -0.2789307 -0.2967529 -0.9133301 -0.2789307 1.507924E-08 -0.9603271 -0.2846069 1.512826E-08 -0.9586792 -0.2846069 0.2962646 -0.9117432 -0.3292236 0.2918091 -0.8980713 -0.3292236 0.5549927 -0.763916 -0.4179688 0.5339966 -0.7349854 -0.4179688 0.7349854 -0.5339966 -0.5445557 0.6785278 -0.492981 -0.5445557 0.7976685 -0.2591553 -0.4179688 0.8640137 -0.2807007 -0.3292236 0.763916 -0.5549927 -0.3292236 0.8980713 -0.2918091 -0.2846069 0.7755737 -0.5634766 -0.2846069 0.9117432 -0.2962646 -0.2789307 0.7769165 -0.5644531 -0.2789307 0.9133301 -0.2967529 -0.3602905 0.7553101 -0.5474854 -0.3620605 0.8865967 -0.2877808 -0.7025146 0.5762939 -0.4175415 -0.7047119 0.6748047 -0.2191162 -0.8391113 -0.173645 -0.5155029 -0.9486694 -0.2581177 -0.1828613 -0.8225098 -0.463623 -0.3293457 -0.8391113 -0.5438843 0.005859368 -0.7069092 -0.6733398 -0.2166138 -0.6851807 -0.7283325 0.0001830966 -0.5445557 -0.8386841 -1.020508E-08 -0.5445557 -0.7976685 0.2591553 -0.4179688 -0.8640137 0.2807007 -0.2846069 0.5634766 -0.7755737 -0.2789307 0.5644531 -0.7769165 -0.3585205 0.5500488 -0.7542725 -0.699585 0.4213257 -0.5770874 -0.6851807 -0.5893555 -0.4279785 -0.5445557 -0.7976685 -0.2591553 -0.5445557 -0.6785278 -0.492981 -0.4179688 -0.8640137 -0.2807007 -0.4179688 -0.7349854 -0.5339966 -0.3292236 -0.8980713 -0.2918091 -0.3292236 -0.763916 -0.5549927 -0.2846069 -0.9117432 -0.2962646 -0.4179688 -0.9084473 -1.105395E-08 -0.3292236 -0.9442749 -1.14899E-08 -0.2846069 -0.9586792 -1.166517E-08 -0.2789307 -0.9603271 -1.168523E-08 -0.3292236 -0.8980713 0.2918091 -0.2846069 -0.9117432 0.2962646 -0.2789307 -0.9133301 0.2967529 -0.3556519 -0.8884888 0.289917 -0.2789307 0.2967529 -0.9133301 -0.3569946 0.2907105 -0.8877563 -0.696228 0.223938 -0.6820068 -0.4179688 -0.5339966 -0.7349854 -0.5445557 -0.492981 -0.6785278 -0.7069092 -0.4174194 -0.5709839 -0.7069092 -0.6720581 0.22052 -0.7056885 0.7084961 8.620956E-09 -0.6851807 -0.2252197 -0.692627 -0.7069092 -0.002075178 -0.7072754 -0.5445557 -0.2591552 -0.7976685 -0.3557739 0.002380387 -0.9345703 -0.692688 0.002563493 -0.7212524 -0.689209 -0.2213745 -0.6898804 0.9189453 -0.3190918 0.2318115 0.9189453 -0.2318115 0.3190918 0.9150391 -0.3261719 0.2371826 0.9163818 -0.2351685 0.3239136 0.6862183 -0.4255371 0.5899048 0.689209 -0.2213745 0.6898804 0.3549805 -0.2865601 0.8898926 0.3557739 0.002380364 0.9345703 0.2789307 -0.2967529 0.9133301 0.2789307 -8.291209E-09 0.9603271 0.2846069 -0.2962646 0.9117432 0.2846069 -8.202087E-09 0.9586792 0.3292236 -0.2918091 0.8980713 0.3292236 -7.483922E-09 0.9442749 0.4179688 -0.2807617 0.8640137 0.4179688 -5.968125E-09 0.9084473 0.5445557 -0.2591553 0.7976685 0.5445557 -3.578944E-09 0.8386841 0.6851807 -0.2249146 0.692749 0.7069092 0.002075195 0.7072754 0.8391724 -0.1625366 0.519043 0.8225708 0.1815186 0.5389404 0.9486694 0.1013184 0.2995605 0.8391113 0.4434204 0.3149414 0.9486694 0.3162842 -0.003784176 0.8225708 0.5686646 -0.006103509 0.8391113 0.4365845 -0.3244629 0.7069092 0.6720581 -0.22052 0.6851807 0.5891724 -0.4282227 0.5445557 0.6785278 -0.492981 0.5445557 0.492981 -0.6785278 0.4179688 0.5339966 -0.7349854 0.4179688 0.2807617 -0.8640137 0.3292236 0.2918091 -0.8980713 0.3292236 1.549589E-08 -0.9442749 0.2846069 1.512826E-08 -0.9586792 0.2846069 -0.2962646 -0.9117432 0.2789307 -0.2967529 -0.9133301 0.2789307 -0.5644531 -0.7769165 0.3546753 -0.5477905 -0.7577515 0.3549194 -0.7553101 -0.5509644 0.68396 -0.5889893 -0.4304199 0.6828613 -0.694397 -0.2271118 0.9160767 -0.3839111 -0.1157227 0.6826172 -0.7307739 -8.892032E-09 0.9137573 -0.40625 -4.943236E-09 0.6828613 -0.694397 0.2271118 0.9141235 -0.3855591 0.1254272 0.68396 -0.5889893 0.4304199 0.9189453 -0.1218872 0.3751221 0.9179077 -0.1225586 0.3774414 0.692688 0.002563475 0.7212524 0.3569946 0.2907104 0.8877563 0.2789307 0.2967529 0.9133301 0.2846069 0.2962646 0.9117432 0.3292236 0.2918091 0.8980713 0.4179688 0.2807617 0.8640137 0.5445557 0.2591553 0.7976685 0.6851807 0.2252197 0.692627 0.7069092 0.4174194 0.5709839 0.6851807 0.5893555 0.4279785 0.7069092 0.6733398 0.2166138 0.5445557 0.7976685 0.2591553 0.5445557 0.8386841 1.020508E-08 0.4179688 0.9084473 1.105395E-08 0.4179688 0.8640137 -0.2807007 0.3292236 0.8980713 -0.2918091 0.3292236 0.763916 -0.5549927 0.2846069 0.7755737 -0.5634766 0.2846069 0.5634766 -0.7755737 0.2789307 0.5644531 -0.7769165 0.2789307 0.2967529 -0.9133301 0.3569946 0.2907105 -0.8877563 0.3557739 0.002380387 -0.9345703 0.692688 0.002563493 -0.7212524 0.689209 -0.2213745 -0.6898804 0.9390869 -0.0001830933 -0.343689 0.9384766 -0.1082764 -0.3279419 0.9406128 -0.09582519 -0.3257446 0.947937 -0.2095947 -0.2398682 0.9486694 0.09411623 -0.302002 1 1.216722E-08 6.103516E-05 0.9486694 -0.2536011 0.1889648 0.8225708 -0.4564819 0.3391724 0.7069092 -0.4140625 0.5734253 0.6851807 -0.5891724 0.4282837 0.5445557 -0.492981 0.6785278 0.5445557 -0.6785278 0.492981 0.4179688 -0.5339966 0.7349854 0.4179688 -0.7349854 0.5339966 0.3292236 -0.5549927 0.763916 0.3292236 -0.763916 0.5549927 0.2846069 -0.5634766 0.7755737 0.2846069 -0.7755737 0.5634766 0.2789307 -0.5644531 0.7769165 0.2789307 -0.7769165 0.5644531 0.3546753 -0.5477905 0.7577515 0.3549194 -0.7553101 0.5509644 0.6851807 0.7283325 -0.0001830966 0.5445557 0.7976685 -0.2591553 0.4179688 0.7349854 -0.5339966 0.3292236 0.5549927 -0.763916 0.2846069 0.2962646 -0.9117432 0.2789307 1.507924E-08 -0.9603271 0.3549805 -0.28656 -0.8898926 0.6862183 -0.4255371 -0.5899048 0.9247437 -0.3181763 -0.2089233 0.9164429 -0.3895874 -0.09106446 0.9189453 -0.3944092 -4.799157E-09 0.9189453 -3.264793E-10 0.3944092 0.9194336 6.10382E-05 0.3932495 0.696228 0.223938 0.6820068 0.3585205 0.5500488 0.7542725 0.2789307 0.5644531 0.7769165 0.2846069 0.5634766 0.7755737 0.3292236 0.5549927 0.763916 0.4179688 0.5339966 0.7349854 0.5445557 0.492981 0.6785278 0.9189453 0.1218872 0.3751221 0.9208374 0.1204834 0.3708496 0.699585 0.4213257 0.5770874 0.3602905 0.7553101 0.5474854 0.2789307 0.7769165 0.5644531 0.2846069 0.7755737 0.5634766 0.3292236 0.763916 0.5549927 0.4179688 0.7349854 0.5339966 0.5445557 0.6785278 0.492981 0.8225098 0.1699829 -0.5427246 0.7069092 0.4140625 -0.5734253 0.6851807 0.2249146 -0.692749 0.5445557 0.2591553 -0.7976685 0.5445557 1.683121E-08 -0.8386841 0.4179688 1.613978E-08 -0.9084473 0.4179688 -0.2807617 -0.8640137 0.3292236 -0.2918091 -0.8980713 0.3292236 -0.5549927 -0.763916 0.2846069 -0.5634766 -0.7755737 0.2846069 -0.7755737 -0.5634766 0.2789307 -0.7769165 -0.5644531 0.2789307 -0.9133301 -0.2967529 0.3556519 -0.8884888 -0.289917 0.3561401 -0.9344482 -1.137033E-08 0.4179688 0.8640137 0.2807617 0.3292236 0.9442749 1.14899E-08 0.2846069 0.9117432 -0.2962646 0.2789307 0.7769165 -0.5644531 0.3585205 0.5500488 -0.7542725 0.696228 0.223938 -0.6820068 0.9385986 0.1102295 -0.3269043 0.9429932 -0.004089347 -0.3327637 0.8391113 -0.173645 -0.5155029 0.7069092 -0.002075178 -0.7072754 0.6851807 -0.2252197 -0.692627 0.5445557 -0.2591552 -0.7976685 0.5445557 -0.492981 -0.6785278 0.4179688 -0.5339966 -0.7349854 0.4179688 -0.7349854 -0.5339966 0.3292236 -0.763916 -0.5549927 0.3292236 -0.8980713 -0.2918091 0.2846069 -0.9117432 -0.2962646 0.2846069 -0.9586792 -1.166517E-08 0.2789307 -0.9603271 -1.168523E-08 0.2789307 -0.9133301 0.2967529 0.3556519 -0.8884888 0.289917 0.9486694 -0.2581177 -0.1828613 0.8225098 -0.463623 -0.3293457 0.7069092 -0.4174194 -0.5709839 0.6851807 -0.5893555 -0.4279785 0.5445557 -0.6785278 -0.492981 0.5445557 -0.7976685 -0.2591553 0.4179688 -0.8640137 -0.2807007 0.4179688 -0.9084473 -1.105395E-08 0.3292236 -0.9442749 -1.14899E-08 0.3292236 -0.8980713 0.2918091 0.2846069 -0.9117432 0.2962646 0.3292236 0.8980713 0.2918091 0.2846069 0.9117432 0.2962646 0.2846069 0.9586792 1.166517E-08 0.2789307 0.9603271 1.168523E-08 0.2789307 0.9133301 -0.2967529 0.3620605 0.8865967 -0.2877808 0.3602905 0.7553101 -0.5474854 0.7025146 0.5762939 -0.4175415 0.699585 0.4213257 -0.5770874 0.9359741 0.2147827 -0.2789307 0.927124 0.1091919 -0.3584595 0.2789307 0.9133301 0.2967529 0.362915 0.9318237 1.13384E-08 0.7047119 0.6748047 -0.2191162 0.9309082 0.3032227 -0.2037354 0.9162598 0.2466431 -0.3156128 0.3620605 0.8865967 0.2877808 0.7047119 0.6748047 0.2191162 0.7056885 0.7084961 8.620956E-09 0.9233398 0.3651123 0.1187744 0.9235229 0.3835449 4.666961E-09 0.9189453 0.3944092 4.799157E-09 0.9092407 0.4025879 -0.1060181 0.8391113 -0.5438843 0.005859368 0.7069092 -0.6733398 -0.2166138 0.6851807 -0.7283325 0.0001830966 0.5445557 -0.8386841 -1.020508E-08 0.5445557 -0.7976685 0.2591553 0.4179688 -0.8640137 0.2807007 0.7025146 0.5762939 0.4175415 0.9228516 0.3114624 0.2264404 0.9189453 0.3751221 0.1218872 0.7069092 -0.6720581 0.22052 0.9189453 -0.3751221 0.1218872 0.9251099 0.3635254 -0.1095581 0.9144287 0.3476563 -0.2071533 0.9219971 0.227478 0.3132324 0.9189453 0.3190918 0.2318115 0.9231567 -0.3389282 -0.1812134 0.9341431 -0.2186279 -0.2821655 0.9189453 0.2318115 0.3190918 0.8226929 -0.5601807 -0.09649659 0.8540039 -0.5202637 0.002868646 0.8432007 -0.5113525 0.1661377 0.8432007 -0.4349365 0.31604 0.8432007 -0.31604 0.4349365 0.8432007 -0.1661377 0.5113525 0.8432007 -5.516208E-09 0.5376587 0.8432007 0.1661377 0.5113525 0.8432007 0.31604 0.4349365 0.8432007 0.4349365 0.31604 0.8432007 0.5113525 0.1661377 0.8488159 0.5280151 -0.0270996 0.7324829 -0.6807861 0.005004874 0.7390137 -0.6407511 0.2081922 0.7320557 -0.5463901 0.4068629 0.7105713 -0.4056396 0.5749512 0.7064209 -0.2285767 0.6698608 0.7287598 -0.01177979 0.6846924 0.7390137 0.2081909 0.6407471 0.7390137 0.3959961 0.5450439 0.7390137 0.5450439 0.3959961 0.7390137 0.6407471 0.2081909 0.7377319 0.6740723 -0.03686523 -0.8447266 0.2136231 -0.4906616 -0.7067261 0.4309692 -0.5610962 -0.8095703 0.4448242 -0.3829956 -0.4744873 0.6469727 -0.5968628 -0.5337524 0.7244263 -0.4362793 -0.2417603 0.7560425 -0.6082764 -0.2738647 0.8371582 -0.4733887 0 0.7874756 -0.616333 0 0.871582 -0.4902344 0.2738647 0.8371582 -0.4733887 0.3011475 0.9232788 -0.2385254 0.5863037 0.7822266 -0.2106323 0.4576416 0.8884277 -0.03570556 0.6186523 0.7856445 0.003845224 -0.8795776 -0.003845205 -0.475708 -0.8110352 0.553772 -0.1884766 -0.8488159 0.5280151 -0.0270996 0.8110352 0.553772 -0.1884766 0.8095703 0.4448242 -0.3829956 0.8447266 0.2136231 -0.4906616 0.8795776 -0.003845205 -0.475708 -0.8814087 -0.2653198 -0.3908081 -0.8109131 -0.5304565 -0.2471314 -0.8226929 -0.5601807 -0.09649659 -0.5936279 -0.7983398 -0.1013184 -0.7324829 -0.6807861 0.005004874 -0.6184082 -0.7852783 0.03094481 0 0.9737549 -0.2276001 -0.3011475 0.9232788 -0.2385254 -0.5863037 0.7822266 -0.2106323 -0.4682007 -0.8834839 0.01428222 -0.3110352 -0.9447021 -0.1037598 -0.5506592 -0.7947388 -0.2553711 -0.295105 -0.9152222 -0.274353 -0.4939575 -0.7401123 -0.4563599 -0.2642822 -0.8468018 -0.4616089 0.8814087 -0.2653198 -0.3908081 0.8109131 -0.5304565 -0.2471314 0.5936279 -0.7983398 -0.1013184 0.6184082 -0.7852783 0.03094481 -0.3085327 -0.949585 0.05566405 -0.1574097 -0.9869995 0.03295897 0 -0.9951782 -0.09820558 0 -0.9978027 0.06585692 0.1574097 -0.9869995 0.03295897 0.309021 0.9510498 -0.005615223 0.1647949 0.9859009 -0.0281372 0 0.9997559 0.02087404 -0.1647949 0.9859009 -0.0281372 0.3110352 -0.9447021 -0.1037598 0.295105 -0.9152222 -0.274353 0 -0.9603271 -0.2789917 0.2642822 -0.8468018 -0.4616089 0 -0.8849487 -0.4657593 -0.8540039 -0.5202637 0.002868646 -0.7390137 -0.6407511 0.2081922 -0.8432007 -0.5113525 0.1661377 -0.7320557 -0.5463901 0.4068629 0.4682007 -0.8834839 0.01428222 0.3085327 -0.949585 0.05566405 0.7111206 -0.539978 -0.4503174 0.5506592 -0.7947388 -0.2553711 0.2417603 0.7560425 -0.6082764 0.5337524 0.7244263 -0.4362793 -0.8432007 -0.4349365 0.31604 -0.7105713 -0.4056396 0.5749512 -0.8432007 -0.31604 0.4349365 -0.7064209 -0.2285767 0.6698608 -0.8432007 -0.1661377 0.5113525 -0.7287598 -0.01177979 0.6846924 -0.8432007 -5.516208E-09 0.5376587 -0.7390137 0.2081909 0.6407471 -0.8432007 0.1661377 0.5113525 -0.7390137 0.3959961 0.5450439 -0.8432007 0.31604 0.4349365 -0.7390137 0.5450439 0.3959961 -0.8432007 0.4349365 0.31604 -0.7390137 0.6407471 0.2081909 -0.8432007 0.5113525 0.1661377 -0.7377319 0.6740723 -0.03686523 -0.7111206 -0.539978 -0.4503174 -0.309021 0.9510498 -0.005615223 -0.4576416 0.8884277 -0.03570556 -0.6186523 0.7856445 0.003845224 0.4939575 -0.7401123 -0.4563599 0.7067261 0.4309692 -0.5610962 0.4744873 0.6469727 -0.5968628 -0.6253662 -0.002868662 0.7803345 -0.5111694 -0.3132344 0.80042 -0.5437012 -0.4610653 0.7013026 -0.6000977 -0.6278919 0.4956848 -0.6194458 -0.7468308 0.2420059 0.111023 -0.3392501 0.9341891 0.1828613 -0.3764695 0.9082144 0.3581543 -0.4488053 0.8187507 0.5111694 -0.3132344 0.80042 0.5437012 -0.4610653 0.7013026 0.468689 -0.6911919 0.5501336 0.6000977 -0.6278918 0.4956848 0.6194458 -0.7468308 0.2420059 -0.1110229 -0.3392501 0.9341891 -0.3581543 -0.4488053 0.8187507 -0.151123 -0.365422 0.9185295 -0.3421021 -0.3383179 0.8766479 0.3972168 -0.3127441 0.862793 0.6253662 -0.002868662 0.7803345 -0.468689 -0.691192 0.5501336 0.4731445 -0.8393049 0.2678256 -0.4731445 -0.8393049 0.2678256 -0.8269653 -0.4111328 0.3835449 -0.2037354 -0.9234619 0.3251953 0.1503906 -0.5441895 0.8253784 0.4490356 -0.6534424 0.609375 0.4576416 -0.2299805 0.8588867 0.4020386 -0.4063721 0.8204956 0.3198242 -0.1248169 0.939209 0.276001 -0.3427124 0.8979492 0.1543579 -0.08947755 0.9839478 0.1843262 -0.355835 0.9161987 0.09130859 -0.2817383 0.9551392 0.08416748 -0.9708862 0.2241821 0 -0.9712524 0.2380981 0 0.809021 0.5877686 0 0.9510498 0.309021 0.1564331 0.7990723 0.5805664 0.1564331 0.9393311 0.3052368 0.309082 0.7694092 0.559021 0.309082 0.90448 0.2938843 0.4684448 0.7147827 0.5192871 0.4684448 0.840271 0.2730103 0.6187134 0.6355591 0.461792 0.6187134 0.7471313 0.2427368 -0.6187134 0.7471313 0.2427368 -0.6187134 0.6355591 0.461792 -0.6187134 0.461792 0.6355591 -0.6130981 0.2266846 0.7567749 0.7576904 0.1558304 0.6338204 0.06018067 -0.2699718 0.961046 0.6606445 -0.1056538 0.7432388 -0.03662109 -0.3351502 0.9414847 0.803772 -0.421936 0.4194336 -0.1882935 -0.5493168 0.8141484 0.1369019 -0.9364624 0.322876 -0.4812622 -0.6577759 0.5794067 -0.1199341 -0.9910889 -0.05743409 -0.2090454 -0.9752197 0.07226561 0.4959717 0.1309814 0.8583984 0.2991333 0.1262207 0.9458618 0.1481934 0.1137085 0.9824219 0 -0.1044922 0.9945068 0 0.1090088 0.9940186 -0.1481934 0.1137085 0.9824219 0.1938477 -0.8931885 0.4057617 0.2996216 -0.8795776 0.3695068 0.2090454 -0.9752197 0.07226561 0.1199341 -0.9910889 -0.05743409 -0.4606934 -0.2553711 0.8499756 -0.4959717 0.1309814 0.8583984 0.3183594 -0.9060171 0.2789952 0.1622314 -0.9460567 0.2805821 4.672002E-09 -0.9598508 0.2805821 -0.2991333 0.1262207 0.9458618 -0.3198242 -0.1248169 0.939209 -0.1543579 -0.08947755 0.9839478 -0.276001 -0.3427124 0.8979492 -0.1843262 -0.355835 0.9161987 -0.1938477 -0.8931885 0.4057617 -0.08416748 -0.9708862 0.2241821 0 -0.3253784 0.9455566 -0.09130859 -0.2817383 0.9551392 -0.2996216 -0.8795776 0.3695068 -0.4020386 -0.4063721 0.8204956 -0.7576904 0.1558304 0.6338204 -0.6606445 -0.1056538 0.7432388 -0.06018066 -0.2699718 0.961046 0.002868655 -0.3495548 0.936968 -0.4684448 0.840271 0.2730103 -0.4684448 0.7147827 0.5192871 -0.309082 0.90448 0.2938843 -0.309082 0.7694092 0.559021 -0.1564331 0.9393311 0.3052368 -0.1564331 0.7990723 0.5805664 0.6130981 0.2266846 0.7567749 0.6187134 0.461792 0.6355591 -0.1622314 -0.9460567 0.2805821 -0.3183594 -0.9060171 0.2789952 0.239563 -0.793457 -0.5595093 0.2525024 -0.8766479 -0.409607 0 -0.8322754 -0.5543823 0 -0.9172974 -0.3981934 -0.2525024 -0.8766479 -0.409607 0 -0.8870239 -0.461792 -0.4158936 -0.7756348 -0.4747925 0 -0.7384644 -0.6743164 -0.4503784 -0.5370483 -0.7132568 0 0.01763918 -0.9998169 -0.6887207 0.003417986 -0.7249756 -0.4629517 0.5552979 -0.6908569 -0.7449951 0.4750977 -0.4683228 -0.4177856 0.7855225 -0.456604 -0.694397 0.574585 -0.4331665 -0.5063477 0.7362671 -0.4489135 -0.6422119 0.4841309 -0.5942993 -0.4564209 0.6705322 -0.5848389 -0.5466919 0.4099121 -0.7301025 -0.383606 0.5560913 -0.7373047 0.4158936 -0.7756348 -0.4747925 0.4503784 -0.5370483 -0.7132568 0.6887207 0.003417986 -0.7249756 0.4629517 0.5552979 -0.6908569 0.7449951 0.4750977 -0.4683228 0.4177856 0.7855225 -0.456604 0.694397 0.574585 -0.4331665 0.5063477 0.7362671 -0.4489135 0.6422119 0.4841309 -0.5942993 0.4564209 0.6705322 -0.5848389 0.5466919 0.4099121 -0.7301025 0.383606 0.5560913 -0.7373047 -0.239563 -0.793457 -0.5595093 -0.5211182 -0.7454224 -0.4156494 -0.4654541 -0.6772461 -0.5698242 -0.7002563 -0.5778198 -0.4193115 -0.6429443 -0.4960327 -0.5836182 -0.8679199 -0.2868042 -0.4055176 -0.7583618 -0.2633057 -0.5963135 -0.9099121 0.007202159 -0.4147339 -0.7992554 0.001586929 -0.6009521 -0.8653564 0.2901001 -0.4086914 -0.7593994 0.2547607 -0.5986328 0.7593994 0.2547607 -0.5986328 0.8653564 0.2901001 -0.4086914 0.7992554 0.001586929 -0.6009521 0.9099121 0.007202159 -0.4147339 0.7583618 -0.2633057 -0.5963135 0.8679199 -0.2868042 -0.4055176 0.6429443 -0.4960327 -0.5836182 0.7002563 -0.5778198 -0.4193115 0.4654541 -0.6772461 -0.5698242 0.5211182 -0.7454224 -0.4156494 0.7415771 -0.4695435 -0.479126 0.9003296 0.003051768 -0.4352417 -0.9003296 0.003051768 -0.4352417 -0.7415771 -0.4695435 -0.479126 0 0.7653198 -0.6436157 0 0.8969727 -0.4420776 -0.2445068 0.8643188 -0.4395141 0.2445068 0.8643188 -0.4395141 0 0.8971558 -0.4417114 -0.2321777 0.7824707 -0.5777588 0.2321777 0.7824707 -0.5777588 0.1929932 0.6434937 -0.7407227 0 0.8188477 -0.5740356 0 0.6707764 -0.7416382 -0.1929932 0.6434937 -0.7407227 0.656189 0.2188111 -0.722168 -0.656189 0.2188111 -0.722168 0.6231689 0.4046631 -0.6692505 0.5523682 0.392395 -0.7354736 0.7527466 0.1894531 -0.6304932 0.6704102 0.2052612 -0.7130737 0.7962646 0.00219728 -0.6049805 0.715271 0.0050049 -0.6988525 0.7560425 -0.2185669 -0.6169434 0.6657104 -0.2111816 -0.7156982 0.616394 -0.4743042 -0.6286011 0.5432129 -0.4129028 -0.7310181 0.4312744 -0.6501465 -0.6256104 0.3848877 -0.5574951 -0.7355957 0.2246704 -0.7496338 -0.6224976 0.1940918 -0.6511841 -0.7336426 0 -0.781189 -0.6243286 0 -0.6804199 -0.7328491 -0.1940918 -0.6511841 -0.7336426 -0.1931763 -0.6375122 -0.7457886 -0.3848267 -0.5512085 -0.7403564 0.6968384 -0.0003661935 -0.7172241 0.6520996 -0.2263183 -0.7235718 0.5412598 -0.4152221 -0.7312012 0.3848267 -0.5512085 -0.7403564 0.1931763 -0.6375122 -0.7457886 0 -0.6652222 -0.7466431 -0.2246704 -0.7496338 -0.6224976 -0.3848877 -0.5574951 -0.7355957 -0.4312744 -0.6501465 -0.6256104 -0.5432129 -0.4129028 -0.7310181 -0.616394 -0.4743042 -0.6286011 -0.6657104 -0.2111816 -0.7156982 -0.7560425 -0.2185669 -0.6169434 -0.715271 0.0050049 -0.6988525 -0.7962646 0.00219728 -0.6049805 -0.5412598 -0.4152221 -0.7312012 -0.6520996 -0.2263183 -0.7235718 -0.6968384 -0.0003661935 -0.7172241 -0.7527466 0.1894531 -0.6304932 -0.6704102 0.2052612 -0.7130737 -0.6231689 0.4046631 -0.6692505 -0.5523682 0.392395 -0.7354736 -0.4240723 0.585144 -0.6912231 0.3789063 0.5333862 -0.7562256 0.1891479 0.6158447 -0.7648315 0 0.6393433 -0.7689209 -0.1891479 0.6158447 -0.7648315 -0.217041 0.6925049 -0.6879883 -0.3789063 0.5333862 -0.7562256 0 0.7248535 -0.6889038 0.4240723 0.585144 -0.6912231 0.217041 0.6925049 -0.6879883 -0.1713257 -0.8476475 0.5022282 -0.3334961 -0.7625592 0.5544165 -0.2420044 -0.6652632 0.7063423 -0.2837524 -0.5282886 0.8003373 -0.08032226 -0.3565283 0.9309045 -0.1015625 -0.3332725 0.9374357 0.2250977 -0.09760125 0.9694811 0.5949707 0.7419891 0.3091011 0.3228149 0.1844596 0.9284019 0.7642212 0.4466218 0.4652997 0.3334961 -0.7625592 0.5544165 0.1713257 -0.8476475 0.5022282 2.142448E-08 -0.8803643 0.4744555 -2.31773E-08 0.9523903 0.3050115 -1.382646E-08 0.5681502 0.8229877 0.1897583 0.9292565 0.3170972 0.1591186 0.6562294 0.7377164 0.3262329 0.8962345 0.3006777 0.2722778 0.4887386 0.8289085 1.063871E-08 -0.4371608 0.8994695 -0.02960204 -0.4366114 0.8992254 -0.05700682 -0.41244 0.9092357 -0.1558227 -0.7337489 0.6614177 -0.07666013 -0.7944216 0.6026372 1.921266E-08 -0.7894774 0.6139294 -0.1897583 0.9292565 0.3170972 -0.1591187 0.6562294 0.7377164 0.02960206 -0.4366114 0.8992254 0.07666018 -0.7944216 0.6026372 0.1558228 -0.7337489 0.6614177 0.2420044 -0.6652632 0.7063423 0.2837524 -0.5282885 0.8003373 0.1015625 -0.3332725 0.9374357 -0.2250977 -0.09760126 0.9694811 -0.3262329 0.8962344 0.3006777 -0.2722778 0.4887386 0.8289085 0.05700685 -0.41244 0.9092357 -0.5949707 0.7419891 0.3091011 -0.3228149 0.1844596 0.9284019 0.08032227 -0.3565283 0.9309045 -0.7642212 0.4466217 0.4652997</float_array>
					<technique_common>
						<accessor source="#polygon2_NormArr" count="803" stride="3">
							<param name="X" type="float" />
							<param name="Y" type="float" />
							<param name="Z" type="float" />
						</accessor>
					</technique_common>
				</source>
				<source id="polygon2_UVs0">
					<float_array id="polygon2_UVArr0" count="1158">0.8057251 0.1383972 0.8057251 0.1601563 0.8016052 0.1678772 0.8016052 0.1842957 0.7985229 0.1717834 0.7985229 0.1842957 0.7955017 0.1842957 0.7955017 0.1957703 0.7878418 0.1942444 0.7878418 0.2032166 0.7795105 0.2003784 0.7795105 0.2064514 0.7741394 0.2035217 0.7741394 0.2069092 0.7703552 0.20401 0.7703552 0.2050171 0.7673035 0.2015381 0.7673035 0.2006836 0.7648621 0.1969604 0.7648621 0.1950684 0.7630615 0.1928406 0.7630615 0.1896667 0.7619934 0.1884155 0.7619934 0.1843262 0.7616272 0.1842957 0.7619934 0.1802063 0.7619934 0.1817322 0.7630615 0.1757202 0.7630615 0.178894 0.7648621 0.1735229 0.7648621 0.1764526 0.7673035 0.1703491 0.7673035 0.1741638 0.7703552 0.167511 0.7703552 0.1720886 0.7741394 0.1650696 0.7741394 0.1703186 0.7795105 0.1621399 0.7795105 0.1681824 0.7878418 0.1582336 0.7878418 0.1653442 0.7955017 0.1542358 0.7955017 0.1624451 0.7984924 0.1605225 0.8057251 0.1842957 0.8016052 0.2007141 0.7985229 0.1968079 0.7955017 0.2061462 0.7878418 0.2103577 0.7795105 0.2103271 0.7741394 0.2080688 0.7673035 0.1982422 0.7648621 0.1921082 0.7648621 0.1884155 0.7630615 0.1844482 0.7648621 0.1842957 0.7648621 0.1801758 0.7673035 0.1842957 0.7673035 0.1789551 0.7703552 0.1842957 0.7703552 0.177887 0.7741394 0.1842957 0.7741394 0.1769409 0.7795105 0.1842957 0.7795105 0.1758118 0.7878418 0.1842957 0.7878418 0.1743469 0.7955017 0.1727905 0.7983398 0.1720886 0.7983398 0.1610107 0.8016052 0.1530457 0.8016052 0.1412964 0.8057251 0.1211243 0.7630615 0.1791687 0.7630615 0.1758118 0.7648621 0.1709595 0.7648621 0.1716309 0.7673035 0.1670532 0.7673035 0.1679077 0.7703552 0.1635437 0.7703552 0.1645508 0.7741394 0.1605225 0.7741394 0.1616821 0.7795105 0.1568909 0.7795105 0.1582336 0.7878418 0.1520691 0.7878418 0.153656 0.7955017 0.1471252 0.7955017 0.1489563 0.7984619 0.1461182 0.7984619 0.1517029 0.8057251 0.2084045 0.8051147 0.2301941 0.8016052 0.2155151 0.8047485 0.247467 0.8016052 0.2272949 0.8044128 0.2585449 0.8016052 0.2348328 0.8042908 0.2615356 0.8016052 0.2374268 0.8042908 0.2585449 0.8044128 0.247467 0.8050842 0.2301941 0.7983704 0.1521912 0.7984009 0.1464233 0.8016052 0.133728 0.8016052 0.131134 0.8057251 0.1100159 0.8057251 0.1062012 0.7984314 0.1443176 0.7984924 0.2080383 0.7984619 0.2168884 0.7955017 0.2143555 0.7955017 0.219635 0.7878418 0.2149353 0.7878418 0.2164917 0.7795105 0.2116699 0.7703552 0.2010803 0.7703552 0.1964722 0.7673035 0.1944275 0.7673035 0.1896057 0.7703552 0.1907043 0.7741394 0.1982727 0.7741394 0.1916199 0.7795105 0.192749 0.7983398 0.20755 0.7983398 0.1965027 0.7630615 0.192749 0.7619934 0.1867981 0.7630615 0.1894226 0.7630615 0.1841431 0.7983704 0.2164001 0.7984009 0.222168 0.7983398 0.1842957 0.7648621 0.1976013 0.7955017 0.2214661 0.7984314 0.2242737 0.7984619 0.2224731 0.9442749 0.1383972 0.9442749 0.1211243 0.9483948 0.1530457 0.9483948 0.1412964 0.9515381 0.1517029 0.9515381 0.1461182 0.9544983 0.1489563 0.9544983 0.1471252 0.9621582 0.153656 0.9621582 0.1520691 0.9704895 0.1582336 0.9704895 0.1568909 0.9758606 0.1616821 0.9758606 0.1605225 0.9796448 0.1645508 0.9796448 0.1635437 0.9826965 0.1679077 0.9826965 0.1670532 0.9851379 0.1716309 0.9851379 0.1709595 0.9869385 0.1757202 0.9869385 0.1758118 0.9880066 0.1802063 0.9869385 0.1791687 0.9880066 0.1843262 0.9869385 0.1844482 0.9869385 0.1896667 0.9851379 0.1884155 0.9851379 0.1921082 0.9826965 0.1944275 0.9826965 0.1982422 0.9796448 0.2010803 0.9796448 0.20401 0.9758606 0.2069092 0.9758606 0.2080688 0.9704895 0.2116699 0.9704895 0.2103271 0.9621582 0.2149353 0.9621582 0.2103577 0.9544983 0.2143555 0.9544983 0.2061462 0.9515076 0.2080383 0.9514771 0.1968079 0.9483948 0.2007141 0.9514771 0.1842957 0.9483948 0.1842957 0.9514771 0.1717834 0.9483948 0.1678772 0.9515076 0.1605225 0.9442749 0.1100159 0.9483948 0.133728 0.9515686 0.1443176 0.9851379 0.1735229 0.9851379 0.1764526 0.9851379 0.1801758 0.9826965 0.1789551 0.9826965 0.1842957 0.9796448 0.1842957 0.9796448 0.1907043 0.9758606 0.1916199 0.9758606 0.1982727 0.9704895 0.2003784 0.9704895 0.2064514 0.9544983 0.219635 0.9544983 0.2214661 0.9515686 0.2242737 0.9515381 0.2224731 0.9483948 0.2374268 0.9483948 0.2348328 0.9457092 0.2585449 0.9455872 0.247467 0.9880066 0.1884155 0.9883728 0.1842957 0.9880066 0.1817322 0.9869385 0.178894 0.9826965 0.1703491 0.9826965 0.1741638 0.9796448 0.167511 0.9796448 0.1720886 0.9758606 0.1650696 0.9758606 0.1703186 0.9704895 0.1621399 0.9704895 0.1681824 0.9621582 0.1582336 0.9621582 0.1653442 0.9544983 0.1542358 0.9544983 0.1624451 0.9851379 0.1842957 0.9826965 0.1896057 0.9796448 0.1964722 0.9758606 0.2035217 0.9621582 0.2164917 0.9515381 0.2168884 0.9483948 0.2155151 0.9442749 0.2084045 0.9442749 0.1842957 0.9442749 0.1062012 0.9483948 0.131134 0.9515991 0.1464233 0.9516296 0.1521912 0.9869385 0.1928406 0.9851379 0.1950684 0.9851379 0.1969604 0.9826965 0.2006836 0.9826965 0.2015381 0.9796448 0.2050171 0.9621582 0.2032166 0.9621582 0.1942444 0.9544983 0.1957703 0.9544983 0.1842957 0.9796448 0.177887 0.9758606 0.1842957 0.9704895 0.192749 0.9515991 0.222168 0.9457092 0.2615356 0.9869385 0.192749 0.9851379 0.1976013 0.9704895 0.1842957 0.9621582 0.1842957 0.9621582 0.1743469 0.9544983 0.1727905 0.9880066 0.1867981 0.9869385 0.1894226 0.9758606 0.1769409 0.9704895 0.1758118 0.9516602 0.20755 0.9516296 0.2164001 0.9483948 0.2272949 0.9455872 0.2585449 0.9516602 0.1965027 0.9452515 0.247467 0.9516602 0.1720886 0.9516602 0.1842957 0.9869385 0.1841431 0.9516602 0.1610107 0.9442749 0.1601563 0.9448853 0.2301941 0.9449158 0.2301941 0.9364319 0.2182007 0.9386292 0.1842957 0.9386292 0.1530457 0.9386292 0.1248779 0.9386292 0.1025085 0.9386292 0.08813477 0.9386292 0.08319092 0.9310913 0.1842957 0.9310913 0.146698 0.9310913 0.112793 0.9310913 0.08590698 0.9310913 0.06863403 0.9310913 0.06268311 0.8131409 0.2919617 0.8222656 0.2980652 0.8158264 0.2651672 0.8361206 0.3006592 0.8320007 0.2695007 0.8545532 0.3027954 0.8523865 0.2718201 0.875 0.3038025 0.875 0.2726746 0.8976135 0.2718201 0.898468 0.2351379 0.9196167 0.233551 0.9120483 0.1842957 0.9222107 0.1842957 0.8099365 0.2861938 0.8135681 0.2311401 0.8113708 0.1842957 0.9364319 0.2311401 0.9341736 0.2651672 0.9368591 0.2919617 0.9400635 0.2861938 0.8121033 0.2854004 0.8158264 0.247467 0.8135681 0.2182007 0.8297424 0.2205505 0.8189087 0.1842957 0.8277893 0.1842957 0.875 0.2356567 0.851532 0.2351379 0.8303833 0.233551 0.8379517 0.1842957 0.850647 0.2217712 0.8313904 0.2508545 0.8521729 0.2520752 0.8361206 0.2871094 0.8545532 0.2875977 0.9378967 0.2854004 0.9341736 0.247467 0.9202576 0.2205505 0.8497925 0.1842957 0.8622437 0.1842957 0.875 0.2222595 0.875 0.1842957 0.8877563 0.1842957 0.9002075 0.1842957 0.899353 0.2217712 0.8978271 0.2520752 0.875 0.2525024 0.8954468 0.2875977 0.875 0.2877502 0.8189087 0.146698 0.8113708 0.1530457 0.8189087 0.112793 0.9284973 0.2863464 0.9186096 0.2508545 0.8954468 0.3027954 0.9179993 0.2695007 0.8113708 0.1248779 0.8189087 0.08590698 0.8113708 0.1025085 0.8189087 0.06863403 0.8113708 0.08813477 0.8189087 0.06268311 0.8113708 0.08319092 0.8215027 0.2863464 0.9138794 0.2871094 0.9277344 0.2980652 0.9138794 0.3006592 0.8277893 0.0451355 0.8256836 0.05999756 0.8265991 0.0765686 0.8277893 0.1025085 0.8277893 0.1412964 0.908844 0.06689453 0.9153442 0.05377197 0.9151001 0.07061768 0.9243164 0.05999756 0.9234009 0.0765686 0.9120483 0.09628296 0.9222107 0.1025085 0.9222107 0.1412964 0.841156 0.06689453 0.8348999 0.07061768 0.8346558 0.05377197 0.8321228 0.03884888 0.9178772 0.03884888 0.9222107 0.0451355 0.8379517 0.09628296 0.9120483 0.1369324 0.8379517 0.1369324 0.9076233 0.04241943 0.9070435 0.0397644 0.9121704 0.03875732 0.9089966 0.03152466 0.9120178 0.0300293 0.9002075 0.02285767 0.9002075 0.01986694 0.8939819 0.0184021 0.8877563 0.01446533 0.8877563 0.0161438 0.8813782 0.01473999 0.8813782 0.01824951 0.875 0.01766968 0.875 0.08319092 0.875 0.131134 0.8877563 0.08444214 0.8877563 0.1318054 0.9002075 0.08813477 0.9002075 0.133728 0.9120483 0.09420776 0.8277893 0.07171631 0.8277893 0.05197144 0.8495178 0.06686401 0.8465576 0.06585693 0.8441467 0.0539856 0.8401184 0.05401611 0.8423767 0.04241943 0.8378296 0.04110718 0.8429565 0.0397644 0.8410034 0.03152466 0.8443909 0.03570557 0.8482971 0.02871704 0.9120483 0.03131104 0.9002075 0.02102661 0.8877563 0.01504517 0.875 0.01239014 0.875 0.01293945 0.8622437 0.01504517 0.8877563 0.02047729 0.8939819 0.0229187 0.9017029 0.02871704 0.9056091 0.03570557 0.8379822 0.0300293 0.8379517 0.03131104 0.8497925 0.02102661 0.8497925 0.01986694 0.8622437 0.01446533 0.8560181 0.0184021 0.8622437 0.0161438 0.8622437 0.02047729 0.8686218 0.01824951 0.875 0.01452637 0.8686218 0.01473999 0.8560181 0.0229187 0.8497925 0.02285767 0.9004822 0.06686401 0.9058533 0.0539856 0.9034424 0.06585693 0.9098816 0.05401611 0.8379517 0.09420776 0.8497925 0.133728 0.8497925 0.08813477 0.8622437 0.1318054 0.8622437 0.08444214 0.9222107 0.05197144 0.9222107 0.07171631 0.8817444 0.3988037 0.8794556 0.4248962 0.875 0.3988037 0.875 0.4248962 0.8705444 0.4248962 0.875 0.4468689 0.8704834 0.4468689 0.875 0.4606018 0.8713989 0.4606018 0.875 0.4659119 0.8696594 0.4606018 0.866333 0.4468689 0.8639832 0.4248962 0.8669128 0.4248962 0.8584595 0.3988037 0.8628845 0.3988037 0.8510437 0.3796997 0.8574524 0.3796997 0.8795166 0.4468689 0.8786011 0.4606018 0.8803406 0.4606018 0.883667 0.4468689 0.8860168 0.4248962 0.8830872 0.4248962 0.8915405 0.3988037 0.8871155 0.3988037 0.8989563 0.3796997 0.8925476 0.3796997 0.8682556 0.3988037 0.8667908 0.4248962 0.8626404 0.3988037 0.8638611 0.4248962 0.8582153 0.3988037 0.8619995 0.4248962 0.8554077 0.3988037 0.8613892 0.4248962 0.8545227 0.3988037 0.8620605 0.4248962 0.8555603 0.3988037 0.8944397 0.3988037 0.8879395 0.4248962 0.8954773 0.3988037 0.8886108 0.4248962 0.8945923 0.3988037 0.8880005 0.4248962 0.8917847 0.3988037 0.8861389 0.4248962 0.8873596 0.3988037 0.8832092 0.4248962 0.8847961 0.4468689 0.8652039 0.4468689 0.8706055 0.4248962 0.8793945 0.4248962 0.8684082 0.3988037 0.8815918 0.3988037 0.8844604 0.3796997 0.875 0.3796997 0.8655396 0.3796997 0.9030457 0.3796997 0.8469543 0.3796997 0.9181213 0.328949 0.9067688 0.3594971 0.9256897 0.328949 0.912323 0.3597717 0.9269409 0.328949 0.9142456 0.3601074 0.912323 0.3604126 0.9067688 0.3606567 0.9063416 0.328949 0.8980713 0.3608704 0.8914795 0.328949 0.887146 0.3610229 0.875 0.328949 0.875 0.3610535 0.862854 0.3610229 0.90448 0.3796997 0.8585205 0.328949 0.8519287 0.3608704 0.8436584 0.328949 0.8432312 0.3606567 0.8318787 0.328949 0.837677 0.3604126 0.8243103 0.328949 0.8357544 0.3601074 0.8230591 0.328949 0.84552 0.3796997 0.837677 0.3597717 0.8432312 0.3594971 0.8980713 0.3592529 0.887146 0.3591309 0.875 0.3590698 0.862854 0.3591309 0.8519287 0.3592529 0.8622437 0.09570313 0.8497925 0.09567261 0.8579407 0.08047485 0.8497925 0.07684326 0.8591309 0.07699585 0.8520508 0.07421875 0.854248 0.07299805 0.8604736 0.07937622 0.8601685 0.07614136 0.8563843 0.07562256 0.9002075 0.09567261 0.8877563 0.09570313 0.875 0.09658813 0.875 0.08383179 0.875 0.07772827 0.870575 0.08331299 0.870575 0.0776062 0.8661194 0.08230591 0.8661194 0.07699585 0.875 0.07839966 0.8703918 0.07833862 0.8656616 0.07797241 0.8643188 0.08239746 0.8702087 0.08377075 0.875 0.08349609 0.879425 0.08331299 0.879425 0.0776062 0.8796082 0.07833862 0.8797913 0.08377075 0.8856812 0.08239746 0.8920593 0.08047485 0.9002075 0.07684326 0.8979492 0.07421875 0.895752 0.07299805 0.8838806 0.08230591 0.8838806 0.07699585 0.8843384 0.07797241 0.8895264 0.07937622 0.8898315 0.07614136 0.8908691 0.07699585 0.8936157 0.07562256</float_array>
					<technique_common>
						<accessor source="#polygon2_UVArr0" count="579" stride="2">
							<param name="S" type="float" />
							<param name="T" type="float" />
						</accessor>
					</technique_common>
				</source>
				<vertices id="polygon2_Vertices">
					<input semantic="POSITION" source="#polygon2_Positions" />
				</vertices>
				<triangles material="body_mat" count="1556">
					<input semantic="VERTEX" source="#polygon2_Vertices" offset="0" />
					<input semantic="NORMAL" source="#polygon2_Normals" offset="1" />
					<input semantic="TEXCOORD" source="#polygon2_UVs0" set="0" offset="2" />
					<p>2 2 2 1 1 1 0 0 0 3 3 3 1 1 1 2 2 2 4 4 4 3 3 3 2 2 2 5 5 5 3 3 3 4 4 4 6 6 6 5 5 5 4 4 4 7 7 7 5 5 5 6 6 6 8 8 8 7 7 7 6 6 6 9 9 9 7 7 7 8 8 8 10 10 10 9 9 9 8 8 8 11 11 11 9 9 9 10 10 10 12 12 12 11 11 11 10 10 10 13 13 13 11 11 11 12 12 12 14 14 14 13 13 13 12 12 12 15 15 15 13 13 13 14 14 14 16 16 16 15 15 15 14 14 14 17 17 17 15 15 15 16 16 16 18 18 18 17 17 17 16 16 16 19 19 19 17 17 17 18 18 18 20 20 20 19 19 19 18 18 18 21 21 21 19 19 19 20 20 20 22 22 22 21 21 21 20 20 20 23 23 23 21 21 21 22 22 22 24 24 24 23 23 23 22 22 22 25 25 25 23 23 23 24 24 24 26 26 26 25 25 25 24 24 24 27 27 27 25 25 25 26 26 26 28 28 28 27 27 27 26 26 26 29 29 29 27 27 27 28 28 28 30 30 30 29 29 29 28 28 28 31 31 31 29 29 29 30 30 30 32 32 32 31 31 31 30 30 30 33 33 33 31 31 31 32 32 32 34 34 34 33 33 33 32 32 32 35 35 35 33 33 33 34 34 34 36 36 36 35 35 35 34 34 34 37 37 37 35 35 35 36 36 36 38 38 38 37 37 37 36 36 36 39 39 39 37 37 37 38 38 38 40 40 40 39 39 39 38 38 38 41 41 41 39 39 39 40 40 40 42 42 42 41 41 41 40 40 40 43 43 43 41 41 41 42 42 42 4 4 4 43 43 43 42 42 42 2 2 2 43 43 43 4 4 4 3 3 3 44 44 44 1 1 1 45 45 45 44 44 44 3 3 3 5 5 5 45 45 45 3 3 3 46 46 46 45 45 45 5 5 5 7 7 7 46 46 46 5 5 5 47 47 47 46 46 46 7 7 7 9 9 9 47 47 47 7 7 7 48 48 48 47 47 47 9 9 9 11 11 11 48 48 48 9 9 9 49 49 49 48 48 48 11 11 11 13 13 13 49 49 49 11 11 11 50 50 50 49 49 49 13 13 13 15 15 15 50 50 50 13 13 13 51 51 14 50 50 50 15 15 15 17 17 17 51 51 14 15 15 15 52 52 51 51 51 14 17 17 17 19 19 19 52 52 51 17 17 17 53 53 52 52 52 51 19 19 19 21 21 21 53 53 52 19 19 19 54 54 53 53 53 52 21 21 21 55 55 54 54 54 53 21 21 21 56 56 55 54 54 53 55 55 54 57 57 56 56 56 55 55 55 54 58 58 57 56 56 55 57 57 56 59 59 58 58 58 57 57 57 56 60 60 59 58 58 57 59 59 58 61 61 60 60 60 59 59 59 58 62 62 61 60 60 59 61 61 60 63 63 62 62 62 61 61 61 60 64 64 63 62 62 61 63 63 62 65 65 64 64 64 63 63 63 62 66 66 65 64 64 63 65 65 64 67 67 66 66 66 65 65 65 64 68 68 6 66 66 65 67 67 66 69 69 67 68 68 6 67 67 66 70 70 68 68 68 6 69 69 67 71 71 69 70 70 68 69 69 67 72 72 70 70 70 68 71 71 69 73 73 71 72 72 70 71 71 69 74 74 0 72 72 70 73 73 71 75 75 72 74 74 0 73 73 71 23 23 23 55 55 54 21 21 21 76 76 73 55 55 54 23 23 23 25 25 25 76 76 73 23 23 23 77 77 74 76 76 73 25 25 25 27 27 27 77 77 74 25 25 25 78 78 75 77 77 74 27 27 27 79 79 76 78 78 75 27 27 27 80 80 77 78 78 75 79 79 76 81 81 78 80 80 77 79 79 76 82 82 79 80 80 77 81 81 78 83 83 80 82 82 79 81 81 78 84 84 81 82 82 79 83 83 80 85 85 82 84 84 81 83 83 80 86 86 83 84 84 81 85 85 82 87 87 84 86 86 83 85 85 82 88 88 85 86 86 83 87 87 84 89 89 86 88 88 85 87 87 84 90 90 87 88 88 85 89 89 86 91 91 88 90 90 87 89 89 86 92 92 89 90 90 87 91 91 88 93 93 90 92 92 89 91 91 88 94 94 71 92 92 89 93 93 90 95 95 70 94 94 71 93 93 90 96 96 72 94 94 71 95 95 70 0 0 0 96 96 72 95 95 70 97 97 1 72 72 70 74 74 0 98 98 2 72 72 70 97 97 1 99 99 44 98 98 2 97 97 1 100 100 3 98 98 2 99 99 44 101 101 91 100 100 3 99 99 44 102 102 45 100 100 3 101 101 91 103 103 92 102 102 45 101 101 91 104 104 93 102 102 45 103 103 92 105 105 94 104 104 93 103 103 92 106 106 95 104 104 93 105 105 94 107 107 96 106 106 95 105 105 94 108 108 97 106 106 95 107 107 96 109 109 98 108 108 97 107 107 96 110 110 99 108 108 97 109 109 98 111 111 100 110 110 99 109 109 98 112 112 97 110 110 99 111 111 100 113 113 101 112 112 97 111 111 100 114 114 95 112 112 97 113 113 101 115 115 102 114 114 95 113 113 101 116 116 93 114 114 95 115 115 102 117 117 91 116 116 93 115 115 102 45 45 45 116 116 93 117 117 91 44 44 44 45 45 45 117 117 91 76 76 73 57 57 56 55 55 54 118 118 30 57 57 56 76 76 73 119 119 29 118 118 30 76 76 73 120 120 32 118 118 30 119 119 29 121 121 31 120 120 32 119 119 29 122 122 34 120 120 32 121 121 31 123 123 33 122 122 34 121 121 31 124 124 36 122 122 34 123 123 33 125 125 35 124 124 36 123 123 33 126 126 38 124 124 36 125 125 35 127 127 37 126 126 38 125 125 35 128 128 40 126 126 38 127 127 37 129 129 39 128 128 40 127 127 37 130 130 42 128 128 40 129 129 39 131 131 41 130 130 42 129 129 39 132 132 103 130 130 42 131 131 41 133 133 104 132 132 103 131 131 41 134 134 105 132 132 103 133 133 104 135 135 106 134 134 105 133 133 104 136 136 107 134 134 105 135 135 106 137 137 108 136 136 107 135 135 106 77 77 74 119 119 29 76 76 73 138 138 76 119 119 29 77 77 74 78 78 75 138 138 76 77 77 74 139 139 78 138 138 76 78 78 75 80 80 77 139 139 78 78 78 75 140 140 80 139 139 78 80 80 77 82 82 79 140 140 80 80 80 77 141 141 82 140 140 80 82 82 79 84 84 81 141 141 82 82 82 79 142 142 84 141 141 82 84 84 81 86 86 83 142 142 84 84 84 81 143 143 86 142 142 84 86 86 83 88 88 85 143 143 86 86 86 83 144 144 88 143 143 86 88 88 85 90 90 87 144 144 88 88 88 85 145 145 109 144 144 88 90 90 87 92 92 89 145 145 109 90 90 87 146 146 105 145 145 109 92 92 89 94 94 71 146 146 105 92 92 89 147 147 107 146 146 105 94 94 71 96 96 72 147 147 107 94 94 71 29 29 29 79 79 76 27 27 27 81 81 78 79 79 76 29 29 29 31 31 31 81 81 78 29 29 29 83 83 80 81 81 78 31 31 31 33 33 33 83 83 80 31 31 31 85 85 82 83 83 80 33 33 33 35 35 35 85 85 82 33 33 33 87 87 84 85 85 82 35 35 35 37 37 37 87 87 84 35 35 35 89 89 86 87 87 84 37 37 37 39 39 39 89 89 86 37 37 37 91 91 88 89 89 86 39 39 39 41 41 41 91 91 88 39 39 39 93 93 90 91 91 88 41 41 41 43 43 43 93 93 90 41 41 41 95 95 70 93 93 90 43 43 43 2 2 2 95 95 70 43 43 43 0 0 0 95 95 70 2 2 2 148 148 110 116 116 93 45 45 45 149 149 111 116 116 93 148 148 110 150 150 112 149 149 111 148 148 110 151 151 113 149 149 111 150 150 112 152 152 114 151 151 113 150 150 112 153 153 115 151 151 113 152 152 114 154 154 116 153 153 115 152 152 114 155 155 49 153 153 115 154 154 116 156 156 13 155 155 49 154 154 116 157 157 12 155 155 49 156 156 13 158 158 117 157 157 12 156 156 13 159 159 118 157 157 12 158 158 117 160 160 119 159 159 118 158 158 117 161 161 120 159 159 118 160 160 119 54 54 53 161 161 120 160 160 119 56 56 55 161 161 120 54 54 53 160 160 119 53 53 52 54 54 53 52 52 51 53 53 52 160 160 119 158 158 117 52 52 51 160 160 119 51 51 14 52 52 51 158 158 117 156 156 13 51 51 14 158 158 117 50 50 50 51 51 14 156 156 13 154 154 116 50 50 50 156 156 13 49 49 49 50 50 50 154 154 116 152 152 114 49 49 49 154 154 116 48 48 48 49 49 49 152 152 114 150 150 112 48 48 48 152 152 114 47 47 47 48 48 48 150 150 112 148 148 110 47 47 47 150 150 112 46 46 46 47 47 47 148 148 110 45 45 45 46 46 46 148 148 110 162 162 121 159 159 118 161 161 120 163 163 122 159 159 118 162 162 121 164 164 123 163 163 122 162 162 121 165 165 10 163 163 122 164 164 123 166 166 124 165 165 10 164 164 123 167 167 9 165 165 10 166 166 124 168 168 8 167 167 9 166 166 124 169 169 47 167 167 9 168 168 8 170 170 7 169 169 47 168 168 8 171 171 125 169 169 47 170 170 7 172 172 126 171 171 125 170 170 7 104 104 93 171 171 125 172 172 126 58 58 57 161 161 120 56 56 55 162 162 121 161 161 120 58 58 57 60 60 59 162 162 121 58 58 57 164 164 123 162 162 121 60 60 59 62 62 61 164 164 123 60 60 59 166 166 124 164 164 123 62 62 61 64 64 63 166 166 124 62 62 61 168 168 8 166 166 124 64 64 63 66 66 65 168 168 8 64 64 63 170 170 7 168 168 8 66 66 65 68 68 6 170 170 7 66 66 65 172 172 126 170 170 7 68 68 6 173 173 127 22 22 22 20 20 20 174 174 128 22 22 22 173 173 127 175 175 129 174 174 128 173 173 127 176 176 130 174 174 128 175 175 129 177 177 53 176 176 130 175 175 129 178 178 55 176 176 130 177 177 53 179 179 57 178 178 55 177 177 53 180 180 58 178 178 55 179 179 57 181 181 60 180 180 58 179 179 57 34 34 34 180 180 58 181 181 60 36 36 36 34 34 34 181 181 60 163 163 122 157 157 12 159 159 118 182 182 11 157 157 12 163 163 122 165 165 10 182 182 11 163 163 122 183 183 48 182 182 11 165 165 10 167 167 9 183 183 48 165 165 10 184 184 112 183 183 48 167 167 9 169 169 47 184 184 112 167 167 9 185 185 131 184 184 112 169 169 47 171 171 125 185 185 131 169 169 47 106 106 95 185 185 131 171 171 125 104 104 93 106 106 95 171 171 125 186 186 52 177 177 53 175 175 129 187 187 120 177 177 53 186 186 52 188 188 119 187 187 120 186 186 52 189 189 121 187 187 120 188 188 119 190 190 118 189 189 121 188 188 119 191 191 123 189 189 121 190 190 118 192 192 122 191 191 123 190 190 118 193 193 124 191 191 123 192 192 122 10 10 10 193 193 124 192 192 122 8 8 8 193 193 124 10 10 10 187 187 120 179 179 57 177 177 53 194 194 59 179 179 57 187 187 120 189 189 121 194 194 59 187 187 120 195 195 61 194 194 59 189 189 121 191 191 123 195 195 61 189 189 121 196 196 63 195 195 61 191 191 123 193 193 124 196 196 63 191 191 123 197 197 65 196 196 63 193 193 124 8 8 8 197 197 65 193 193 124 6 6 6 197 197 65 8 8 8 194 194 59 181 181 60 179 179 57 198 198 62 181 181 60 194 194 59 195 195 61 198 198 62 194 194 59 199 199 64 198 198 62 195 195 61 196 196 63 199 199 64 195 195 61 200 200 66 199 199 64 196 196 63 197 197 65 200 200 66 196 196 63 201 201 67 200 200 66 197 197 65 6 6 6 201 201 67 197 197 65 4 4 4 201 201 67 6 6 6 182 182 11 155 155 49 157 157 12 202 202 114 155 155 49 182 182 11 183 183 48 202 202 114 182 182 11 203 203 113 202 202 114 183 183 48 184 184 112 203 203 113 183 183 48 204 204 132 203 203 113 184 184 112 185 185 131 204 204 132 184 184 112 108 108 97 204 204 132 185 185 131 106 106 95 108 108 97 185 185 131 198 198 62 36 36 36 181 181 60 38 38 38 36 36 36 198 198 62 199 199 64 38 38 38 198 198 62 40 40 40 38 38 38 199 199 64 200 200 66 40 40 40 199 199 64 42 42 42 40 40 40 200 200 66 201 201 67 42 42 42 200 200 66 4 4 4 42 42 42 201 201 67 192 192 122 12 12 12 10 10 10 205 205 117 12 12 12 192 192 122 190 190 118 205 205 117 192 192 122 206 206 51 205 205 117 190 190 118 188 188 119 206 206 51 190 190 118 207 207 19 206 206 51 188 188 119 186 186 52 207 207 19 188 188 119 175 175 129 207 207 19 186 186 52 174 174 128 24 24 24 22 22 22 26 26 26 24 24 24 174 174 128 176 176 130 26 26 26 174 174 128 28 28 28 26 26 26 176 176 130 208 208 56 28 28 28 176 176 130 30 30 30 28 28 28 208 208 56 32 32 32 30 30 30 208 208 56 98 98 2 70 70 68 72 72 70 209 209 133 70 70 68 98 98 2 100 100 3 209 209 133 98 98 2 172 172 126 209 209 133 100 100 3 102 102 45 172 172 126 100 100 3 104 104 93 172 172 126 102 102 45 173 173 127 207 207 19 175 175 129 210 210 18 207 207 19 173 173 127 211 211 134 210 210 18 173 173 127 212 212 17 210 210 18 211 211 134 16 16 16 212 212 17 211 211 134 14 14 14 212 212 17 16 16 16 202 202 114 153 153 115 155 155 49 213 213 135 153 153 115 202 202 114 203 203 113 213 213 135 202 202 114 214 214 136 213 213 135 203 203 113 204 204 132 214 214 136 203 203 113 108 108 97 214 214 136 204 204 132 213 213 135 151 151 113 153 153 115 215 215 137 151 151 113 213 213 135 214 214 136 215 215 137 213 213 135 110 110 99 215 215 137 214 214 136 108 108 97 110 110 99 214 214 136 215 215 137 149 149 111 151 151 113 114 114 95 149 149 111 215 215 137 112 112 97 114 114 95 215 215 137 138 138 76 121 121 31 119 119 29 139 139 78 121 121 31 138 138 76 209 209 133 68 68 6 70 70 68 172 172 126 68 68 6 209 209 133 118 118 30 59 59 58 57 57 56 120 120 32 59 59 58 118 118 30 139 139 78 123 123 33 121 121 31 140 140 80 123 123 33 139 139 78 178 178 55 208 208 56 176 176 130 180 180 58 208 208 56 178 178 55 180 180 58 32 32 32 208 208 56 34 34 34 32 32 32 180 180 58 130 130 42 71 71 69 69 69 67 132 132 103 71 71 69 130 130 42 120 120 32 61 61 60 59 59 58 122 122 34 61 61 60 120 120 32 140 140 80 125 125 35 123 123 33 141 141 82 125 125 35 140 140 80 122 122 34 63 63 62 61 61 60 124 124 36 63 63 62 122 122 34 141 141 82 127 127 37 125 125 35 142 142 84 127 127 37 141 141 82 124 124 36 65 65 64 63 63 62 126 126 38 65 65 64 124 124 36 142 142 84 129 129 39 127 127 37 143 143 86 129 129 39 142 142 84 210 210 18 206 206 51 207 207 19 212 212 17 206 206 51 210 210 18 212 212 17 205 205 117 206 206 51 14 14 14 205 205 117 212 212 17 126 126 38 67 67 66 65 65 64 128 128 40 67 67 66 126 126 38 143 143 86 131 131 41 129 129 39 144 144 88 131 131 41 143 143 86 128 128 40 69 69 67 67 67 66 130 130 42 69 69 67 128 128 40 20 20 20 211 211 134 173 173 127 18 18 18 211 211 134 20 20 20 144 144 88 133 133 104 131 131 41 145 145 109 133 133 104 144 144 88 137 137 108 146 146 105 147 147 107 135 135 106 146 146 105 137 137 108 75 75 72 134 134 105 136 136 107 73 73 71 134 134 105 75 75 72 135 135 106 145 145 109 146 146 105 133 133 104 145 145 109 135 135 106 73 73 71 132 132 103 134 134 105 71 71 69 132 132 103 73 73 71 16 16 16 211 211 134 18 18 18 12 12 12 205 205 117 14 14 14 114 114 95 116 116 93 149 149 111 110 110 99 112 112 97 215 215 137 218 218 140 217 217 139 216 216 138 219 219 141 217 217 139 218 218 140 220 220 142 219 219 141 218 218 140 221 221 143 219 219 141 220 220 142 222 222 144 221 221 143 220 220 142 223 223 145 221 221 143 222 222 144 224 224 146 223 223 145 222 222 144 225 225 147 223 223 145 224 224 146 226 226 148 225 225 147 224 224 146 227 227 149 225 225 147 226 226 148 228 228 150 227 227 149 226 226 148 229 229 151 227 227 149 228 228 150 230 230 152 229 229 151 228 228 150 231 231 153 229 229 151 230 230 152 232 232 154 231 231 153 230 230 152 233 233 155 231 231 153 232 232 154 234 234 156 233 233 155 232 232 154 235 235 157 233 233 155 234 234 156 236 236 158 235 235 157 234 234 156 237 237 159 235 235 157 236 236 158 238 238 160 237 237 159 236 236 158 239 239 161 237 237 159 238 238 160 240 240 162 239 239 161 238 238 160 241 241 163 239 239 161 240 240 162 242 242 164 241 241 163 240 240 162 243 243 165 241 241 163 242 242 164 244 244 166 243 243 165 242 242 164 245 245 167 243 243 165 244 244 166 246 246 168 245 245 167 244 244 166 247 247 169 245 245 167 246 246 168 248 248 170 247 247 169 246 246 168 249 249 171 247 247 169 248 248 170 250 250 172 249 249 171 248 248 170 251 251 173 249 249 171 250 250 172 252 252 174 251 251 173 250 250 172 253 253 175 251 251 173 252 252 174 254 254 176 253 253 175 252 252 174 255 255 177 253 253 175 254 254 176 256 256 178 255 255 177 254 254 176 257 257 179 255 255 177 256 256 178 258 258 180 257 257 179 256 256 178 259 259 181 257 257 179 258 258 180 260 260 182 259 259 181 258 258 180 261 261 183 259 259 181 260 260 182 262 262 184 261 261 183 260 260 182 263 263 185 261 261 183 262 262 184 264 264 186 263 263 185 262 262 184 218 218 140 263 263 185 264 264 186 220 220 142 218 218 140 264 264 186 219 219 141 265 265 187 217 217 139 266 266 188 265 265 187 219 219 141 221 221 143 266 266 188 219 219 141 267 267 189 266 266 188 221 221 143 223 223 145 267 267 189 221 221 143 268 268 144 267 267 189 223 223 145 225 225 147 268 268 144 223 223 145 269 269 146 268 268 144 225 225 147 227 227 149 269 269 146 225 225 147 270 270 148 269 269 146 227 227 149 229 229 151 270 270 148 227 227 149 271 271 150 270 270 148 229 229 151 231 231 153 271 271 150 229 229 151 272 272 152 271 271 150 231 231 153 233 233 155 272 272 152 231 231 153 273 273 154 272 272 152 233 233 155 235 235 157 273 273 154 233 233 155 274 274 156 273 273 154 235 235 157 237 237 159 274 274 156 235 235 157 275 275 190 274 274 156 237 237 159 239 239 161 275 275 190 237 237 159 276 276 191 275 275 190 239 239 161 277 277 192 276 276 191 239 239 161 278 278 193 276 276 191 277 277 192 279 279 194 278 278 193 277 277 192 280 280 195 278 278 193 279 279 194 281 281 196 280 280 195 279 279 194 282 282 197 280 280 195 281 281 196 283 283 198 282 282 197 281 281 196 284 284 199 282 282 197 283 283 198 285 285 200 284 284 199 283 283 198 286 286 176 284 284 199 285 285 200 287 287 175 286 286 176 285 285 200 288 288 201 286 286 176 287 287 175 289 289 202 288 288 201 287 287 175 290 290 203 288 288 201 289 289 202 291 291 204 290 290 203 289 289 202 292 292 205 290 290 203 291 291 204 293 293 206 292 292 205 291 291 204 294 294 207 292 292 205 293 293 206 295 295 208 294 294 207 293 293 206 240 240 162 296 296 209 242 242 164 297 297 210 296 296 209 240 240 162 238 238 160 297 297 210 240 240 162 298 298 211 297 297 210 238 238 160 236 236 158 298 298 211 238 238 160 299 299 212 298 298 211 236 236 158 300 300 190 299 299 212 236 236 158 301 301 191 299 299 212 300 300 190 302 302 213 301 301 191 300 300 190 303 303 214 301 301 191 302 302 213 304 304 215 303 303 214 302 302 213 305 305 216 303 303 214 304 304 215 306 306 217 305 305 216 304 304 215 307 307 218 305 305 216 306 306 217 308 308 219 307 307 218 306 306 217 309 309 220 307 307 218 308 308 219 310 310 221 309 309 220 308 308 219 311 311 222 309 309 220 310 310 221 312 312 223 311 311 222 310 310 221 313 313 224 311 311 222 312 312 223 264 264 186 313 313 224 312 312 223 262 262 184 313 313 224 264 264 186 241 241 163 277 277 192 239 239 161 314 314 225 277 277 192 241 241 163 243 243 165 314 314 225 241 241 163 315 315 226 314 314 225 243 243 165 245 245 167 315 315 226 243 243 165 316 316 227 315 315 226 245 245 167 247 247 169 316 316 227 245 245 167 317 317 228 316 316 227 247 247 169 249 249 171 317 317 228 247 247 169 318 318 174 317 317 228 249 249 171 251 251 173 318 318 174 249 249 171 319 319 229 318 318 174 251 251 173 253 253 175 319 319 229 251 251 173 320 320 201 319 319 229 253 253 175 255 255 177 320 320 201 253 253 175 321 321 230 320 320 201 255 255 177 257 257 179 321 321 230 255 255 177 322 322 231 321 321 230 257 257 179 259 259 181 322 322 231 257 257 179 323 323 232 322 322 231 259 259 181 324 324 233 323 323 232 259 259 181 266 266 188 325 325 234 265 265 187 326 326 235 325 325 234 266 266 188 267 267 189 326 326 235 266 266 188 327 327 236 326 326 235 267 267 189 268 268 144 327 327 236 267 267 189 328 328 223 327 327 236 268 268 144 269 269 146 328 328 223 268 268 144 329 329 221 328 328 223 269 269 146 270 270 148 329 329 221 269 269 146 330 330 219 329 329 221 270 270 148 271 271 150 330 330 219 270 270 148 331 331 217 330 330 219 271 271 150 272 272 152 331 331 217 271 271 150 332 332 215 331 331 217 272 272 152 273 273 154 332 332 215 272 272 152 333 333 213 332 332 215 273 273 154 274 274 156 333 333 213 273 273 154 275 275 190 333 333 213 274 274 156 326 326 235 334 334 187 325 325 234 335 335 188 334 334 187 326 326 235 327 327 236 335 335 188 326 326 235 336 336 237 335 335 188 327 327 236 328 328 223 336 336 237 327 327 236 337 337 224 336 336 237 328 328 223 329 329 221 337 337 224 328 328 223 338 338 222 337 337 224 329 329 221 330 330 219 338 338 222 329 329 221 339 339 220 338 338 222 330 330 219 331 331 217 339 339 220 330 330 219 340 340 218 339 339 220 331 331 217 332 332 215 340 340 218 331 331 217 341 341 216 340 340 218 332 332 215 333 333 213 341 341 216 332 332 215 342 342 214 341 341 216 333 333 213 275 275 190 342 342 214 333 333 213 276 276 191 342 342 214 275 275 190 343 343 238 242 242 164 296 296 209 344 344 239 242 242 164 343 343 238 345 345 240 344 344 239 343 343 238 346 346 241 344 344 239 345 345 240 347 347 242 346 346 241 345 345 240 348 348 243 346 346 241 347 347 242 349 349 170 348 348 243 347 347 242 350 350 171 348 348 243 349 349 170 351 351 228 350 350 171 349 349 170 352 352 200 350 350 171 351 351 228 353 353 199 352 352 200 351 351 228 354 354 244 352 352 200 353 353 199 355 355 245 354 354 244 353 353 199 356 356 246 354 354 244 355 355 245 357 357 247 356 356 246 355 355 245 260 260 182 356 356 246 357 357 247 262 262 184 260 260 182 357 357 247 278 278 193 342 342 214 276 276 191 358 358 248 342 342 214 278 278 193 280 280 195 358 358 248 278 278 193 359 359 249 358 358 248 280 280 195 282 282 197 359 359 249 280 280 195 360 360 250 359 359 249 282 282 197 284 284 199 360 360 250 282 282 197 361 361 244 360 360 250 284 284 199 286 286 176 361 361 244 284 284 199 362 362 177 361 361 244 286 286 176 288 288 201 362 362 177 286 286 176 363 363 251 362 362 177 288 288 201 290 290 203 363 363 251 288 288 201 364 364 206 363 363 251 290 290 203 292 292 205 364 364 206 290 290 203 365 365 252 364 364 206 292 292 205 294 294 207 365 365 252 292 292 205 366 366 253 343 343 238 296 296 209 367 367 254 343 343 238 366 366 253 368 368 240 367 367 254 366 366 253 369 369 241 367 367 254 368 368 240 370 370 168 369 369 241 368 368 240 371 371 169 369 369 241 370 370 168 372 372 227 371 371 169 370 370 168 373 373 198 371 371 169 372 372 227 374 374 197 373 373 198 372 372 227 375 375 250 373 373 198 374 374 197 376 376 255 375 375 250 374 374 197 377 377 256 375 375 250 376 376 255 378 378 257 377 377 256 376 376 255 379 379 258 377 377 256 378 378 257 313 313 224 379 379 258 378 378 257 262 262 184 379 379 258 313 313 224 344 344 239 244 244 166 242 242 164 246 246 168 244 244 166 344 344 239 346 346 241 246 246 168 344 344 239 248 248 170 246 246 168 346 346 241 348 348 243 248 248 170 346 346 241 250 250 172 248 248 170 348 348 243 350 350 171 250 250 172 348 348 243 252 252 174 250 250 172 350 350 171 352 352 200 252 252 174 350 350 171 254 254 176 252 252 174 352 352 200 354 354 244 254 254 176 352 352 200 256 256 178 254 254 176 354 354 244 356 356 246 256 256 178 354 354 244 258 258 180 256 256 178 356 356 246 260 260 182 258 258 180 356 356 246 380 380 259 296 296 209 297 297 210 366 366 253 296 296 209 380 380 259 381 381 260 366 366 253 380 380 259 382 382 239 366 366 253 381 381 260 383 383 166 382 382 239 381 381 260 384 384 167 382 382 239 383 383 166 385 385 226 384 384 167 383 383 166 386 386 196 384 384 167 385 385 226 387 387 195 386 386 196 385 385 226 388 388 249 386 386 196 387 387 195 389 389 261 388 388 249 387 387 195 390 390 262 388 388 249 389 389 261 309 309 220 390 390 262 389 389 261 311 311 222 390 390 262 309 309 220 367 367 254 345 345 240 343 343 238 347 347 242 345 345 240 367 367 254 369 369 241 347 347 242 367 367 254 349 349 170 347 347 242 369 369 241 371 371 169 349 349 170 369 369 241 351 351 228 349 349 170 371 371 169 373 373 198 351 351 228 371 371 169 353 353 199 351 351 228 373 373 198 375 375 250 353 353 199 373 373 198 355 355 245 353 353 199 375 375 250 377 377 256 355 355 245 375 375 250 357 357 247 355 355 245 377 377 256 379 379 258 357 357 247 377 377 256 262 262 184 357 357 247 379 379 258 391 391 261 340 340 218 341 341 216 392 392 262 340 340 218 391 391 261 393 393 255 392 392 262 391 391 261 394 394 256 392 392 262 393 393 255 395 395 245 394 394 256 393 393 255 396 396 246 394 394 256 395 395 245 397 397 178 396 396 246 395 395 245 398 398 263 396 396 246 397 397 178 399 399 264 398 398 263 397 397 178 400 400 265 398 398 263 399 399 264 364 364 206 400 400 265 399 399 264 401 401 266 400 400 265 364 364 206 365 365 252 401 401 266 364 364 206 382 382 239 368 368 240 366 366 253 370 370 168 368 368 240 382 382 239 384 384 167 370 370 168 382 382 239 372 372 227 370 370 168 384 384 167 386 386 196 372 372 227 384 384 167 374 374 197 372 372 227 386 386 196 388 388 249 374 374 197 386 386 196 376 376 255 374 374 197 388 388 249 390 390 262 376 376 255 388 388 249 378 378 257 376 376 255 390 390 262 311 311 222 378 378 257 390 390 262 313 313 224 378 378 257 311 311 222 358 358 248 341 341 216 342 342 214 391 391 261 341 341 216 358 358 248 359 359 249 391 391 261 358 358 248 393 393 255 391 391 261 359 359 249 360 360 250 393 393 255 359 359 249 395 395 245 393 393 255 360 360 250 361 361 244 395 395 245 360 360 250 397 397 178 395 395 245 361 361 244 362 362 177 397 397 178 361 361 244 399 399 264 397 397 178 362 362 177 363 363 251 399 399 264 362 362 177 364 364 206 399 399 264 363 363 251 392 392 262 339 339 220 340 340 218 402 402 257 339 339 220 392 392 262 394 394 256 402 402 257 392 392 262 403 403 247 402 402 257 394 394 256 396 396 246 403 403 247 394 394 256 404 404 267 403 403 247 396 396 246 398 398 263 404 404 267 396 396 246 405 405 231 404 404 267 398 398 263 400 400 265 405 405 231 398 398 263 406 406 268 405 405 231 400 400 265 401 401 266 406 406 268 400 400 265 402 402 257 338 338 222 339 339 220 407 407 258 338 338 222 402 402 257 403 403 247 407 407 258 402 402 257 408 408 269 407 407 258 403 403 247 409 409 270 408 408 269 403 403 247 410 410 185 408 408 269 409 409 270 411 411 183 410 410 185 409 409 270 412 412 233 410 410 185 411 411 183 413 413 232 412 412 233 411 411 183 414 414 271 381 381 260 380 380 259 415 415 165 381 381 260 414 414 271 416 416 225 415 415 165 414 414 271 417 417 194 415 415 165 416 416 225 418 418 193 417 417 194 416 416 225 419 419 248 417 417 194 418 418 193 305 305 216 419 419 248 418 418 193 307 307 218 419 419 248 305 305 216 415 415 165 383 383 166 381 381 260 385 385 226 383 383 166 415 415 165 417 417 194 385 385 226 415 415 165 387 387 195 385 385 226 417 417 194 419 419 248 387 387 195 417 417 194 389 389 261 387 387 195 419 419 248 307 307 218 389 389 261 419 419 248 309 309 220 389 389 261 307 307 218 407 407 258 337 337 224 338 338 222 420 420 272 337 337 224 407 407 258 408 408 269 420 420 272 407 407 258 421 421 140 420 420 272 408 408 269 410 410 185 421 421 140 408 408 269 422 422 273 421 421 140 410 410 185 412 412 233 422 422 273 410 410 185 298 298 211 380 380 259 297 297 210 414 414 271 380 380 259 298 298 211 299 299 212 414 414 271 298 298 211 423 423 192 414 414 271 299 299 212 301 301 191 423 423 192 299 299 212 303 303 214 423 423 192 301 301 191 261 261 183 324 324 233 259 259 181 424 424 273 324 324 233 261 261 183 263 263 185 424 424 273 261 261 183 216 216 138 424 424 273 263 263 185 218 218 140 216 216 138 263 263 185 404 404 267 409 409 270 403 403 247 411 411 183 409 409 270 404 404 267 425 425 181 411 411 183 404 404 267 413 413 232 411 411 183 425 425 181 426 426 274 413 413 232 425 425 181 420 420 272 336 336 237 337 337 224 427 427 141 336 336 237 420 420 272 421 421 140 427 427 141 420 420 272 428 428 138 427 427 141 421 421 140 422 422 273 428 428 138 421 421 140 423 423 192 416 416 225 414 414 271 418 418 193 416 416 225 423 423 192 303 303 214 418 418 193 423 423 192 305 305 216 418 418 193 303 303 214 429 429 275 322 322 231 323 323 232 430 430 265 322 322 231 429 429 275 295 295 208 430 430 265 429 429 275 293 293 206 430 430 265 295 295 208 430 430 265 321 321 230 322 322 231 291 291 204 321 321 230 430 430 265 293 293 206 291 291 204 430 430 265 427 427 141 335 335 188 336 336 237 431 431 139 335 335 188 427 427 141 428 428 138 431 431 139 427 427 141 405 405 231 425 425 181 404 404 267 426 426 274 425 425 181 405 405 231 406 406 268 426 426 274 405 405 231 314 314 225 279 279 194 277 277 192 315 315 226 279 279 194 314 314 225 315 315 226 281 281 196 279 279 194 316 316 227 281 281 196 315 315 226 317 317 228 285 285 200 283 283 198 318 318 174 285 285 200 317 317 228 318 318 174 287 287 175 285 285 200 319 319 229 287 287 175 318 318 174 319 319 229 289 289 202 287 287 175 320 320 201 289 289 202 319 319 229 320 320 201 291 291 204 289 289 202 321 321 230 291 291 204 320 320 201 316 316 227 283 283 198 281 281 196 317 317 228 283 283 198 316 316 227 234 234 156 300 300 190 236 236 158 232 232 154 300 300 190 234 234 156 232 232 154 302 302 213 300 300 190 230 230 152 302 302 213 232 232 154 230 230 152 304 304 215 302 302 213 228 228 150 304 304 215 230 230 152 228 228 150 306 306 217 304 304 215 226 226 148 306 306 217 228 228 150 226 226 148 308 308 219 306 306 217 224 224 146 308 308 219 226 226 148 224 224 146 310 310 221 308 308 219 222 222 144 310 310 221 224 224 146 222 222 144 312 312 223 310 310 221 220 220 142 312 312 223 222 222 144 431 431 139 334 334 187 335 335 188 312 312 223 220 220 142 264 264 186 323 323 232 432 432 276 429 429 275 433 433 277 432 432 276 323 323 232 324 324 233 433 433 277 323 323 232 434 434 278 433 433 277 324 324 233 424 424 273 434 434 278 324 324 233 435 435 279 434 434 278 424 424 273 216 216 138 435 435 279 424 424 273 436 436 280 435 435 279 216 216 138 217 217 139 436 436 280 216 216 138 437 437 281 436 436 280 217 217 139 265 265 187 437 437 281 217 217 139 438 438 282 437 437 281 265 265 187 325 325 234 438 438 282 265 265 187 439 439 281 438 438 282 325 325 234 334 334 187 439 439 281 325 325 234 440 440 280 439 439 281 334 334 187 431 431 139 440 440 280 334 334 187 441 441 279 440 440 280 431 431 139 428 428 138 441 441 279 431 431 139 442 442 278 441 441 279 428 428 138 422 422 273 442 442 278 428 428 138 443 443 277 442 442 278 422 422 273 412 412 233 443 443 277 422 422 273 433 433 277 444 444 283 432 432 276 445 445 284 444 444 283 433 433 277 434 434 278 445 445 284 433 433 277 446 446 285 445 445 284 434 434 278 435 435 279 446 446 285 434 434 278 447 447 286 446 446 285 435 435 279 436 436 280 447 447 286 435 435 279 448 448 287 447 447 286 436 436 280 437 437 281 448 448 287 436 436 280 449 449 288 448 448 287 437 437 281 438 438 282 449 449 288 437 437 281 450 450 287 449 449 288 438 438 282 439 439 281 450 450 287 438 438 282 451 451 286 450 450 287 439 439 281 440 440 280 451 451 286 439 439 281 452 452 285 451 451 286 440 440 280 441 441 279 452 452 285 440 440 280 453 453 284 452 452 285 441 441 279 442 442 278 453 453 284 441 441 279 454 454 283 453 453 284 442 442 278 443 443 277 454 454 283 442 442 278 457 457 291 456 456 290 455 455 289 458 458 292 456 456 290 457 457 291 459 459 293 458 458 292 457 457 291 460 460 294 458 458 292 459 459 293 461 461 295 460 460 294 459 459 293 462 462 296 460 460 294 461 461 295 463 463 297 462 462 296 461 461 295 464 464 298 462 462 296 463 463 297 465 465 299 464 464 298 463 463 297 466 466 300 464 464 298 465 465 299 467 467 301 466 466 300 465 465 299 468 468 302 466 466 300 467 467 301 107 107 96 469 469 303 109 109 98 455 455 289 469 469 303 107 107 96 105 105 94 455 455 289 107 107 96 457 457 291 455 455 289 105 105 94 103 103 92 457 457 291 105 105 94 470 470 304 457 457 291 103 103 92 101 101 91 470 470 304 103 103 92 471 471 305 470 470 304 101 101 91 99 99 44 471 471 305 101 101 91 97 97 1 471 471 305 99 99 44 426 426 274 472 472 306 413 413 232 473 473 307 472 472 306 426 426 274 406 406 268 473 473 307 426 426 274 474 474 308 473 473 307 406 406 268 401 401 266 474 474 308 406 406 268 475 475 309 474 474 308 401 401 266 365 365 252 475 475 309 401 401 266 294 294 207 475 475 309 365 365 252 476 476 310 113 113 101 111 111 100 115 115 102 113 113 101 476 476 310 477 477 311 115 115 102 476 476 310 478 478 312 115 115 102 477 477 311 479 479 313 478 478 312 477 477 311 480 480 314 478 478 312 479 479 313 481 481 315 480 480 314 479 479 313 463 463 297 482 482 316 465 465 299 483 483 317 482 482 316 463 463 297 461 461 295 483 483 317 463 463 297 484 484 318 483 483 317 461 461 295 459 459 293 484 484 318 461 461 295 470 470 304 484 484 318 459 459 293 457 457 291 470 470 304 459 459 293 479 479 313 485 485 319 481 481 315 486 486 320 485 485 319 479 479 313 487 487 321 486 486 320 479 479 313 488 488 322 486 486 320 487 487 321 489 489 323 488 488 322 487 487 321 490 490 324 488 488 322 489 489 323 429 429 275 491 491 325 295 295 208 492 492 326 491 491 325 429 429 275 432 432 276 492 492 326 429 429 275 493 493 327 492 492 326 432 432 276 444 444 283 493 493 327 432 432 276 494 494 302 493 493 327 444 444 283 486 486 320 495 495 328 485 485 319 496 496 329 495 495 328 486 486 320 497 497 330 496 496 329 486 486 320 498 498 331 496 496 329 497 497 330 499 499 332 498 498 331 497 497 330 465 465 299 500 500 333 467 467 301 501 501 332 500 500 333 465 465 299 482 482 316 501 501 332 465 465 299 502 502 331 501 501 332 482 482 316 503 503 329 502 502 331 482 482 316 454 454 283 466 466 300 468 468 302 472 472 306 466 466 300 454 454 283 443 443 277 472 472 306 454 454 283 413 413 232 472 472 306 443 443 277 412 412 233 413 413 232 443 443 277 497 497 330 504 504 334 499 499 332 505 505 335 504 504 334 497 497 330 506 506 336 505 505 335 497 497 330 507 507 337 505 505 335 506 506 336 508 508 338 507 507 337 506 506 336 478 478 312 117 117 91 115 115 102 509 509 305 117 117 91 478 478 312 480 480 314 509 509 305 478 478 312 510 510 339 509 509 305 480 480 314 509 509 305 44 44 44 117 117 91 511 511 340 44 44 44 509 509 305 510 510 339 511 511 340 509 509 305 512 512 341 511 511 340 510 510 339 513 513 301 493 493 327 494 494 302 504 504 334 493 493 327 513 513 301 514 514 333 504 504 334 513 513 301 499 499 332 504 504 334 514 514 333 492 492 326 515 515 342 491 491 325 516 516 343 515 515 342 492 492 326 493 493 327 516 516 343 492 492 326 504 504 334 516 516 343 493 493 327 464 464 298 517 517 344 462 462 296 518 518 345 517 517 344 464 464 298 466 466 300 518 518 345 464 464 298 472 472 306 518 518 345 466 466 300 506 506 336 490 490 324 508 508 338 488 488 322 490 490 324 506 506 336 497 497 330 488 488 322 506 506 336 486 486 320 488 488 322 497 497 330 511 511 340 1 1 1 44 44 44 519 519 346 1 1 1 511 511 340 512 512 341 519 519 346 511 511 340 520 520 347 519 519 346 512 512 341 519 519 346 0 0 0 1 1 1 521 521 348 0 0 0 519 519 346 520 520 347 521 521 348 519 519 346 522 522 349 521 521 348 520 520 347 521 521 348 96 96 72 0 0 0 523 523 350 96 96 72 521 521 348 522 522 349 523 523 350 521 521 348 524 524 351 523 523 350 522 522 349 523 523 350 147 147 107 96 96 72 525 525 352 147 147 107 523 523 350 524 524 351 525 525 352 523 523 350 526 526 349 525 525 352 524 524 351 525 525 352 137 137 108 147 147 107 527 527 350 137 137 108 525 525 352 526 526 349 527 527 350 525 525 352 528 528 347 527 527 350 526 526 349 527 527 350 136 136 107 137 137 108 529 529 348 136 136 107 527 527 350 528 528 347 529 529 348 527 527 350 530 530 341 529 529 348 528 528 347 529 529 348 75 75 72 136 136 107 531 531 346 75 75 72 529 529 348 530 530 341 531 531 346 529 529 348 532 532 339 531 531 346 530 530 341 531 531 346 74 74 0 75 75 72 533 533 340 74 74 0 531 531 346 532 532 339 533 533 340 531 531 346 534 534 314 533 533 340 532 532 339 535 535 353 477 477 311 476 476 310 487 487 321 477 477 311 535 535 353 489 489 323 487 487 321 535 535 353 483 483 317 503 503 329 482 482 316 536 536 328 503 503 329 483 483 317 537 537 319 536 536 328 483 483 317 484 484 318 537 537 319 483 483 317 538 538 315 537 537 319 484 484 318 534 534 314 538 538 315 484 484 318 539 539 354 505 505 335 507 507 337 516 516 343 505 505 335 539 539 354 515 515 342 516 516 343 539 539 354 111 111 100 469 469 303 476 476 310 109 109 98 469 469 303 111 111 100 294 294 207 491 491 325 475 475 309 295 295 208 491 491 325 294 294 207 540 540 355 473 473 307 474 474 308 541 541 356 473 473 307 540 540 355 470 470 304 534 534 314 484 484 318 471 471 305 534 534 314 470 470 304 473 473 307 518 518 345 472 472 306 541 541 356 518 518 345 473 473 307 471 471 305 533 533 340 534 534 314 97 97 1 533 533 340 471 471 305 541 541 356 517 517 344 518 518 345 505 505 335 516 516 343 504 504 334 477 477 311 487 487 321 479 479 313 533 533 340 97 97 1 74 74 0 522 522 349 542 542 357 524 524 351 543 543 358 542 542 357 522 522 349 520 520 347 543 543 358 522 522 349 544 544 359 543 543 358 520 520 347 512 512 341 544 544 359 520 520 347 545 545 360 544 544 359 512 512 341 510 510 339 545 545 360 512 512 341 546 546 361 545 545 360 510 510 339 480 480 314 546 546 361 510 510 339 481 481 315 546 546 361 480 480 314 549 549 364 548 548 363 547 547 362 550 550 365 548 548 363 549 549 364 551 551 366 550 550 365 549 549 364 447 447 286 550 550 365 551 551 366 446 446 285 447 447 286 551 551 366 552 552 367 551 551 366 549 549 364 553 553 368 551 551 366 552 552 367 554 554 369 553 553 368 552 552 367 445 445 284 553 553 368 554 554 369 444 444 283 445 445 284 554 554 369 557 557 372 556 556 371 555 555 370 543 543 358 556 556 371 557 557 372 558 558 373 543 543 358 557 557 372 542 542 357 543 543 358 558 558 373 550 550 365 559 559 374 548 548 363 560 560 375 559 559 374 550 550 365 448 448 287 560 560 375 550 550 365 449 449 288 560 560 375 448 448 287 544 544 359 556 556 371 543 543 358 561 561 376 556 556 371 544 544 359 545 545 360 561 561 376 544 544 359 546 546 361 561 561 376 545 545 360 562 562 377 554 554 369 552 552 367 494 494 302 554 554 369 562 562 377 513 513 301 494 494 302 562 562 377 446 446 285 553 553 368 445 445 284 551 551 366 553 553 368 446 446 285 546 546 361 563 563 378 561 561 376 481 481 315 563 563 378 546 546 361 448 448 287 550 550 365 447 447 286 554 554 369 494 494 302 444 444 283 485 485 319 563 563 378 481 481 315 566 566 381 565 565 380 564 564 379 567 567 382 565 565 380 566 566 381 568 568 383 567 567 382 566 566 381 569 569 384 567 567 382 568 568 383 570 570 385 569 569 384 568 568 383 571 571 386 569 569 384 570 570 385 572 572 387 571 571 386 570 570 385 573 573 388 571 571 386 572 572 387 574 574 389 573 573 388 572 572 387 575 575 390 573 573 388 574 574 389 576 576 391 575 575 390 574 574 389 579 579 394 578 578 393 577 577 392 580 580 395 578 578 393 579 579 394 581 581 396 580 580 395 579 579 394 582 582 397 580 580 395 581 581 396 583 583 398 582 582 397 581 581 396 584 584 377 582 582 397 583 583 398 585 585 368 584 584 377 583 583 398 586 586 369 584 584 377 585 585 368 452 452 285 586 586 369 585 585 368 453 453 284 586 586 369 452 452 285 580 580 395 502 502 331 578 578 393 501 501 332 502 502 331 580 580 395 582 582 397 501 501 332 580 580 395 500 500 333 501 501 332 582 582 397 584 584 377 500 500 333 582 582 397 467 467 301 500 500 333 584 584 377 586 586 369 467 467 301 584 584 377 468 468 302 467 467 301 586 586 369 453 453 284 468 468 302 586 586 369 454 454 283 468 468 302 453 453 284 532 532 339 538 538 315 534 534 314 587 587 361 538 538 315 532 532 339 530 530 341 587 587 361 532 532 339 588 588 360 587 587 361 530 530 341 528 528 347 588 588 360 530 530 341 589 589 399 588 588 360 528 528 347 526 526 349 589 589 399 528 528 347 590 590 400 589 589 399 526 526 349 542 542 357 590 590 400 526 526 349 593 593 403 592 592 402 591 591 401 594 594 404 592 592 402 593 593 403 595 595 405 594 594 404 593 593 403 596 596 406 594 594 404 595 595 405 597 597 407 596 596 406 595 595 405 598 598 408 596 596 406 597 597 407 599 599 409 598 598 408 597 597 407 600 600 410 598 598 408 599 599 409 601 601 411 568 568 383 560 560 375 570 570 385 568 568 383 601 601 411 602 602 412 570 570 385 601 601 411 572 572 387 570 570 385 602 602 412 603 603 413 572 572 387 602 602 412 604 604 414 572 572 387 603 603 413 605 605 415 604 604 414 603 603 413 606 606 416 604 604 414 605 605 415 607 607 417 573 573 388 575 575 390 571 571 386 573 573 388 607 607 417 608 608 418 571 571 386 607 607 417 569 569 384 571 571 386 608 608 418 609 609 419 569 569 384 608 608 418 567 567 382 569 569 384 609 609 419 610 610 420 567 567 382 609 609 419 565 565 380 567 567 382 610 610 420 594 594 404 555 555 370 592 592 402 557 557 372 555 555 370 594 594 404 596 596 406 557 557 372 594 594 404 558 558 373 557 557 372 596 596 406 611 611 421 558 558 373 596 596 406 542 542 357 558 558 373 611 611 421 612 612 422 542 542 357 611 611 421 613 613 397 513 513 301 562 562 377 514 514 333 513 513 301 613 613 397 614 614 395 514 514 333 613 613 397 499 499 332 514 514 333 614 614 395 615 615 393 499 499 332 614 614 395 498 498 331 499 499 332 615 615 393 496 496 329 498 498 331 615 615 393 617 617 424 616 616 423 612 612 422 618 618 425 616 616 423 617 617 424 619 619 426 618 618 425 617 617 424 620 620 427 618 618 425 619 619 426 621 621 428 620 620 427 619 619 426 622 622 429 620 620 427 621 621 428 604 604 414 574 574 389 572 572 387 623 623 430 574 574 389 604 604 414 624 624 431 623 623 430 604 604 414 576 576 391 623 623 430 624 624 431 622 622 429 576 576 391 624 624 431 619 619 426 625 625 432 621 621 428 626 626 433 625 625 432 619 619 426 617 617 424 626 626 433 619 619 426 611 611 421 626 626 433 617 617 424 612 612 422 611 611 421 617 617 424 629 629 436 628 628 435 627 627 434 630 630 437 628 628 435 629 629 436 547 547 362 630 630 437 629 629 436 548 548 363 630 630 437 547 547 362 630 630 437 564 564 379 628 628 435 566 566 381 564 564 379 630 630 437 548 548 363 566 566 381 630 630 437 559 559 374 566 566 381 548 548 363 598 598 408 611 611 421 596 596 406 626 626 433 611 611 421 598 598 408 600 600 410 626 626 433 598 598 408 625 625 432 626 626 433 600 600 410 587 587 361 537 537 319 538 538 315 631 631 378 537 537 319 587 587 361 588 588 360 631 631 378 587 587 361 632 632 438 631 631 378 588 588 360 631 631 378 536 536 328 537 537 319 633 633 439 536 536 328 631 631 378 632 632 438 633 633 439 631 631 378 634 634 440 633 633 439 632 632 438 633 633 439 503 503 329 536 536 328 635 635 441 503 503 329 633 633 439 634 634 440 635 635 441 633 633 439 636 636 442 635 635 441 634 634 440 635 635 441 502 502 331 503 503 329 578 578 393 502 502 331 635 635 441 636 636 442 578 578 393 635 635 441 577 577 392 578 578 393 636 636 442 624 624 431 620 620 427 622 622 429 618 618 425 620 620 427 624 624 431 604 604 414 618 618 425 624 624 431 606 606 416 618 618 425 604 604 414 450 450 287 560 560 375 449 449 288 637 637 443 560 560 375 450 450 287 638 638 444 637 637 443 450 450 287 639 639 441 496 496 329 615 615 393 495 495 328 496 496 329 639 639 441 640 640 439 495 495 328 639 639 441 451 451 286 638 638 444 450 450 287 585 585 368 638 638 444 451 451 286 452 452 285 585 585 368 451 451 286 559 559 374 568 568 383 566 566 381 560 560 375 568 568 383 559 559 374 485 485 319 640 640 439 563 563 378 495 495 328 640 640 439 485 485 319 623 623 430 576 576 391 574 574 389 524 524 351 542 542 357 526 526 349 618 618 425 606 606 416 616 616 423 643 643 447 642 642 446 641 641 445 644 644 448 642 642 446 643 643 447 645 645 449 644 644 448 643 643 447 646 646 450 644 644 448 645 645 449 647 647 451 646 646 450 645 645 449 648 648 452 646 646 450 647 647 451 649 649 453 648 648 452 647 647 451 650 650 454 648 648 452 649 649 453 651 651 455 650 650 454 649 649 453 652 652 453 650 650 454 651 651 455 653 653 456 652 652 453 651 651 455 654 654 451 652 652 453 653 653 456 655 655 457 654 654 451 653 653 456 656 656 458 654 654 451 655 655 457 657 657 459 656 656 458 655 655 457 658 658 460 656 656 458 657 657 459 659 659 461 658 658 460 657 657 459 660 660 462 658 658 460 659 659 461 646 646 450 642 642 446 644 644 448 661 661 463 642 642 446 646 646 450 648 648 452 661 661 463 646 646 450 662 662 464 661 661 463 648 648 452 650 650 454 662 662 464 648 648 452 663 663 465 662 662 464 650 650 454 664 664 464 663 663 465 650 650 454 665 665 466 663 663 465 664 664 464 666 666 463 665 665 466 664 664 464 667 667 467 665 665 466 666 666 463 668 668 468 667 667 467 666 666 463 669 669 469 667 667 467 668 668 468 670 670 470 669 669 469 668 668 468 671 671 471 669 669 469 670 670 470 672 672 472 671 671 471 670 670 470 673 673 473 645 645 449 643 643 447 674 674 474 645 645 449 673 673 473 675 675 475 674 674 474 673 673 473 676 676 476 674 674 474 675 675 475 677 677 477 676 676 476 675 675 475 678 678 478 676 676 476 677 677 477 679 679 479 678 678 478 677 677 477 680 680 480 678 678 478 679 679 479 681 681 481 680 680 480 679 679 479 682 682 482 680 680 480 681 681 481 683 683 483 682 682 482 681 681 481 655 655 457 682 682 482 683 683 483 657 657 459 655 655 457 683 683 483 684 684 484 667 667 467 669 669 469 685 685 485 667 667 467 684 684 484 686 686 486 685 685 485 684 684 484 687 687 487 685 685 485 686 686 486 688 688 488 687 687 487 686 686 486 689 689 489 687 687 487 688 688 488 690 690 490 689 689 489 688 688 488 691 691 491 689 689 489 690 690 490 692 692 492 691 691 491 690 690 490 693 693 493 691 691 491 692 692 492 641 641 445 693 693 493 692 692 492 642 642 446 693 693 493 641 641 445 661 661 463 693 693 493 642 642 446 691 691 491 693 693 493 661 661 463 694 694 466 691 691 491 661 661 463 689 689 489 691 691 491 694 694 466 695 695 494 689 689 489 694 694 466 687 687 487 689 689 489 695 695 494 685 685 485 687 687 487 695 695 494 653 653 456 682 682 482 655 655 457 696 696 495 682 682 482 653 653 456 651 651 455 696 696 495 653 653 456 697 697 456 696 696 495 651 651 455 649 649 453 697 697 456 651 651 455 647 647 451 697 697 456 649 649 453 698 698 452 666 666 463 664 664 464 699 699 450 666 666 463 698 698 452 654 654 451 699 699 450 698 698 452 700 700 496 699 699 450 654 654 451 656 656 458 700 700 496 654 654 451 658 658 460 700 700 496 656 656 458 699 699 450 701 701 497 666 666 463 702 702 448 701 701 497 699 699 450 700 700 496 702 702 448 699 699 450 703 703 498 702 702 448 700 700 496 658 658 460 703 703 498 700 700 496 660 660 462 703 703 498 658 658 460 701 701 497 668 668 468 666 666 463 670 670 470 668 668 468 701 701 497 704 704 499 670 670 470 701 701 497 672 672 472 670 670 470 704 704 499 705 705 500 672 672 472 704 704 499 702 702 448 704 704 499 701 701 497 706 706 447 704 704 499 702 702 448 703 703 498 706 706 447 702 702 448 707 707 501 706 706 447 703 703 498 708 708 502 707 707 501 703 703 498 674 674 474 647 647 451 645 645 449 676 676 476 647 647 451 674 674 474 676 676 476 697 697 456 647 647 451 678 678 478 697 697 456 676 676 476 678 678 478 696 696 495 697 697 456 680 680 480 696 696 495 678 678 478 709 709 503 669 669 469 671 671 471 684 684 484 669 669 469 709 709 503 710 710 504 657 657 459 683 683 483 659 659 461 657 657 459 710 710 504 662 662 464 694 694 466 661 661 463 663 663 465 694 694 466 662 662 464 663 663 465 695 695 494 694 694 466 665 665 466 695 695 494 663 663 465 685 685 485 665 665 466 667 667 467 695 695 494 665 665 466 685 685 485 650 650 454 698 698 452 664 664 464 652 652 453 698 698 452 650 650 454 707 707 501 704 704 499 706 706 447 705 705 500 704 704 499 707 707 501 682 682 482 696 696 495 680 680 480 652 652 453 654 654 451 698 698 452 660 660 462 708 708 502 703 703 498 713 713 507 712 712 506 711 711 505 714 714 508 712 712 506 713 713 507 715 715 509 714 714 508 713 713 507 716 716 510 714 714 508 715 715 509 717 717 507 716 716 510 715 715 509 718 718 511 716 716 510 717 717 507 719 719 505 718 718 511 717 717 507 720 720 512 718 718 511 719 719 505 721 721 513 720 720 512 719 719 505 722 722 514 720 720 512 721 721 513 723 723 515 722 722 514 721 721 513 724 724 516 722 722 514 723 723 515 725 725 517 724 724 516 723 723 515 726 726 518 724 724 516 725 725 517 727 727 519 726 726 518 725 725 517 728 728 502 726 726 518 727 727 519 729 729 462 728 728 502 727 727 519 675 675 475 728 728 502 729 729 462 677 677 477 675 675 475 729 729 462 716 716 510 709 709 503 714 714 508 730 730 520 709 709 503 716 716 510 718 718 511 730 730 520 716 716 510 731 731 503 730 730 520 718 718 511 720 720 512 731 731 503 718 718 511 732 732 471 731 731 503 720 720 512 722 722 514 732 732 471 720 720 512 733 733 472 732 732 471 722 722 514 724 724 516 733 733 472 722 722 514 734 734 500 733 733 472 724 724 516 726 726 518 734 734 500 724 724 516 735 735 501 734 734 500 726 726 518 728 728 502 735 735 501 726 726 518 643 643 447 735 735 501 728 728 502 673 673 473 643 643 447 728 728 502 736 736 521 727 727 519 725 725 517 737 737 522 727 727 519 736 736 521 738 738 523 737 737 522 736 736 521 739 739 524 737 737 522 738 738 523 740 740 525 739 739 524 738 738 523 741 741 526 739 739 524 740 740 525 742 742 527 741 741 526 740 740 525 743 743 528 741 741 526 742 742 527 744 744 529 743 743 528 742 742 527 737 737 522 729 729 462 727 727 519 745 745 461 729 729 462 737 737 522 739 739 524 745 745 461 737 737 522 746 746 504 745 745 461 739 739 524 741 741 526 746 746 504 739 739 524 747 747 530 746 746 504 741 741 526 743 743 528 747 747 530 741 741 526 692 692 492 734 734 500 641 641 445 733 733 472 734 734 500 692 692 492 690 690 490 733 733 472 692 692 492 732 732 471 733 733 472 690 690 490 688 688 488 732 732 471 690 690 490 731 731 503 732 732 471 688 688 488 730 730 520 731 731 503 688 688 488 749 749 531 744 744 529 748 748 527 743 743 528 744 744 529 749 749 531 710 710 504 743 743 528 749 749 531 747 747 530 743 743 528 710 710 504 681 681 481 747 747 530 710 710 504 679 679 479 747 747 530 681 681 481 745 745 461 677 677 477 729 729 462 679 679 479 677 677 477 745 745 461 746 746 504 679 679 479 745 745 461 747 747 530 679 679 479 746 746 504 686 686 486 730 730 520 688 688 488 709 709 503 730 730 520 686 686 486 684 684 484 709 709 503 686 686 486 751 751 532 748 748 527 750 750 525 749 749 531 748 748 527 751 751 532 643 643 447 734 734 500 735 735 501 641 641 445 734 734 500 643 643 447 673 673 473 728 728 502 675 675 475 710 710 504 683 683 483 681 681 481 750 750 525 456 456 290 752 752 523 455 455 289 456 456 290 750 750 525 748 748 527 455 455 289 750 750 525 469 469 303 455 455 289 748 748 527 744 744 529 469 469 303 748 748 527 476 476 310 469 469 303 744 744 529 742 742 527 476 476 310 744 744 529 535 535 353 476 476 310 742 742 527 740 740 525 535 535 353 742 742 527 489 489 323 535 535 353 740 740 525 738 738 523 489 489 323 740 740 525 490 490 324 489 489 323 738 738 523 736 736 521 490 490 324 738 738 523 508 508 338 490 490 324 736 736 521 725 725 517 508 508 338 736 736 521 723 723 515 508 508 338 725 725 517 671 671 471 714 714 508 709 709 503 712 712 506 714 714 508 671 671 471 672 672 472 712 712 506 671 671 471 753 753 533 712 712 506 672 672 472 705 705 500 753 753 533 672 672 472 754 754 534 753 753 533 705 705 500 707 707 501 754 754 534 705 705 500 755 755 535 754 754 534 707 707 501 756 756 536 755 755 535 707 707 501 757 757 521 755 755 535 756 756 536 752 752 523 757 757 521 756 756 536 458 458 292 757 757 521 752 752 523 456 456 290 458 458 292 752 752 523 708 708 502 756 756 536 707 707 501 758 758 537 756 756 536 708 708 502 660 660 462 758 758 537 708 708 502 751 751 532 758 758 537 660 660 462 659 659 461 751 751 532 660 660 462 460 460 294 757 757 521 458 458 292 759 759 517 757 757 521 460 460 294 462 462 296 759 759 517 460 460 294 517 517 344 759 759 517 462 462 296 711 711 505 540 540 355 474 474 308 760 760 513 540 540 355 711 711 505 753 753 533 760 760 513 711 711 505 754 754 534 760 760 513 753 753 533 760 760 513 541 541 356 540 540 355 761 761 515 541 541 356 760 760 513 754 754 534 761 761 515 760 760 513 755 755 535 761 761 515 754 754 534 761 761 515 517 517 344 541 541 356 759 759 517 517 517 344 761 761 515 755 755 535 759 759 517 761 761 515 757 757 521 759 759 517 755 755 535 758 758 537 752 752 523 756 756 536 750 750 525 752 752 523 758 758 537 751 751 532 750 750 525 758 758 537 749 749 531 659 659 461 710 710 504 751 751 532 659 659 461 749 749 531 723 723 515 507 507 337 508 508 338 721 721 513 507 507 337 723 723 515 721 721 513 539 539 354 507 507 337 719 719 505 539 539 354 721 721 513 719 719 505 515 515 342 539 539 354 717 717 507 515 515 342 719 719 505 717 717 507 491 491 325 515 515 342 715 715 509 491 491 325 717 717 507 715 715 509 475 475 309 491 491 325 713 713 507 475 475 309 715 715 509 713 713 507 474 474 308 475 475 309 711 711 505 474 474 308 713 713 507 711 711 505 712 712 506 753 753 533 764 764 540 763 763 539 762 762 538 765 765 541 763 763 539 764 764 540 766 766 542 765 765 541 764 764 540 767 767 543 765 765 541 766 766 542 768 768 544 767 767 543 766 766 542 555 555 370 767 767 543 768 768 544 592 592 402 555 555 370 768 768 544 771 771 547 770 770 546 769 769 545 768 768 544 770 770 546 771 771 547 591 591 401 768 768 544 771 771 547 592 592 402 768 768 544 591 591 401 763 763 539 556 556 371 561 561 376 765 765 541 556 556 371 763 763 539 556 556 371 767 767 543 555 555 370 765 765 541 767 767 543 556 556 371 770 770 546 768 768 544 766 766 542 772 772 548 562 562 377 552 552 367 613 613 397 562 562 377 772 772 548 773 773 549 613 613 397 772 772 548 614 614 395 613 613 397 773 773 549 774 774 550 614 614 395 773 773 549 615 615 393 614 614 395 774 774 550 639 639 441 615 615 393 774 774 550 777 777 553 776 776 552 775 775 551 778 778 554 776 776 552 777 777 553 779 779 555 778 778 554 777 777 553 780 780 556 778 778 554 779 779 555 769 769 545 780 780 556 779 779 555 770 770 546 780 780 556 769 769 545 778 778 554 781 781 557 776 776 552 782 782 558 781 781 557 778 778 554 780 780 556 782 782 558 778 778 554 783 783 559 782 782 558 780 780 556 770 770 546 783 783 559 780 780 556 766 766 542 783 783 559 770 770 546 764 764 540 783 783 559 766 766 542 784 784 560 783 783 559 764 764 540 762 762 538 784 784 560 764 764 540 785 785 561 784 784 560 762 762 538 774 774 550 785 785 561 762 762 538 786 786 562 785 785 561 774 774 550 781 781 557 785 785 561 786 786 562 782 782 558 785 785 561 781 781 557 782 782 558 784 784 560 785 785 561 783 783 559 784 784 560 782 782 558 563 563 378 763 763 539 561 561 376 640 640 439 763 763 539 563 563 378 640 640 439 762 762 538 763 763 539 639 639 441 762 762 538 640 640 439 774 774 550 762 762 538 639 639 441 776 776 552 787 787 563 775 775 551 788 788 564 787 787 563 776 776 552 781 781 557 788 788 564 776 776 552 789 789 565 788 788 564 781 781 557 790 790 566 789 789 565 781 781 557 791 791 567 789 789 565 790 790 566 773 773 549 791 791 567 790 790 566 792 792 568 791 791 567 773 773 549 772 772 548 792 792 568 773 773 549 793 793 569 792 792 568 772 772 548 549 549 364 793 793 569 772 772 548 794 794 570 793 793 569 549 549 364 547 547 362 794 794 570 549 549 364 795 795 571 794 794 570 547 547 362 629 629 436 795 795 571 547 547 362 627 627 434 795 795 571 629 629 436 788 788 564 796 796 572 787 787 563 797 797 573 796 796 572 788 788 564 789 789 565 797 797 573 788 788 564 798 798 574 797 797 573 789 789 565 791 791 567 798 798 574 789 789 565 792 792 568 798 798 574 791 791 567 797 797 573 799 799 575 796 796 572 800 800 576 799 799 575 797 797 573 798 798 574 800 800 576 797 797 573 801 801 577 800 800 576 798 798 574 792 792 568 801 801 577 798 798 574 793 793 569 801 801 577 792 792 568 800 800 576 802 802 578 799 799 575 795 795 571 802 802 578 800 800 576 801 801 577 795 795 571 800 800 576 794 794 570 795 795 571 801 801 577 793 793 569 794 794 570 801 801 577 790 790 566 774 774 550 773 773 549 786 786 562 774 774 550 790 790 566 781 781 557 786 786 562 790 790 566 802 802 578 795 795 571 627 627 434 772 772 548 552 552 367 549 549 364</p>
				</triangles>
			</mesh>
		</geometry>
		<geometry id="polygon3" name="polygon3">
			<mesh>
				<source id="polygon3_Positions">
					<float_array id="polygon3_PosArr" count="432">0.8049163 -8.999529 6.55876 2.261823E-07 -9.069333 6.628566 0.6970772 -8.740477 6.812967 0.4024583 -8.575655 6.977789 1.34665 -8.311481 6.837484 0.7774892 -7.969332 7.179633 1.904451 -7.782969 6.702992 1.099535 -7.332665 7.153296 2.332465 -7.29218 6.358337 1.34665 -6.728725 6.93366 2.532884 -6.72523 5.993064 1.462361 -6.111687 6.512022 2.558359 -6.077401 5.332256 1.477069 -5.455116 5.820948 2.471184 -5.255079 4.205747 1.426739 -4.587557 4.660451 2.297619 -4.893861 3.325378 1.326532 -4.218408 3.715352 2.028318 -4.614468 2.215978 1.17105 -4.016048 2.433785 1.740432 -4.649725 1.567877 1.004839 -4.22658 1.72189 0.9009141 -4.800198 1.113766 0.5201431 -4.581161 1.193489 9.580437E-08 -5.055631 0.8845856 9.784698E-08 -4.73286 1.138276 -0.5201429 -4.581161 1.193489 -0.1300359 -4.589599 1.190418 -0.2512099 -4.178985 1.739214 1.046679E-07 -4.572394 1.596024 1.154978E-07 -4.29771 2.331269 0.2512101 -4.178985 1.739214 0.5466721 -4.044068 2.423586 1.554978 -8.794866 6.354098 2.199069 -8.486126 5.987116 2.6933 -8.04566 5.604859 2.924722 -7.507836 5.24658 2.954138 -6.867671 4.708275 2.853478 -6.097529 3.696434 2.653063 -5.685472 2.904655 2.3421 -5.431924 1.918448 2.009677 -5.227755 1.357492 1.040286 -5.099408 1.004862 -0.7774888 -7.969332 7.179633 -1.904451 -7.782969 6.702992 -1.099535 -7.332665 7.153296 -2.332465 -7.29218 6.358337 -1.34665 -6.728725 6.93366 -2.532884 -6.72523 5.993064 -1.462361 -6.111688 6.512022 -2.558359 -6.077401 5.332256 -1.477069 -5.455116 5.820948 -2.471184 -5.255079 4.205747 -1.426739 -4.587557 4.660451 -2.297619 -4.893861 3.325378 -1.326532 -4.218408 3.715352 -2.028318 -4.614468 2.215978 -1.17105 -4.016048 2.433785 -1.740432 -4.649725 1.567877 -1.004839 -4.22658 1.721891 -0.9009139 -4.800198 1.113766 2.292351E-07 -8.515325 7.038118 2.293646E-07 -7.840918 7.331782 2.241239E-07 -7.167843 7.318118 2.164921E-07 -6.514962 7.159292 2.041842E-07 -5.87712 6.726963 1.868834E-07 -5.216213 6.019213 0.6660342 -4.462605 4.747946 1.579393E-07 -4.688346 4.589878 0.6192551 -4.210205 3.720088 1.385647E-07 -4.432618 3.591677 -0.6660338 -4.462605 4.747946 -0.6192549 -4.210205 3.720088 -0.5466719 -4.044068 2.423586 -1.040286 -5.099408 1.004862 -2.009678 -5.227755 1.357492 -2.3421 -5.431924 1.918448 -2.653063 -5.685472 2.904655 -2.853478 -6.09753 3.696434 -2.954138 -6.867671 4.708275 -2.924723 -7.507836 5.24658 -2.693301 -8.04566 5.604859 0.6970772 -9.227788 6.295225 1.34665 -9.266135 5.882831 0.7774892 -9.472542 5.676423 1.099535 -9.272575 5.207458 2.018683E-07 -9.366535 5.113502 1.913144E-07 -8.972742 4.677778 -1.099535 -9.272575 5.207459 -1.34665 -8.857649 4.792871 -1.90445 -8.995953 5.48408 -2.332466 -8.534093 5.116425 -2.19907 -8.486126 5.987116 1.90445 -8.995953 5.48408 1.34665 -8.857649 4.792871 1.817251E-07 -8.481548 4.338498 -1.462361 -8.34783 4.461028 -2.532884 -7.980085 4.798003 2.332466 -8.534093 5.116425 1.462361 -8.34783 4.461028 1.687439E-07 -7.850344 3.864889 -1.477069 -7.706368 3.985698 -2.558359 -7.364043 4.298751 2.532884 -7.980085 4.798003 1.477069 -7.706368 3.985698 1.488073E-07 -7.181731 3.009847 -1.426739 -7.033606 3.113565 -2.471184 -6.626249 3.3988 2.558359 -7.364043 4.298751 1.426739 -7.033605 3.113565 1.331675E-07 -6.762521 2.294383 -1.326531 -6.621581 2.375755 -2.297619 -6.225366 2.604511 2.471184 -6.626249 3.3988 1.326531 -6.621581 2.375755 1.17782E-07 -6.454309 1.546331 -1.17105 -6.329443 1.591779 -2.028318 -5.961833 1.725577 2.297619 -6.225366 2.604511 1.17105 -6.329443 1.591779 1.061558E-07 -5.977157 1.084733 -1.004838 -5.876757 1.121275 -1.740432 -5.602456 1.221113 2.028318 -5.961833 1.725577 1.004838 -5.876757 1.121275 9.864608E-08 -5.487327 0.8636711 -0.5201429 -5.435357 0.8825872 -0.9009139 -5.293367 0.9342672 -1.554977 -8.794866 6.354098 -1.34665 -9.266135 5.882831 -0.7774888 -9.472542 5.676423 2.117492E-07 -9.548093 5.600872 0.4024582 -9.369906 6.117833 -0.8049158 -8.999529 6.55876 -0.6970767 -9.227788 6.295225 -0.4024578 -9.369906 6.117833 2.19081E-07 -9.409014 6.078726 -0.4024578 -8.575655 6.977789 -1.34665 -8.311481 6.837484 1.740432 -5.602456 1.221112 0.5201431 -5.435357 0.8825872 0.1300361 -4.589599 1.190418 0.9009141 -5.293367 0.9342672 -0.6970767 -8.740477 6.812967</float_array>
					<technique_common>
						<accessor source="#polygon3_PosArr" count="144" stride="3">
							<param name="X" type="float" />
							<param name="Y" type="float" />
							<param name="Z" type="float" />
						</accessor>
					</technique_common>
				</source>
				<source id="polygon3_Normals">
					<float_array id="polygon3_NormArr" count="432">0.2374268 -0.7012298 0.6722805 1.733468E-08 -0.7347849 0.6783269 0.2062378 -0.5827407 0.7860432 0.1194458 -0.5145983 0.8490967 0.4098511 -0.4184688 0.8104882 0.2371826 -0.2601507 0.9359776 0.5911865 -0.2049934 0.7800221 0.3340454 0.03991863 0.9417302 0.7192383 0.03473428 0.6940069 0.3939819 0.3156579 0.8633422 0.788147 0.2884925 0.5437155 0.413208 0.5556196 0.7216576 0.7982788 0.4653353 0.3824377 0.3701782 0.7222678 0.5844307 0.7946777 0.5678637 0.2145877 0.3927002 0.8269378 0.4024679 0.7758179 0.6301163 0.03340774 0.3348999 0.9235962 0.1866268 0.7207031 0.6659917 -0.1923207 0.2771606 0.9563626 -0.09207378 0.4997559 0.6496938 -0.5728741 0.1940307 0.8584311 -0.4747885 0.2072754 0.509664 -0.8350111 0.07202147 0.6460001 -0.7599003 -1.895841E-08 0.3172072 -0.9483323 -1.731712E-08 0.7362095 -0.6767194 -0.0720215 0.6460001 -0.7599003 0.2921142 0.7322795 -0.6151315 0.3602905 0.8735523 -0.3273367 -1.157261E-08 0.9682051 -0.2500938 -7.244195E-09 0.9999561 0.01063939 -0.3602905 0.8735523 -0.3273367 -0.2651367 0.9639869 -0.02193451 0.4800415 -0.630981 0.6094726 0.6981812 -0.5338778 0.4769838 0.8805542 -0.3846368 0.277078 0.9832153 -0.1767213 0.04578281 0.994751 -0.05029994 -0.08918464 0.9851074 0.0003420394 -0.1718531 0.9678345 0.03198599 -0.2495257 0.9146118 0.07095002 -0.3980225 0.6333618 0.2057315 -0.7460082 0.2422485 0.3054892 -0.9208826 -0.2371826 -0.2601507 0.9359776 -0.5911865 -0.2049934 0.7800221 -0.3340454 0.03991862 0.9417302 -0.7192383 0.03473428 0.6940069 -0.3939819 0.3156579 0.8633422 -0.788147 0.2884925 0.5437155 -0.413208 0.5556196 0.7216576 -0.7982788 0.4653353 0.3824377 -0.3701782 0.7222678 0.5844308 -0.7946777 0.5678637 0.2145877 -0.3927002 0.8269378 0.4024679 -0.7758179 0.6301163 0.03340777 -0.3348999 0.9235962 0.1866268 -0.7207031 0.6659916 -0.1923207 -0.2771606 0.9563626 -0.09207378 -0.4997559 0.6496938 -0.572874 -0.1940308 0.858431 -0.4747885 -0.2072754 0.509664 -0.8350111 1.889015E-08 -0.494612 0.869129 1.865163E-08 -0.2034865 0.9790791 1.646239E-08 0.1226419 0.9924548 1.29767E-08 0.4064911 0.9138254 8.648423E-09 0.6422405 0.7666467 3.463351E-09 0.8340996 0.5518944 -0.04870605 0.905282 0.4220639 -1.847902E-09 0.954089 0.2994274 -0.1724854 0.9640347 0.2022669 -3.947685E-09 0.9815556 0.1911384 0.04870605 0.905282 0.4220639 0.1724854 0.9640347 0.2022669 0.2651367 0.9639869 -0.02193452 -0.2422486 0.3054892 -0.9208826 -0.6333618 0.2057315 -0.7460082 -0.9146118 0.07095 -0.3980224 -0.9678345 0.03198598 -0.2495256 -0.9851074 0.0003420247 -0.171853 -0.994751 -0.05029995 -0.0891846 -0.9832153 -0.1767213 0.04578284 -0.8805542 -0.3846368 0.277078 0.1838379 -0.8242178 0.5356075 0.3929443 -0.8613476 0.3219942 0.1957398 -0.9792241 0.05290069 0.2648315 -0.8685189 -0.4190081 -2.614304E-09 -0.8580855 -0.513575 -8.283232E-09 -0.6586019 -0.7527307 -0.2648315 -0.8685189 -0.4190081 -0.2756348 -0.6708716 -0.6886347 -0.5758667 -0.8173296 -0.01855101 -0.6657715 -0.6621422 -0.3442256 -0.6981812 -0.5338778 0.4769838 0.5758667 -0.8173296 -0.01855103 0.2756348 -0.6708716 -0.6886347 -9.89963E-09 -0.582723 -0.8128568 -0.2689209 -0.5783889 -0.7703094 -0.6693726 -0.5159411 -0.534742 0.6657715 -0.6621422 -0.3442256 0.2689209 -0.5783889 -0.7703094 -7.312635E-09 -0.6996207 -0.7146977 -0.2704468 -0.6722121 -0.6893646 -0.657959 -0.5232658 -0.5417003 0.6693726 -0.5159411 -0.534742 0.2704468 -0.6722121 -0.6893647 -3.658662E-09 -0.8281428 -0.5605229 -0.276001 -0.7865365 -0.5524764 -0.6608276 -0.5767827 -0.4802167 0.657959 -0.5232657 -0.5417004 0.276001 -0.7865365 -0.5524764 -1.033062E-09 -0.8979314 -0.4401618 -0.276123 -0.8541985 -0.4405618 -0.6691895 -0.6094029 -0.4252373 0.6608276 -0.5767827 -0.4802167 0.276123 -0.8541985 -0.4405618 -3.580893E-09 -0.830471 -0.5570686 -0.2553101 -0.7910683 -0.5558588 -0.6339111 -0.5555766 -0.5379855 0.6691895 -0.6094029 -0.4252373 0.2553101 -0.7910683 -0.5558588 -1.027141E-08 -0.5636756 -0.8260095 -0.1936646 -0.5136682 -0.8358802 -0.4527588 -0.28906 -0.8434468 0.6339111 -0.5555766 -0.5379856 0.1936645 -0.5136682 -0.8358802 -1.581396E-08 -0.1864132 -0.982483 -0.1074219 -0.1279924 -0.9859313 -0.2010498 0.05444968 -0.9780444 -0.4800415 -0.630981 0.6094726 -0.3929443 -0.8613477 0.3219942 -0.1957397 -0.9792241 0.05290069 6.912698E-09 -0.999571 -0.02941233 0.09198 -0.894466 0.4375692 -0.2374267 -0.7012298 0.6722805 -0.1838379 -0.8242178 0.5356075 -0.09197997 -0.894466 0.4375692 1.390211E-08 -0.9137199 0.4062918 -0.1194458 -0.5145983 0.8490967 -0.409851 -0.4184688 0.8104882 0.4527588 -0.28906 -0.8434469 0.1074219 -0.1279924 -0.9859313 -0.2921143 0.7322795 -0.6151315 0.2010498 0.05444968 -0.9780444 -0.2062378 -0.5827407 0.7860432</float_array>
					<technique_common>
						<accessor source="#polygon3_NormArr" count="144" stride="3">
							<param name="X" type="float" />
							<param name="Y" type="float" />
							<param name="Z" type="float" />
						</accessor>
					</technique_common>
				</source>
				<source id="polygon3_UVs0">
					<float_array id="polygon3_UVArr0" count="196">0.5501099 0.01831055 0.5071411 0.01663208 0.5314026 0.02191162 0.5211487 0.02191162 0.5539856 0.03805542 0.5341797 0.03805542 0.5656738 0.05603027 0.5454102 0.05603027 0.585022 0.07562256 0.5539856 0.07562256 0.5857239 0.11026 0.5594177 0.11026 0.5889282 0.1726685 0.5612488 0.1726685 0.5976563 0.2622681 0.5594177 0.2622681 0.5883179 0.3327332 0.5539856 0.3327332 0.5734253 0.4037476 0.5454102 0.4037476 0.5539856 0.4441528 0.5341797 0.4441528 0.5314026 0.4695435 0.5211487 0.4695435 0.5071411 0.4782104 0.5071411 0.4695435 0.5106506 0.4695435 0.513916 0.4441528 0.5071411 0.4441528 0.5071411 0.4037476 0.5166931 0.4037476 0.572998 0.03805542 0.5990295 0.05603027 0.6008606 0.07562256 0.6116638 0.11026 0.6153564 0.1726685 0.6116638 0.2622681 0.6008606 0.3327332 0.5836792 0.4037476 0.5612488 0.4441528 0.5351563 0.4695435 0.5071411 0.02191162 0.5071411 0.03805542 0.5071411 0.05603027 0.5071411 0.07562256 0.5071411 0.11026 0.5071411 0.1726685 0.5202026 0.2622681 0.5071411 0.2622681 0.5188599 0.3327332 0.5071411 0.3327332 0.743927 0.01473999 0.7246704 0.01864624 0.7263489 0.0211792 0.6825562 0.03012085 0.7116699 0.03012085 0.7066956 0.04833984 0.743927 0.04833984 0.743927 0.06518555 0.703064 0.06518555 0.6703186 0.04833984 0.6565857 0.06518555 0.6477661 0.04833984 0.6294556 0.06518555 0.6708069 0.03045654 0.743927 0.0977478 0.7008057 0.0977478 0.6479492 0.0977478 0.6280212 0.0977478 0.743927 0.1705627 0.7000122 0.1705627 0.6450195 0.1705627 0.6280212 0.1705627 0.743927 0.2614441 0.7008057 0.2614441 0.6479492 0.2614441 0.6280212 0.2614441 0.743927 0.3329163 0.703064 0.3329163 0.6565857 0.3329163 0.6280212 0.3329163 0.743927 0.4049377 0.7066956 0.4049377 0.6703186 0.4049377 0.6280212 0.4049377 0.743927 0.4459229 0.7116699 0.4459229 0.6882019 0.4459229 0.6280212 0.4459229 0.743927 0.4716797 0.7179565 0.4716797 0.7207947 0.4716797 0.7246704 0.4716797 0.743927 0.03012085 0.7280884 0.0223999 0.743927 0.01864624 0.5888062 0.05603027 0.743927 0.4804688</float_array>
					<technique_common>
						<accessor source="#polygon3_UVArr0" count="98" stride="2">
							<param name="S" type="float" />
							<param name="T" type="float" />
						</accessor>
					</technique_common>
				</source>
				<vertices id="polygon3_Vertices">
					<input semantic="POSITION" source="#polygon3_Positions" />
				</vertices>
				<triangles material="mouth_mat" count="284">
					<input semantic="VERTEX" source="#polygon3_Vertices" offset="0" />
					<input semantic="NORMAL" source="#polygon3_Normals" offset="1" />
					<input semantic="TEXCOORD" source="#polygon3_UVs0" set="0" offset="2" />
					<p>2 2 2 1 1 1 0 0 0 3 3 3 1 1 1 2 2 2 4 4 4 3 3 3 2 2 2 5 5 5 3 3 3 4 4 4 6 6 6 5 5 5 4 4 4 7 7 7 5 5 5 6 6 6 8 8 8 7 7 7 6 6 6 9 9 9 7 7 7 8 8 8 10 10 10 9 9 9 8 8 8 11 11 11 9 9 9 10 10 10 12 12 12 11 11 11 10 10 10 13 13 13 11 11 11 12 12 12 14 14 14 13 13 13 12 12 12 15 15 15 13 13 13 14 14 14 16 16 16 15 15 15 14 14 14 17 17 17 15 15 15 16 16 16 18 18 18 17 17 17 16 16 16 19 19 19 17 17 17 18 18 18 20 20 20 19 19 19 18 18 18 21 21 21 19 19 19 20 20 20 22 22 22 21 21 21 20 20 20 23 23 23 21 21 21 22 22 22 24 24 24 23 23 23 22 22 22 25 25 25 23 23 23 24 24 24 26 26 23 25 25 25 24 24 24 27 27 26 25 25 25 26 26 23 28 28 27 27 27 26 26 26 23 29 29 28 27 27 26 28 28 27 30 30 29 29 29 28 28 28 27 31 31 27 29 29 28 30 30 29 32 32 30 31 31 27 30 30 29 21 21 21 31 31 27 32 32 30 19 19 19 21 21 21 32 32 30 33 33 31 2 2 2 0 0 0 4 4 4 2 2 2 33 33 31 34 34 32 4 4 4 33 33 31 6 6 6 4 4 4 34 34 32 35 35 33 6 6 6 34 34 32 8 8 8 6 6 6 35 35 33 36 36 34 8 8 8 35 35 33 10 10 10 8 8 8 36 36 34 37 37 35 10 10 10 36 36 34 12 12 12 10 10 10 37 37 35 38 38 36 12 12 12 37 37 35 14 14 14 12 12 12 38 38 36 39 39 37 14 14 14 38 38 36 16 16 16 14 14 14 39 39 37 40 40 38 16 16 16 39 39 37 18 18 18 16 16 16 40 40 38 41 41 39 18 18 18 40 40 38 20 20 20 18 18 18 41 41 39 42 42 40 20 20 20 41 41 39 45 45 7 44 44 6 43 43 5 46 46 8 44 44 6 45 45 7 47 47 9 46 46 8 45 45 7 48 48 10 46 46 8 47 47 9 49 49 11 48 48 10 47 47 9 50 50 12 48 48 10 49 49 11 51 51 13 50 50 12 49 49 11 52 52 14 50 50 12 51 51 13 53 53 15 52 52 14 51 51 13 54 54 16 52 52 14 53 53 15 55 55 17 54 54 16 53 53 15 56 56 18 54 54 16 55 55 17 57 57 19 56 56 18 55 55 17 58 58 20 56 56 18 57 57 19 59 59 21 58 58 20 57 57 19 60 60 22 58 58 20 59 59 21 26 26 23 60 60 22 59 59 21 24 24 24 60 60 22 26 26 23 5 5 5 61 61 41 3 3 3 62 62 42 61 61 41 5 5 5 7 7 7 62 62 42 5 5 5 63 63 43 62 62 42 7 7 7 9 9 9 63 63 43 7 7 7 64 64 44 63 63 43 9 9 9 11 11 11 64 64 44 9 9 9 65 65 45 64 64 44 11 11 11 13 13 13 65 65 45 11 11 11 66 66 46 65 65 45 13 13 13 67 67 47 66 66 46 13 13 13 68 68 48 66 66 46 67 67 47 69 69 49 68 68 48 67 67 47 70 70 50 68 68 48 69 69 49 32 32 30 70 70 50 69 69 49 30 30 29 70 70 50 32 32 30 62 62 42 43 43 5 61 61 41 45 45 7 43 43 5 62 62 42 63 63 43 45 45 7 62 62 42 47 47 9 45 45 7 63 63 43 64 64 44 47 47 9 63 63 43 49 49 11 47 47 9 64 64 44 65 65 45 49 49 11 64 64 44 51 51 13 49 49 11 65 65 45 66 66 46 51 51 13 65 65 45 71 71 47 51 51 13 66 66 46 68 68 48 71 71 47 66 66 46 72 72 49 71 71 47 68 68 48 70 70 50 72 72 49 68 68 48 73 73 30 72 72 49 70 70 50 30 30 29 73 73 30 70 70 50 28 28 27 73 73 30 30 30 29 74 74 40 60 60 22 24 24 24 58 58 20 60 60 22 74 74 40 75 75 39 58 58 20 74 74 40 56 56 18 58 58 20 75 75 39 76 76 38 56 56 18 75 75 39 54 54 16 56 56 18 76 76 38 77 77 37 54 54 16 76 76 38 52 52 14 54 54 16 77 77 37 78 78 36 52 52 14 77 77 37 50 50 12 52 52 14 78 78 36 79 79 35 50 50 12 78 78 36 48 48 10 50 50 12 79 79 35 80 80 34 48 48 10 79 79 35 46 46 8 48 48 10 80 80 34 81 81 33 46 46 8 80 80 34 44 44 6 46 46 8 81 81 33 82 82 53 0 0 52 1 1 51 83 83 54 0 0 52 82 82 53 84 84 55 83 83 54 82 82 53 85 85 56 83 83 54 84 84 55 86 86 57 85 85 56 84 84 55 87 87 58 85 85 56 86 86 57 88 88 56 87 87 58 86 86 57 89 89 59 87 87 58 88 88 56 90 90 60 89 89 59 88 88 56 91 91 61 89 89 59 90 90 60 92 92 62 91 91 61 90 90 60 81 81 63 91 91 61 92 92 62 83 83 54 33 33 64 0 0 52 93 93 60 33 33 64 83 83 54 85 85 56 93 93 60 83 83 54 94 94 59 93 93 60 85 85 56 87 87 58 94 94 59 85 85 56 95 95 65 94 94 59 87 87 58 89 89 59 95 95 65 87 87 58 96 96 66 95 95 65 89 89 59 91 91 61 96 96 66 89 89 59 97 97 67 96 96 66 91 91 61 81 81 63 97 97 67 91 91 61 80 80 68 97 97 67 81 81 63 93 93 60 34 34 62 33 33 64 98 98 61 34 34 62 93 93 60 94 94 59 98 98 61 93 93 60 99 99 66 98 98 61 94 94 59 95 95 65 99 99 66 94 94 59 100 100 69 99 99 66 95 95 65 96 96 66 100 100 69 95 95 65 101 101 70 100 100 69 96 96 66 97 97 67 101 101 70 96 96 66 102 102 71 101 101 70 97 97 67 80 80 68 102 102 71 97 97 67 79 79 72 102 102 71 80 80 68 98 98 61 35 35 63 34 34 62 103 103 67 35 35 63 98 98 61 99 99 66 103 103 67 98 98 61 104 104 70 103 103 67 99 99 66 100 100 69 104 104 70 99 99 66 105 105 73 104 104 70 100 100 69 101 101 70 105 105 73 100 100 69 106 106 74 105 105 73 101 101 70 102 102 71 106 106 74 101 101 70 107 107 75 106 106 74 102 102 71 79 79 72 107 107 75 102 102 71 78 78 76 107 107 75 79 79 72 103 103 67 36 36 68 35 35 63 108 108 71 36 36 68 103 103 67 104 104 70 108 108 71 103 103 67 109 109 74 108 108 71 104 104 70 105 105 73 109 109 74 104 104 70 110 110 77 109 109 74 105 105 73 106 106 74 110 110 77 105 105 73 111 111 78 110 110 77 106 106 74 107 107 75 111 111 78 106 106 74 112 112 79 111 111 78 107 107 75 78 78 76 112 112 79 107 107 75 77 77 80 112 112 79 78 78 76 108 108 71 37 37 72 36 36 68 113 113 75 37 37 72 108 108 71 109 109 74 113 113 75 108 108 71 114 114 78 113 113 75 109 109 74 110 110 77 114 114 78 109 109 74 115 115 81 114 114 78 110 110 77 111 111 78 115 115 81 110 110 77 116 116 82 115 115 81 111 111 78 112 112 79 116 116 82 111 111 78 117 117 83 116 116 82 112 112 79 77 77 80 117 117 83 112 112 79 76 76 84 117 117 83 77 77 80 113 113 75 38 38 76 37 37 72 118 118 79 38 38 76 113 113 75 114 114 78 118 118 79 113 113 75 119 119 82 118 118 79 114 114 78 115 115 81 119 119 82 114 114 78 120 120 85 119 119 82 115 115 81 116 116 82 120 120 85 115 115 81 121 121 86 120 120 85 116 116 82 117 117 83 121 121 86 116 116 82 122 122 87 121 121 86 117 117 83 76 76 84 122 122 87 117 117 83 75 75 88 122 122 87 76 76 84 118 118 79 39 39 80 38 38 76 123 123 83 39 39 80 118 118 79 119 119 82 123 123 83 118 118 79 124 124 86 123 123 83 119 119 82 120 120 85 124 124 86 119 119 82 125 125 89 124 124 86 120 120 85 121 121 86 125 125 89 120 120 85 126 126 90 125 125 89 121 121 86 122 122 87 126 126 90 121 121 86 127 127 91 126 126 90 122 122 87 75 75 88 127 127 91 122 122 87 74 74 92 127 127 91 75 75 88 90 90 60 128 128 64 92 92 62 129 129 54 128 128 64 90 90 60 88 88 56 129 129 54 90 90 60 130 130 55 129 129 54 88 88 56 86 86 57 130 130 55 88 88 56 131 131 93 130 130 55 86 86 57 84 84 55 131 131 93 86 86 57 132 132 94 131 131 93 84 84 55 82 82 53 132 132 94 84 84 55 1 1 51 132 132 94 82 82 53 129 129 54 133 133 52 128 128 64 134 134 53 133 133 52 129 129 54 130 130 55 134 134 53 129 129 54 135 135 94 134 134 53 130 130 55 131 131 93 135 135 94 130 130 55 136 136 95 135 135 94 131 131 93 132 132 94 136 136 95 131 131 93 1 1 51 136 136 95 132 132 94 71 71 47 53 53 15 51 51 13 55 55 17 53 53 15 71 71 47 72 72 49 55 55 17 71 71 47 57 57 19 55 55 17 72 72 49 73 73 30 57 57 19 72 72 49 59 59 21 57 57 19 73 73 30 28 28 27 59 59 21 73 73 30 26 26 23 59 59 21 28 28 27 61 61 41 1 1 1 3 3 3 137 137 3 1 1 1 61 61 41 43 43 5 137 137 3 61 61 41 138 138 4 137 137 3 43 43 5 44 44 6 138 138 4 43 43 5 92 92 96 138 138 4 44 44 6 81 81 33 92 92 96 44 44 6 123 123 83 40 40 84 39 39 80 139 139 87 40 40 84 123 123 83 124 124 86 139 139 87 123 123 83 140 140 90 139 139 87 124 124 86 125 125 89 140 140 90 124 124 86 24 24 97 140 140 90 125 125 89 23 23 23 31 31 27 21 21 21 141 141 26 31 31 27 23 23 23 25 25 25 141 141 26 23 23 23 29 29 28 141 141 26 25 25 25 27 27 26 29 29 28 25 25 25 139 139 87 41 41 88 40 40 84 142 142 91 41 41 88 139 139 87 140 140 90 142 142 91 139 139 87 24 24 97 142 142 91 140 140 90 128 128 31 138 138 4 92 92 96 143 143 2 138 138 4 128 128 31 133 133 0 143 143 2 128 128 31 1 1 1 143 143 2 133 133 0 24 24 97 127 127 91 74 74 92 126 126 90 127 127 91 24 24 97 125 125 89 126 126 90 24 24 97 22 22 22 42 42 40 24 24 24 20 20 20 42 42 40 22 22 22 134 134 53 1 1 51 133 133 52 135 135 94 1 1 51 134 134 53 42 42 92 142 142 91 24 24 97 41 41 88 142 142 91 42 42 92 137 137 3 143 143 2 1 1 1 138 138 4 143 143 2 137 137 3 15 15 15 67 67 47 13 13 13 17 17 17 67 67 47 15 15 15 17 17 17 69 69 49 67 67 47 19 19 19 69 69 49 17 17 17 29 29 28 31 31 27 141 141 26 1 1 51 135 135 94 136 136 95 32 32 30 69 69 49 19 19 19</p>
				</triangles>
			</mesh>
		</geometry>
		<geometry id="polygon4" name="polygon4">
			<mesh>
				<source id="polygon4_Positions">
					<float_array id="polygon4_PosArr" count="183">4.462348 0.2917819 9.336837 3.899535 0.2921729 8.77422 4.122103 -1.347824 9.366559 3.703094 -1.324982 8.956872 3.822694 -2.413031 9.415346 3.530231 -2.397573 9.123408 3.526709 -3.340865 9.432226 3.359344 -3.326571 9.265501 3.316004 -3.865866 9.444446 3.237694 -3.856129 9.366755 3.130719 -4.03952 9.514284 3.130719 -3.852562 9.338321 3.023745 -3.856129 9.366755 2.902094 -3.326571 9.265501 2.734729 -3.340865 9.432226 2.438744 -2.413031 9.415346 2.331696 -2.429658 9.760481 1.985968 -1.374377 9.866543 2.139335 -1.405581 10.42619 1.799091 0.2907129 10.87393 2.361903 0.2903219 11.43655 3.344668 -3.879169 9.55057 3.316004 -3.892468 9.656695 3.587969 -3.360394 9.659974 3.526709 -3.376276 9.846023 3.929743 -2.429658 9.760482 3.822694 -2.448174 10.1282 4.27547 -1.374377 9.866543 4.122103 -1.405581 10.42619 4.668351 0.2912479 10.10538 4.462348 0.2907139 10.87394 3.237694 -3.902206 9.734385 3.130719 -3.905771 9.762819 3.359344 -3.388717 9.991543 3.130719 -3.393951 10.05257 3.530231 -2.46363 10.42013 3.130719 -2.469288 10.52699 3.703094 -1.428424 10.83587 3.130719 -1.436784 10.98583 3.899535 0.2903239 11.43655 3.130719 0.2901789 11.64248 1.593088 0.2912479 10.10538 2.139335 -1.347824 9.366559 1.799092 0.2917809 9.336835 2.558343 -1.324982 8.956871 2.361903 0.2921729 8.77422 3.130719 -1.316621 8.806916 3.130719 0.2923159 8.568288 3.023745 -3.902206 9.734385 2.945434 -3.892468 9.656695 2.902094 -3.388717 9.991543 2.734729 -3.376276 9.846021 2.731207 -2.46363 10.42013 2.438744 -2.448174 10.1282 2.558344 -1.428424 10.83587 2.731207 -2.397573 9.123409 3.130719 -2.391915 9.016553 2.67347 -3.360394 9.659974 2.945434 -3.865866 9.444447 3.130719 -3.321339 9.204476 2.91677 -3.879169 9.55057</float_array>
					<technique_common>
						<accessor source="#polygon4_PosArr" count="61" stride="3">
							<param name="X" type="float" />
							<param name="Y" type="float" />
							<param name="Z" type="float" />
						</accessor>
					</technique_common>
				</source>
				<source id="polygon4_Normals">
					<float_array id="polygon4_NormArr" count="183">0.8447876 -0.1818237 -0.5032959 0.4889526 -0.1552734 -0.8583984 0.833252 -0.2174683 -0.5083618 0.4840698 -0.1828003 -0.8557129 0.819519 -0.2627563 -0.5092773 0.4794922 -0.2140503 -0.8510132 0.8096313 -0.3027344 -0.5028076 0.473999 -0.243042 -0.8463135 0.6890869 -0.553772 -0.4674072 0.4037476 -0.5015259 -0.7651367 0 -0.9896851 -0.1431275 0 -0.4819336 -0.8762207 -0.4037476 -0.5015259 -0.7651367 -0.473999 -0.243042 -0.8463135 -0.8096313 -0.3027344 -0.5028076 -0.819519 -0.2627563 -0.5092773 -0.9448853 -0.3264771 -0.02398682 -0.9623413 -0.2709961 -0.02111817 -0.8217163 -0.3270874 0.4666748 -0.8303223 -0.2924194 0.4743652 -0.4719849 -0.338623 0.8139648 0.7797241 -0.6226196 -0.06640626 0.659668 -0.6773682 0.3256836 0.9246826 -0.3800049 -0.02288819 0.7791138 -0.4348145 0.4515381 0.9448853 -0.3264771 -0.02398682 0.8026123 -0.3789673 0.4606934 0.9623413 -0.2709961 -0.02111817 0.8217163 -0.3270874 0.4666748 0.9728394 -0.2312012 -0.01263428 0.8303223 -0.2924194 0.4743652 0.37854 -0.7054443 0.5991821 0 -0.7165527 0.6975098 0.4448242 -0.4631348 0.7666016 0 -0.4750977 0.8799438 0.458374 -0.4175415 0.7845459 0 -0.4321289 0.9017944 0.4684448 -0.3675537 0.8034058 0 -0.3813477 0.9244385 0.4719849 -0.338623 0.8139648 0 -0.3553467 0.9347534 -0.9728394 -0.2312012 -0.01263428 -0.833252 -0.2174683 -0.5083618 -0.8447876 -0.1818237 -0.5032959 -0.4840698 -0.1828003 -0.8557129 -0.4889526 -0.1552734 -0.8583984 0 -0.1688843 -0.9856567 0 -0.1451416 -0.9894409 -0.37854 -0.7054443 0.5991821 -0.659668 -0.6773682 0.3256836 -0.4448242 -0.4631348 0.7666016 -0.7791138 -0.4348145 0.4515381 -0.458374 -0.4175415 0.7845459 -0.8026123 -0.3789673 0.4606934 -0.4684448 -0.3675537 0.8034058 -0.4794922 -0.2140503 -0.8510132 0 -0.1951904 -0.9807739 -0.9246826 -0.3800049 -0.02288819 -0.6890869 -0.553772 -0.4674072 0 -0.2209473 -0.9752808 -0.7797241 -0.6226196 -0.06640626</float_array>
					<technique_common>
						<accessor source="#polygon4_NormArr" count="61" stride="3">
							<param name="X" type="float" />
							<param name="Y" type="float" />
							<param name="Z" type="float" />
						</accessor>
					</technique_common>
				</source>
				<source id="polygon4_UVs0">
					<float_array id="polygon4_UVArr0" count="132">0.7643738 0.7295227 0.7828064 0.7295227 0.7643738 0.692627 0.7828064 0.692627 0.7643738 0.6557617 0.7828064 0.6557617 0.7643738 0.6188965 0.7828064 0.6188965 0.7643738 0.5820313 0.7828064 0.5820313 0.875 0.545166 0.8012695 0.5820313 0.8197021 0.5820313 0.8197021 0.6188965 0.8381348 0.6188965 0.8381348 0.6557617 0.8565674 0.6557617 0.8565674 0.692627 0.875 0.692627 0.875 0.7295227 0.8934326 0.7295227 0.9856262 0.5820313 0.9671936 0.5820313 0.9487305 0.5820313 0.9671936 0.6188965 0.9487305 0.6188965 0.9671936 0.6557617 0.9487305 0.6557617 0.9671936 0.692627 0.9487305 0.692627 0.9671936 0.7295227 0.9487305 0.7295227 0.9302979 0.5820313 0.9118652 0.5820313 0.9302979 0.6188965 0.9118652 0.6188965 0.9302979 0.6557617 0.9118652 0.6557617 0.9302979 0.692627 0.9118652 0.692627 0.9302979 0.7295227 0.9118652 0.7295227 0.8565674 0.7295227 0.8381348 0.692627 0.8381348 0.7295227 0.8197021 0.692627 0.8197021 0.7295227 0.8012695 0.692627 0.8012695 0.7295227 0.8934326 0.5820313 0.875 0.5820313 0.8934326 0.6188965 0.875 0.6188965 0.8934326 0.6557617 0.875 0.6557617 0.8934326 0.692627 0.9856262 0.7295227 0.9856262 0.692627 0.9856262 0.6557617 0.9856262 0.6188965 0.8197021 0.6557617 0.8012695 0.6557617 0.8565674 0.6188965 0.8381348 0.5820313 0.8012695 0.6188965 0.8565674 0.5820313</float_array>
					<technique_common>
						<accessor source="#polygon4_UVArr0" count="66" stride="2">
							<param name="S" type="float" />
							<param name="T" type="float" />
						</accessor>
					</technique_common>
				</source>
				<vertices id="polygon4_Vertices">
					<input semantic="POSITION" source="#polygon4_Positions" />
				</vertices>
				<triangles material="mouth_mat" count="108">
					<input semantic="VERTEX" source="#polygon4_Vertices" offset="0" />
					<input semantic="NORMAL" source="#polygon4_Normals" offset="1" />
					<input semantic="TEXCOORD" source="#polygon4_UVs0" set="0" offset="2" />
					<p>2 2 2 1 1 1 0 0 0 3 3 3 1 1 1 2 2 2 4 4 4 3 3 3 2 2 2 5 5 5 3 3 3 4 4 4 6 6 6 5 5 5 4 4 4 7 7 7 5 5 5 6 6 6 8 8 8 7 7 7 6 6 6 9 9 9 7 7 7 8 8 8 10 10 10 9 9 9 8 8 8 11 11 11 9 9 9 10 10 10 12 12 12 11 11 11 10 10 10 13 13 13 11 11 11 12 12 12 14 14 14 13 13 13 12 12 12 15 15 15 13 13 13 14 14 14 16 16 16 15 15 15 14 14 14 17 17 17 15 15 15 16 16 16 18 18 18 17 17 17 16 16 16 19 19 19 17 17 17 18 18 18 20 20 20 19 19 19 18 18 18 21 21 22 10 10 10 8 8 21 22 22 23 10 10 10 21 21 22 23 23 24 22 22 23 21 21 22 24 24 25 22 22 23 23 23 24 25 25 26 24 24 25 23 23 24 26 26 27 24 24 25 25 25 26 27 27 28 26 26 27 25 25 26 28 28 29 26 26 27 27 27 28 29 29 30 28 28 29 27 27 28 30 30 31 28 28 29 29 29 30 31 31 32 10 10 10 22 22 23 32 32 33 10 10 10 31 31 32 33 33 34 32 32 33 31 31 32 34 34 35 32 32 33 33 33 34 35 35 36 34 34 35 33 33 34 36 36 37 34 34 35 35 35 36 37 37 38 36 36 37 35 35 36 38 38 39 36 36 37 37 37 38 39 39 40 38 38 39 37 37 38 40 40 41 38 38 39 39 39 40 41 41 42 17 17 17 19 19 19 42 42 43 17 17 17 41 41 42 43 43 44 42 42 43 41 41 42 44 44 45 42 42 43 43 43 44 45 45 46 44 44 45 43 43 44 46 46 47 44 44 45 45 45 46 47 47 48 46 46 47 45 45 46 3 3 3 46 46 47 47 47 48 1 1 1 3 3 3 47 47 48 48 48 49 10 10 10 32 32 33 49 49 50 10 10 10 48 48 49 50 50 51 49 49 50 48 48 49 51 51 52 49 49 50 50 50 51 52 52 53 51 51 52 50 50 51 53 53 54 51 51 52 52 52 53 54 54 55 53 53 54 52 52 53 18 18 18 53 53 54 54 54 55 20 20 20 18 18 18 54 54 55 27 27 28 0 0 56 29 29 30 2 2 57 0 0 56 27 27 28 25 25 26 2 2 57 27 27 28 4 4 58 2 2 57 25 25 26 23 23 24 4 4 58 25 25 26 6 6 59 4 4 58 23 23 24 21 21 22 6 6 59 23 23 24 8 8 21 6 6 59 21 21 22 37 37 38 30 30 31 39 39 40 28 28 29 30 30 31 37 37 38 35 35 36 28 28 29 37 37 38 26 26 27 28 28 29 35 35 36 33 33 34 26 26 27 35 35 36 24 24 25 26 26 27 33 33 34 31 31 32 24 24 25 33 33 34 22 22 23 24 24 25 31 31 32 54 54 55 40 40 41 20 20 20 38 38 39 40 40 41 54 54 55 52 52 53 38 38 39 54 54 55 36 36 37 38 38 39 52 52 53 50 50 51 36 36 37 52 52 53 34 34 35 36 36 37 50 50 51 48 48 49 34 34 35 50 50 51 32 32 33 34 34 35 48 48 49 42 42 43 15 15 15 17 17 17 55 55 60 15 15 15 42 42 43 44 44 45 55 55 60 42 42 43 56 56 61 55 55 60 44 44 45 46 46 47 56 56 61 44 44 45 5 5 5 56 56 61 46 46 47 3 3 3 5 5 5 46 46 47 16 16 16 53 53 54 18 18 18 57 57 62 53 53 54 16 16 16 14 14 14 57 57 62 16 16 16 58 58 63 57 57 62 14 14 14 12 12 12 58 58 63 14 14 14 10 10 10 58 58 63 12 12 12 55 55 60 13 13 13 15 15 15 59 59 64 13 13 13 55 55 60 56 56 61 59 59 64 55 55 60 7 7 7 59 59 64 56 56 61 5 5 5 7 7 7 56 56 61 57 57 62 51 51 52 53 53 54 60 60 65 51 51 52 57 57 62 58 58 63 60 60 65 57 57 62 10 10 10 60 60 65 58 58 63 59 59 64 11 11 11 13 13 13 9 9 9 11 11 11 59 59 64 7 7 7 9 9 9 59 59 64 49 49 50 60 60 65 10 10 10 51 51 52 60 60 65 49 49 50</p>
				</triangles>
			</mesh>
		</geometry>
		<geometry id="polygon5" name="polygon5">
			<mesh>
				<source id="polygon5_Positions">
					<float_array id="polygon5_PosArr" count="183">2.263552 0.05177588 9.568005 1.739756 0.0003238893 9.094641 2.023761 -1.212839 9.581501 1.586448 -1.218279 9.184768 1.784209 -1.928141 9.609039 1.448143 -1.923474 9.304964 1.448324 -2.776436 9.62699 1.254219 -2.764365 9.452339 1.226748 -3.248665 9.667623 1.126292 -3.24146 9.577342 0.989068 -3.400259 9.779071 0.989068 -3.238823 9.544299 0.851843 -3.24146 9.577342 0.723916 -2.764365 9.452338 0.529811 -2.776435 9.626992 0.193927 -1.928141 9.609038 0.070918 -1.935294 9.954174 -0.205693 -1.206186 10.05321 -0.045625 -1.198758 10.59516 -0.215079 0.1923409 10.86126 0.308717 0.2437929 11.33462 1.263517 -3.258504 9.790949 1.226748 -3.268344 9.914273 1.519371 -2.792921 9.865574 1.448324 -2.809409 10.10416 1.907218 -1.935295 9.954175 1.784209 -1.941671 10.36954 2.183828 -1.206186 10.05321 2.023761 -1.198758 10.59516 2.455274 0.1220579 10.21463 2.263552 0.1923399 10.86126 1.126292 -3.27555 10.00455 0.989068 -3.278185 10.0376 1.254219 -2.82148 10.27881 0.989068 -2.825896 10.34274 1.448143 -1.946339 10.67362 0.989068 -1.948047 10.78492 1.586448 -1.193707 10.95678 0.989068 -1.191714 11.10199 1.739755 0.2437939 11.33462 1.024237 0.2630149 11.543 -0.406801 0.1220579 10.21463 -0.045625 -1.212839 9.581501 -0.215079 0.05177489 9.568006 0.391687 -1.218279 9.18477 0.308718 0.0003238893 9.09464 0.989068 -1.220271 9.039554 1.024237 -0.01850911 8.921376 0.851843 -3.27555 10.00455 0.751388 -3.268344 9.914273 0.723916 -2.82148 10.27881 0.529811 -2.80941 10.10415 0.529993 -1.946339 10.67362 0.193927 -1.941671 10.36954 0.391687 -1.193707 10.95678 0.529993 -1.923474 9.304964 0.989068 -1.921764 9.193666 0.458764 -2.792921 9.865574 0.751387 -3.248665 9.667623 0.989068 -2.759945 9.38841 0.714618 -3.258503 9.790949</float_array>
					<technique_common>
						<accessor source="#polygon5_PosArr" count="61" stride="3">
							<param name="X" type="float" />
							<param name="Y" type="float" />
							<param name="Z" type="float" />
						</accessor>
					</technique_common>
				</source>
				<source id="polygon5_Normals">
					<float_array id="polygon5_NormArr" count="183">0.8355103 -0.1586304 -0.526123 0.4671631 -0.1228027 -0.8756104 0.8186646 -0.2225952 -0.5293579 0.4614258 -0.1791382 -0.8688965 0.7912598 -0.305542 -0.5296631 0.4505005 -0.2437134 -0.8588867 0.7721558 -0.3632813 -0.5213013 0.437439 -0.2938843 -0.8498535 0.6053467 -0.6646118 -0.4380493 0.3439941 -0.6188354 -0.7062378 0 -0.9967651 -0.08007814 0 -0.600708 -0.7994385 -0.3439941 -0.6188354 -0.7062378 -0.437439 -0.2938843 -0.8498535 -0.7721558 -0.3632813 -0.5213013 -0.7912598 -0.305542 -0.5296631 -0.9248047 -0.3793945 -0.0288086 -0.9669189 -0.2546997 -0.01281739 -0.7989502 -0.3021851 0.5199585 -0.8178711 -0.2075806 0.5366821 -0.4495239 -0.2524414 0.8568726 0.6972656 -0.7145386 -0.05664063 0.5864258 -0.74646 0.3144531 0.8966675 -0.4413452 -0.03485108 0.7511597 -0.4859619 0.4467163 0.9248047 -0.3793945 -0.0288086 0.7698364 -0.4171143 0.4830322 0.960083 -0.27948 -0.01129151 0.7930298 -0.3213501 0.5175171 0.9790039 -0.2039185 0.002624509 0.8087769 -0.2470093 0.5337524 0.3264771 -0.7581787 0.5644531 0 -0.7601929 0.6496582 0.4145508 -0.5026245 0.758606 0 -0.5060425 0.8624878 0.4216919 -0.4213867 0.8028564 0 -0.4191895 0.9078979 0.4335327 -0.3336792 0.8370972 -0.0002441406 -0.3353271 0.9420776 0.4458008 -0.2730713 0.852478 -0.0004882813 -0.2819824 0.9594116 -0.9882202 -0.1531372 -0.0003051776 -0.8222046 -0.2001343 -0.5328979 -0.8396606 -0.1129761 -0.53125 -0.4622192 -0.1660766 -0.8710938 -0.4680786 -0.0963745 -0.878418 0 -0.1559448 -0.9877319 -6.103516E-05 -0.09753416 -0.9952393 -0.3264771 -0.7581787 0.5644531 -0.5864258 -0.74646 0.3144531 -0.4145508 -0.5026245 0.758606 -0.7511597 -0.4859619 0.4467163 -0.4216919 -0.4213867 0.8028564 -0.7698364 -0.4171143 0.4830322 -0.43573 -0.3235474 0.8399048 -0.4505005 -0.2437134 -0.8588867 0 -0.2196655 -0.9755859 -0.8966675 -0.4413452 -0.03485108 -0.6053467 -0.6646118 -0.4380493 0 -0.2677612 -0.963501 -0.6972656 -0.7145386 -0.05664063</float_array>
					<technique_common>
						<accessor source="#polygon5_NormArr" count="61" stride="3">
							<param name="X" type="float" />
							<param name="Y" type="float" />
							<param name="Z" type="float" />
						</accessor>
					</technique_common>
				</source>
				<source id="polygon5_UVs0">
					<float_array id="polygon5_UVArr0" count="132">0.7643738 0.7295227 0.7828064 0.7295227 0.7643738 0.692627 0.7828064 0.692627 0.7643738 0.6557617 0.7828064 0.6557617 0.7643738 0.6188965 0.7828064 0.6188965 0.7643738 0.5820313 0.7828064 0.5820313 0.875 0.545166 0.8012695 0.5820313 0.8197021 0.5820313 0.8197021 0.6188965 0.8381348 0.6188965 0.8381348 0.6557617 0.8565674 0.6557617 0.8565674 0.692627 0.875 0.692627 0.875 0.7295227 0.8934326 0.7295227 0.9856262 0.5820313 0.9671936 0.5820313 0.9487305 0.5820313 0.9671936 0.6188965 0.9487305 0.6188965 0.9671936 0.6557617 0.9487305 0.6557617 0.9671936 0.692627 0.9487305 0.692627 0.9671936 0.7295227 0.9487305 0.7295227 0.9302979 0.5820313 0.9118652 0.5820313 0.9302979 0.6188965 0.9118652 0.6188965 0.9302979 0.6557617 0.9118652 0.6557617 0.9302979 0.692627 0.9118652 0.692627 0.9302979 0.7295227 0.9118652 0.7295227 0.8565674 0.7295227 0.8381348 0.692627 0.8381348 0.7295227 0.8197021 0.692627 0.8197021 0.7295227 0.8012695 0.692627 0.8012695 0.7295227 0.8934326 0.5820313 0.875 0.5820313 0.8934326 0.6188965 0.875 0.6188965 0.8934326 0.6557617 0.875 0.6557617 0.8934326 0.692627 0.9856262 0.7295227 0.9856262 0.692627 0.9856262 0.6557617 0.9856262 0.6188965 0.8197021 0.6557617 0.8012695 0.6557617 0.8565674 0.6188965 0.8381348 0.5820313 0.8012695 0.6188965 0.8565674 0.5820313</float_array>
					<technique_common>
						<accessor source="#polygon5_UVArr0" count="66" stride="2">
							<param name="S" type="float" />
							<param name="T" type="float" />
						</accessor>
					</technique_common>
				</source>
				<vertices id="polygon5_Vertices">
					<input semantic="POSITION" source="#polygon5_Positions" />
				</vertices>
				<triangles material="mouth_mat" count="108">
					<input semantic="VERTEX" source="#polygon5_Vertices" offset="0" />
					<input semantic="NORMAL" source="#polygon5_Normals" offset="1" />
					<input semantic="TEXCOORD" source="#polygon5_UVs0" set="0" offset="2" />
					<p>2 2 2 1 1 1 0 0 0 3 3 3 1 1 1 2 2 2 4 4 4 3 3 3 2 2 2 5 5 5 3 3 3 4 4 4 6 6 6 5 5 5 4 4 4 7 7 7 5 5 5 6 6 6 8 8 8 7 7 7 6 6 6 9 9 9 7 7 7 8 8 8 10 10 10 9 9 9 8 8 8 11 11 11 9 9 9 10 10 10 12 12 12 11 11 11 10 10 10 13 13 13 11 11 11 12 12 12 14 14 14 13 13 13 12 12 12 15 15 15 13 13 13 14 14 14 16 16 16 15 15 15 14 14 14 17 17 17 15 15 15 16 16 16 18 18 18 17 17 17 16 16 16 19 19 19 17 17 17 18 18 18 20 20 20 19 19 19 18 18 18 21 21 22 10 10 10 8 8 21 22 22 23 10 10 10 21 21 22 23 23 24 22 22 23 21 21 22 24 24 25 22 22 23 23 23 24 25 25 26 24 24 25 23 23 24 26 26 27 24 24 25 25 25 26 27 27 28 26 26 27 25 25 26 28 28 29 26 26 27 27 27 28 29 29 30 28 28 29 27 27 28 30 30 31 28 28 29 29 29 30 31 31 32 10 10 10 22 22 23 32 32 33 10 10 10 31 31 32 33 33 34 32 32 33 31 31 32 34 34 35 32 32 33 33 33 34 35 35 36 34 34 35 33 33 34 36 36 37 34 34 35 35 35 36 37 37 38 36 36 37 35 35 36 38 38 39 36 36 37 37 37 38 39 39 40 38 38 39 37 37 38 40 40 41 38 38 39 39 39 40 41 41 42 17 17 17 19 19 19 42 42 43 17 17 17 41 41 42 43 43 44 42 42 43 41 41 42 44 44 45 42 42 43 43 43 44 45 45 46 44 44 45 43 43 44 46 46 47 44 44 45 45 45 46 47 47 48 46 46 47 45 45 46 3 3 3 46 46 47 47 47 48 1 1 1 3 3 3 47 47 48 48 48 49 10 10 10 32 32 33 49 49 50 10 10 10 48 48 49 50 50 51 49 49 50 48 48 49 51 51 52 49 49 50 50 50 51 52 52 53 51 51 52 50 50 51 53 53 54 51 51 52 52 52 53 54 54 55 53 53 54 52 52 53 18 18 18 53 53 54 54 54 55 20 20 20 18 18 18 54 54 55 27 27 28 0 0 56 29 29 30 2 2 57 0 0 56 27 27 28 25 25 26 2 2 57 27 27 28 4 4 58 2 2 57 25 25 26 23 23 24 4 4 58 25 25 26 6 6 59 4 4 58 23 23 24 21 21 22 6 6 59 23 23 24 8 8 21 6 6 59 21 21 22 37 37 38 30 30 31 39 39 40 28 28 29 30 30 31 37 37 38 35 35 36 28 28 29 37 37 38 26 26 27 28 28 29 35 35 36 33 33 34 26 26 27 35 35 36 24 24 25 26 26 27 33 33 34 31 31 32 24 24 25 33 33 34 22 22 23 24 24 25 31 31 32 54 54 55 40 40 41 20 20 20 38 38 39 40 40 41 54 54 55 52 52 53 38 38 39 54 54 55 36 36 37 38 38 39 52 52 53 50 50 51 36 36 37 52 52 53 34 34 35 36 36 37 50 50 51 48 48 49 34 34 35 50 50 51 32 32 33 34 34 35 48 48 49 42 42 43 15 15 15 17 17 17 55 55 60 15 15 15 42 42 43 44 44 45 55 55 60 42 42 43 56 56 61 55 55 60 44 44 45 46 46 47 56 56 61 44 44 45 5 5 5 56 56 61 46 46 47 3 3 3 5 5 5 46 46 47 16 16 16 53 53 54 18 18 18 57 57 62 53 53 54 16 16 16 14 14 14 57 57 62 16 16 16 58 58 63 57 57 62 14 14 14 12 12 12 58 58 63 14 14 14 10 10 10 58 58 63 12 12 12 55 55 60 13 13 13 15 15 15 59 59 64 13 13 13 55 55 60 56 56 61 59 59 64 55 55 60 7 7 7 59 59 64 56 56 61 5 5 5 7 7 7 56 56 61 57 57 62 51 51 52 53 53 54 60 60 65 51 51 52 57 57 62 58 58 63 60 60 65 57 57 62 10 10 10 60 60 65 58 58 63 59 59 64 11 11 11 13 13 13 9 9 9 11 11 11 59 59 64 7 7 7 9 9 9 59 59 64 49 49 50 60 60 65 10 10 10 51 51 52 60 60 65 49 49 50</p>
				</triangles>
			</mesh>
		</geometry>
		<geometry id="polygon6" name="polygon6">
			<mesh>
				<source id="polygon6_Positions">
					<float_array id="polygon6_PosArr" count="183">-4.462347 0.2917839 9.336836 -4.122102 -1.347824 9.366559 -3.899535 0.2921729 8.77422 -3.703095 -1.324982 8.956871 -3.130719 0.2923179 8.568286 -3.130719 -1.316622 8.806915 -2.361903 0.2921729 8.77422 -2.558343 -1.324982 8.956871 -1.799091 0.2917809 9.336838 -2.139336 -1.347824 9.366559 -1.593087 0.2912479 10.10538 -1.985968 -1.374377 9.866541 -1.79909 0.2907139 10.87393 -2.139335 -1.405581 10.42619 -2.361903 0.2903239 11.43655 -2.558344 -1.428425 10.83587 -3.130719 0.2901789 11.64248 -3.130719 -1.436785 10.98583 -3.899535 0.2903228 11.43655 -3.703095 -1.428425 10.83587 -4.462347 0.2907139 10.87393 -4.122102 -1.405581 10.42619 -4.668352 0.2912499 10.10538 -4.27547 -1.374377 9.866542 -3.822694 -2.413032 9.415342 -3.530231 -2.397573 9.123408 -3.130719 -2.391915 9.016552 -2.731207 -2.397573 9.123409 -2.438744 -2.413031 9.415343 -2.331695 -2.429658 9.760481 -2.438744 -2.448174 10.1282 -2.731208 -2.46363 10.42013 -3.130719 -2.469288 10.52699 -3.530231 -2.46363 10.42013 -3.822694 -2.448174 10.1282 -3.929744 -2.429658 9.760482 -3.526709 -3.340866 9.432224 -3.359344 -3.326571 9.265502 -3.130719 -3.321337 9.204475 -2.902094 -3.326571 9.265502 -2.734729 -3.340866 9.432224 -2.673469 -3.360396 9.659973 -2.734729 -3.376276 9.846022 -2.902094 -3.388718 9.991542 -3.130719 -3.39395 10.05257 -3.359344 -3.388718 9.991542 -3.526709 -3.376276 9.846022 -3.587969 -3.360396 9.659973 -3.316004 -3.865866 9.444444 -3.237694 -3.856128 9.366755 -3.130719 -3.852562 9.33832 -3.023745 -3.856128 9.366755 -2.945434 -3.865866 9.444444 -2.91677 -3.879167 9.55057 -2.945434 -3.892468 9.656694 -3.023745 -3.902207 9.734383 -3.130719 -3.905771 9.762819 -3.237694 -3.902207 9.734383 -3.316004 -3.892468 9.656693 -3.344668 -3.879167 9.550568 -3.130719 -4.039519 9.514282</float_array>
					<technique_common>
						<accessor source="#polygon6_PosArr" count="61" stride="3">
							<param name="X" type="float" />
							<param name="Y" type="float" />
							<param name="Z" type="float" />
						</accessor>
					</technique_common>
				</source>
				<source id="polygon6_Normals">
					<float_array id="polygon6_NormArr" count="183">-0.8447876 -0.1818237 -0.5032959 -0.833252 -0.2174683 -0.5083618 -0.4889526 -0.1552734 -0.8583984 -0.4840698 -0.1828003 -0.8557129 0 -0.1451416 -0.9894409 0 -0.1688843 -0.9856567 0.4889526 -0.1552734 -0.8583984 0.4840698 -0.1828003 -0.8557129 0.8447876 -0.1818237 -0.5032959 0.833252 -0.2174683 -0.5083618 0.9728394 -0.2312012 -0.01263428 0.9623413 -0.2709961 -0.02111817 0.8303223 -0.2924194 0.4743652 0.8217163 -0.3270874 0.4666748 0.4719849 -0.338623 0.8139648 0.4684448 -0.3675537 0.8034058 0 -0.3553467 0.9347534 0 -0.3813477 0.9244385 -0.4719849 -0.338623 0.8139648 -0.4684448 -0.3675537 0.8034058 -0.8303223 -0.2924194 0.4743652 -0.8217163 -0.3270874 0.4666748 -0.9728394 -0.2312012 -0.01263428 -0.9623413 -0.2709961 -0.02111817 -0.819519 -0.2627563 -0.5092773 -0.4794922 -0.2140503 -0.8510132 0 -0.1951904 -0.9807739 0.4794922 -0.2140503 -0.8510132 0.819519 -0.2627563 -0.5092773 0.9448853 -0.3264771 -0.02398682 0.8026123 -0.3789673 0.4606934 0.458374 -0.4175415 0.7845459 0 -0.4321289 0.9017944 -0.458374 -0.4175415 0.7845459 -0.8026123 -0.3789673 0.4606934 -0.9448853 -0.3264771 -0.02398682 -0.8096313 -0.3027344 -0.5028076 -0.473999 -0.243042 -0.8463135 0 -0.2209473 -0.9752808 0.473999 -0.243042 -0.8463135 0.8096313 -0.3027344 -0.5028076 0.9246826 -0.3800049 -0.02288819 0.7791138 -0.4348145 0.4515381 0.4448242 -0.4631348 0.7666016 0 -0.4750977 0.8799438 -0.4448242 -0.4631348 0.7666016 -0.7791138 -0.4348145 0.4515381 -0.9246826 -0.3800049 -0.02288819 -0.6890869 -0.553772 -0.4674072 -0.4037476 -0.5015259 -0.7651367 0 -0.4819336 -0.8762207 0.4037476 -0.5015259 -0.7651367 0.6890869 -0.553772 -0.4674072 0.7797241 -0.6226196 -0.06640626 0.659668 -0.6773682 0.3256836 0.37854 -0.7054443 0.5991821 0 -0.7165527 0.6975098 -0.37854 -0.7054443 0.5991821 -0.659668 -0.6773682 0.3256836 -0.7797241 -0.6226196 -0.06640626 0 -0.9896851 -0.1431275</float_array>
					<technique_common>
						<accessor source="#polygon6_NormArr" count="61" stride="3">
							<param name="X" type="float" />
							<param name="Y" type="float" />
							<param name="Z" type="float" />
						</accessor>
					</technique_common>
				</source>
				<source id="polygon6_UVs0">
					<float_array id="polygon6_UVArr0" count="132">0.7643738 0.7295227 0.7643738 0.692627 0.7828064 0.7295227 0.7828064 0.692627 0.8012695 0.7295227 0.8012695 0.692627 0.8197021 0.7295227 0.8197021 0.692627 0.8381348 0.7295227 0.8381348 0.692627 0.8565674 0.7295227 0.8565674 0.692627 0.875 0.7295227 0.875 0.692627 0.8934326 0.7295227 0.8934326 0.692627 0.9118652 0.7295227 0.9118652 0.692627 0.9302979 0.7295227 0.9302979 0.692627 0.9487305 0.7295227 0.9487305 0.692627 0.9671936 0.7295227 0.9671936 0.692627 0.9856262 0.7295227 0.9856262 0.692627 0.7643738 0.6557617 0.7828064 0.6557617 0.8012695 0.6557617 0.8197021 0.6557617 0.8381348 0.6557617 0.8565674 0.6557617 0.875 0.6557617 0.8934326 0.6557617 0.9118652 0.6557617 0.9302979 0.6557617 0.9487305 0.6557617 0.9671936 0.6557617 0.9856262 0.6557617 0.7643738 0.6188965 0.7828064 0.6188965 0.8012695 0.6188965 0.8197021 0.6188965 0.8381348 0.6188965 0.8565674 0.6188965 0.875 0.6188965 0.8934326 0.6188965 0.9118652 0.6188965 0.9302979 0.6188965 0.9487305 0.6188965 0.9671936 0.6188965 0.9856262 0.6188965 0.7643738 0.5820313 0.7828064 0.5820313 0.8012695 0.5820313 0.8197021 0.5820313 0.8381348 0.5820313 0.8565674 0.5820313 0.875 0.5820313 0.8934326 0.5820313 0.9118652 0.5820313 0.9302979 0.5820313 0.9487305 0.5820313 0.9671936 0.5820313 0.9856262 0.5820313 0.875 0.545166</float_array>
					<technique_common>
						<accessor source="#polygon6_UVArr0" count="66" stride="2">
							<param name="S" type="float" />
							<param name="T" type="float" />
						</accessor>
					</technique_common>
				</source>
				<vertices id="polygon6_Vertices">
					<input semantic="POSITION" source="#polygon6_Positions" />
				</vertices>
				<triangles material="mouth_mat" count="108">
					<input semantic="VERTEX" source="#polygon6_Vertices" offset="0" />
					<input semantic="NORMAL" source="#polygon6_Normals" offset="1" />
					<input semantic="TEXCOORD" source="#polygon6_UVs0" set="0" offset="2" />
					<p>2 2 2 1 1 1 0 0 0 3 3 3 1 1 1 2 2 2 4 4 4 3 3 3 2 2 2 5 5 5 3 3 3 4 4 4 6 6 6 5 5 5 4 4 4 7 7 7 5 5 5 6 6 6 8 8 8 7 7 7 6 6 6 9 9 9 7 7 7 8 8 8 10 10 10 9 9 9 8 8 8 11 11 11 9 9 9 10 10 10 12 12 12 11 11 11 10 10 10 13 13 13 11 11 11 12 12 12 14 14 14 13 13 13 12 12 12 15 15 15 13 13 13 14 14 14 16 16 16 15 15 15 14 14 14 17 17 17 15 15 15 16 16 16 18 18 18 17 17 17 16 16 16 19 19 19 17 17 17 18 18 18 20 20 20 19 19 19 18 18 18 21 21 21 19 19 19 20 20 20 22 22 22 21 21 21 20 20 20 23 23 23 21 21 21 22 22 22 0 0 24 23 23 23 22 22 22 1 1 25 23 23 23 0 0 24 3 3 3 24 24 26 1 1 1 25 25 27 24 24 26 3 3 3 5 5 5 25 25 27 3 3 3 26 26 28 25 25 27 5 5 5 7 7 7 26 26 28 5 5 5 27 27 29 26 26 28 7 7 7 9 9 9 27 27 29 7 7 7 28 28 30 27 27 29 9 9 9 11 11 11 28 28 30 9 9 9 29 29 31 28 28 30 11 11 11 13 13 13 29 29 31 11 11 11 30 30 32 29 29 31 13 13 13 15 15 15 30 30 32 13 13 13 31 31 33 30 30 32 15 15 15 17 17 17 31 31 33 15 15 15 32 32 34 31 31 33 17 17 17 19 19 19 32 32 34 17 17 17 33 33 35 32 32 34 19 19 19 21 21 21 33 33 35 19 19 19 34 34 36 33 33 35 21 21 21 23 23 23 34 34 36 21 21 21 35 35 37 34 34 36 23 23 23 1 1 25 35 35 37 23 23 23 24 24 38 35 35 37 1 1 25 25 25 27 36 36 39 24 24 26 37 37 40 36 36 39 25 25 27 26 26 28 37 37 40 25 25 27 38 38 41 37 37 40 26 26 28 27 27 29 38 38 41 26 26 28 39 39 42 38 38 41 27 27 29 28 28 30 39 39 42 27 27 29 40 40 43 39 39 42 28 28 30 29 29 31 40 40 43 28 28 30 41 41 44 40 40 43 29 29 31 30 30 32 41 41 44 29 29 31 42 42 45 41 41 44 30 30 32 31 31 33 42 42 45 30 30 32 43 43 46 42 42 45 31 31 33 32 32 34 43 43 46 31 31 33 44 44 47 43 43 46 32 32 34 33 33 35 44 44 47 32 32 34 45 45 48 44 44 47 33 33 35 34 34 36 45 45 48 33 33 35 46 46 49 45 45 48 34 34 36 35 35 37 46 46 49 34 34 36 47 47 50 46 46 49 35 35 37 24 24 38 47 47 50 35 35 37 36 36 51 47 47 50 24 24 38 37 37 40 48 48 52 36 36 39 49 49 53 48 48 52 37 37 40 38 38 41 49 49 53 37 37 40 50 50 54 49 49 53 38 38 41 39 39 42 50 50 54 38 38 41 51 51 55 50 50 54 39 39 42 40 40 43 51 51 55 39 39 42 52 52 56 51 51 55 40 40 43 41 41 44 52 52 56 40 40 43 53 53 57 52 52 56 41 41 44 42 42 45 53 53 57 41 41 44 54 54 58 53 53 57 42 42 45 43 43 46 54 54 58 42 42 45 55 55 59 54 54 58 43 43 46 44 44 47 55 55 59 43 43 46 56 56 60 55 55 59 44 44 47 45 45 48 56 56 60 44 44 47 57 57 61 56 56 60 45 45 48 46 46 49 57 57 61 45 45 48 58 58 62 57 57 61 46 46 49 47 47 50 58 58 62 46 46 49 59 59 63 58 58 62 47 47 50 36 36 51 59 59 63 47 47 50 48 48 64 59 59 63 36 36 51 60 60 65 59 59 63 48 48 64 58 58 62 59 59 63 60 60 65 57 57 61 58 58 62 60 60 65 60 60 65 56 56 60 57 57 61 55 55 59 56 56 60 60 60 65 54 54 58 55 55 59 60 60 65 60 60 65 53 53 57 54 54 58 52 52 56 53 53 57 60 60 65 51 51 55 52 52 56 60 60 65 60 60 65 50 50 54 51 51 55 49 49 53 50 50 54 60 60 65 48 48 52 49 49 53 60 60 65</p>
				</triangles>
			</mesh>
		</geometry>
		<geometry id="polygon7" name="polygon7">
			<mesh>
				<source id="polygon7_Positions">
					<float_array id="polygon7_PosArr" count="183">-2.263551 0.05177289 9.568006 -2.02376 -1.212841 9.581501 -1.739756 0.0003228893 9.094641 -1.586447 -1.218279 9.18477 -1.024237 -0.01851111 8.921376 -0.989068 -1.220271 9.039555 -0.308718 0.0003228893 9.094641 -0.391688 -1.218279 9.184771 0.215078 0.05177489 9.568005 0.045625 -1.212841 9.581501 0.406801 0.1220569 10.21463 0.205693 -1.206186 10.05321 0.215078 0.1923399 10.86126 0.045625 -1.198757 10.59516 -0.308718 0.2437929 11.33462 -0.391688 -1.193708 10.95678 -1.024236 0.2630149 11.543 -0.989068 -1.191715 11.10199 -1.739755 0.2437929 11.33462 -1.586447 -1.193708 10.95678 -2.263551 0.1923399 10.86126 -2.023761 -1.198757 10.59516 -2.455274 0.1220569 10.21463 -2.183829 -1.206187 10.05321 -1.784208 -1.928141 9.609037 -1.448143 -1.923474 9.304963 -0.989068 -1.921764 9.193666 -0.529993 -1.923473 9.304962 -0.193927 -1.928141 9.609037 -0.070918 -1.935295 9.954174 -0.193927 -1.941671 10.36954 -0.529993 -1.94634 10.67362 -0.989068 -1.948046 10.78492 -1.448142 -1.94634 10.67362 -1.784208 -1.941671 10.36955 -1.907217 -1.935295 9.954175 -1.448324 -2.776433 9.626989 -1.25422 -2.764364 9.452335 -0.989068 -2.759946 9.388408 -0.723916 -2.764364 9.452335 -0.529812 -2.776433 9.626989 -0.458765 -2.792922 9.865571 -0.529812 -2.809409 10.10415 -0.723916 -2.82148 10.27881 -0.989068 -2.825897 10.34273 -1.25422 -2.82148 10.27881 -1.448324 -2.809409 10.10415 -1.519371 -2.792922 9.865571 -1.226748 -3.248665 9.667624 -1.126292 -3.24146 9.577341 -0.989068 -3.238822 9.544298 -0.851843 -3.241461 9.577343 -0.751387 -3.248665 9.667624 -0.714618 -3.258504 9.790948 -0.751387 -3.268347 9.914273 -0.851843 -3.27555 10.00455 -0.989068 -3.278187 10.0376 -1.126292 -3.27555 10.00455 -1.226748 -3.268347 9.914273 -1.263517 -3.258504 9.790949 -0.989068 -3.400259 9.779071</float_array>
					<technique_common>
						<accessor source="#polygon7_PosArr" count="61" stride="3">
							<param name="X" type="float" />
							<param name="Y" type="float" />
							<param name="Z" type="float" />
						</accessor>
					</technique_common>
				</source>
				<source id="polygon7_Normals">
					<float_array id="polygon7_NormArr" count="183">-0.8355103 -0.1586304 -0.526123 -0.8186646 -0.2225952 -0.5293579 -0.4671631 -0.1228027 -0.8756104 -0.4614258 -0.1791382 -0.8688965 6.103516E-05 -0.09753416 -0.9952393 0 -0.1559448 -0.9877319 0.4680786 -0.0963745 -0.878418 0.4622192 -0.1660766 -0.8710938 0.8396606 -0.1129761 -0.53125 0.8222046 -0.2001343 -0.5328979 0.9882202 -0.1531372 -0.0003051776 0.9669189 -0.2546997 -0.01281739 0.8178711 -0.2075806 0.5366821 0.7989502 -0.3021851 0.5199585 0.4495239 -0.2524414 0.8568726 0.43573 -0.3235474 0.8399048 0.0004882813 -0.2819824 0.9594116 0.0002441406 -0.3353271 0.9420776 -0.4458008 -0.2730713 0.852478 -0.4335327 -0.3336792 0.8370972 -0.8087769 -0.2470093 0.5337524 -0.7930298 -0.3213501 0.5175171 -0.9790039 -0.2039185 0.002624509 -0.960083 -0.27948 -0.01129151 -0.7912598 -0.305542 -0.5296631 -0.4505005 -0.2437134 -0.8588867 0 -0.2196655 -0.9755859 0.4505005 -0.2437134 -0.8588867 0.7912598 -0.305542 -0.5296631 0.9248047 -0.3793945 -0.0288086 0.7698364 -0.4171143 0.4830322 0.4216919 -0.4213867 0.8028564 0 -0.4191895 0.9078979 -0.4216919 -0.4213867 0.8028564 -0.7698364 -0.4171143 0.4830322 -0.9248047 -0.3793945 -0.0288086 -0.7721558 -0.3632813 -0.5213013 -0.437439 -0.2938843 -0.8498535 0 -0.2677612 -0.963501 0.437439 -0.2938843 -0.8498535 0.7721558 -0.3632813 -0.5213013 0.8966675 -0.4413452 -0.03485108 0.7511597 -0.4859619 0.4467163 0.4145508 -0.5026245 0.758606 0 -0.5060425 0.8624878 -0.4145508 -0.5026245 0.758606 -0.7511597 -0.4859619 0.4467163 -0.8966675 -0.4413452 -0.03485108 -0.6053467 -0.6646118 -0.4380493 -0.3439941 -0.6188354 -0.7062378 0 -0.600708 -0.7994385 0.3439941 -0.6188354 -0.7062378 0.6053467 -0.6646118 -0.4380493 0.6972656 -0.7145386 -0.05664063 0.5864258 -0.74646 0.3144531 0.3264771 -0.7581787 0.5644531 0 -0.7601929 0.6496582 -0.3264771 -0.7581787 0.5644531 -0.5864258 -0.74646 0.3144531 -0.6972656 -0.7145386 -0.05664063 0 -0.9967651 -0.08007814</float_array>
					<technique_common>
						<accessor source="#polygon7_NormArr" count="61" stride="3">
							<param name="X" type="float" />
							<param name="Y" type="float" />
							<param name="Z" type="float" />
						</accessor>
					</technique_common>
				</source>
				<source id="polygon7_UVs0">
					<float_array id="polygon7_UVArr0" count="132">0.7643738 0.7295227 0.7643738 0.692627 0.7828064 0.7295227 0.7828064 0.692627 0.8012695 0.7295227 0.8012695 0.692627 0.8197021 0.7295227 0.8197021 0.692627 0.8381348 0.7295227 0.8381348 0.692627 0.8565674 0.7295227 0.8565674 0.692627 0.875 0.7295227 0.875 0.692627 0.8934326 0.7295227 0.8934326 0.692627 0.9118652 0.7295227 0.9118652 0.692627 0.9302979 0.7295227 0.9302979 0.692627 0.9487305 0.7295227 0.9487305 0.692627 0.9671936 0.7295227 0.9671936 0.692627 0.9856262 0.7295227 0.9856262 0.692627 0.7643738 0.6557617 0.7828064 0.6557617 0.8012695 0.6557617 0.8197021 0.6557617 0.8381348 0.6557617 0.8565674 0.6557617 0.875 0.6557617 0.8934326 0.6557617 0.9118652 0.6557617 0.9302979 0.6557617 0.9487305 0.6557617 0.9671936 0.6557617 0.9856262 0.6557617 0.7643738 0.6188965 0.7828064 0.6188965 0.8012695 0.6188965 0.8197021 0.6188965 0.8381348 0.6188965 0.8565674 0.6188965 0.875 0.6188965 0.8934326 0.6188965 0.9118652 0.6188965 0.9302979 0.6188965 0.9487305 0.6188965 0.9671936 0.6188965 0.9856262 0.6188965 0.7643738 0.5820313 0.7828064 0.5820313 0.8012695 0.5820313 0.8197021 0.5820313 0.8381348 0.5820313 0.8565674 0.5820313 0.875 0.5820313 0.8934326 0.5820313 0.9118652 0.5820313 0.9302979 0.5820313 0.9487305 0.5820313 0.9671936 0.5820313 0.9856262 0.5820313 0.875 0.545166</float_array>
					<technique_common>
						<accessor source="#polygon7_UVArr0" count="66" stride="2">
							<param name="S" type="float" />
							<param name="T" type="float" />
						</accessor>
					</technique_common>
				</source>
				<vertices id="polygon7_Vertices">
					<input semantic="POSITION" source="#polygon7_Positions" />
				</vertices>
				<triangles material="mouth_mat" count="108">
					<input semantic="VERTEX" source="#polygon7_Vertices" offset="0" />
					<input semantic="NORMAL" source="#polygon7_Normals" offset="1" />
					<input semantic="TEXCOORD" source="#polygon7_UVs0" set="0" offset="2" />
					<p>2 2 2 1 1 1 0 0 0 3 3 3 1 1 1 2 2 2 4 4 4 3 3 3 2 2 2 5 5 5 3 3 3 4 4 4 6 6 6 5 5 5 4 4 4 7 7 7 5 5 5 6 6 6 8 8 8 7 7 7 6 6 6 9 9 9 7 7 7 8 8 8 10 10 10 9 9 9 8 8 8 11 11 11 9 9 9 10 10 10 12 12 12 11 11 11 10 10 10 13 13 13 11 11 11 12 12 12 14 14 14 13 13 13 12 12 12 15 15 15 13 13 13 14 14 14 16 16 16 15 15 15 14 14 14 17 17 17 15 15 15 16 16 16 18 18 18 17 17 17 16 16 16 19 19 19 17 17 17 18 18 18 20 20 20 19 19 19 18 18 18 21 21 21 19 19 19 20 20 20 22 22 22 21 21 21 20 20 20 23 23 23 21 21 21 22 22 22 0 0 24 23 23 23 22 22 22 1 1 25 23 23 23 0 0 24 3 3 3 24 24 26 1 1 1 25 25 27 24 24 26 3 3 3 5 5 5 25 25 27 3 3 3 26 26 28 25 25 27 5 5 5 7 7 7 26 26 28 5 5 5 27 27 29 26 26 28 7 7 7 9 9 9 27 27 29 7 7 7 28 28 30 27 27 29 9 9 9 11 11 11 28 28 30 9 9 9 29 29 31 28 28 30 11 11 11 13 13 13 29 29 31 11 11 11 30 30 32 29 29 31 13 13 13 15 15 15 30 30 32 13 13 13 31 31 33 30 30 32 15 15 15 17 17 17 31 31 33 15 15 15 32 32 34 31 31 33 17 17 17 19 19 19 32 32 34 17 17 17 33 33 35 32 32 34 19 19 19 21 21 21 33 33 35 19 19 19 34 34 36 33 33 35 21 21 21 23 23 23 34 34 36 21 21 21 35 35 37 34 34 36 23 23 23 1 1 25 35 35 37 23 23 23 24 24 38 35 35 37 1 1 25 25 25 27 36 36 39 24 24 26 37 37 40 36 36 39 25 25 27 26 26 28 37 37 40 25 25 27 38 38 41 37 37 40 26 26 28 27 27 29 38 38 41 26 26 28 39 39 42 38 38 41 27 27 29 28 28 30 39 39 42 27 27 29 40 40 43 39 39 42 28 28 30 29 29 31 40 40 43 28 28 30 41 41 44 40 40 43 29 29 31 30 30 32 41 41 44 29 29 31 42 42 45 41 41 44 30 30 32 31 31 33 42 42 45 30 30 32 43 43 46 42 42 45 31 31 33 32 32 34 43 43 46 31 31 33 44 44 47 43 43 46 32 32 34 33 33 35 44 44 47 32 32 34 45 45 48 44 44 47 33 33 35 34 34 36 45 45 48 33 33 35 46 46 49 45 45 48 34 34 36 35 35 37 46 46 49 34 34 36 47 47 50 46 46 49 35 35 37 24 24 38 47 47 50 35 35 37 36 36 51 47 47 50 24 24 38 37 37 40 48 48 52 36 36 39 49 49 53 48 48 52 37 37 40 38 38 41 49 49 53 37 37 40 50 50 54 49 49 53 38 38 41 39 39 42 50 50 54 38 38 41 51 51 55 50 50 54 39 39 42 40 40 43 51 51 55 39 39 42 52 52 56 51 51 55 40 40 43 41 41 44 52 52 56 40 40 43 53 53 57 52 52 56 41 41 44 42 42 45 53 53 57 41 41 44 54 54 58 53 53 57 42 42 45 43 43 46 54 54 58 42 42 45 55 55 59 54 54 58 43 43 46 44 44 47 55 55 59 43 43 46 56 56 60 55 55 59 44 44 47 45 45 48 56 56 60 44 44 47 57 57 61 56 56 60 45 45 48 46 46 49 57 57 61 45 45 48 58 58 62 57 57 61 46 46 49 47 47 50 58 58 62 46 46 49 59 59 63 58 58 62 47 47 50 36 36 51 59 59 63 47 47 50 48 48 64 59 59 63 36 36 51 60 60 65 59 59 63 48 48 64 58 58 62 59 59 63 60 60 65 57 57 61 58 58 62 60 60 65 60 60 65 56 56 60 57 57 61 55 55 59 56 56 60 60 60 65 54 54 58 55 55 59 60 60 65 60 60 65 53 53 57 54 54 58 52 52 56 53 53 57 60 60 65 51 51 55 52 52 56 60 60 65 60 60 65 50 50 54 51 51 55 49 49 53 50 50 54 60 60 65 48 48 52 49 49 53 60 60 65</p>
				</triangles>
			</mesh>
		</geometry>
	</library_geometries>
	<library_controllers>
		<controller id="polygon0_Controller">
			<skin source="#polygon0">
				<bind_shape_matrix>1 0 0 0 0 1 0 0 0 0 1 0 0 0 0 1</bind_shape_matrix>
				<source id="polygon0_Joints">
					<Name_array id="polygon0_JointArr" count="18">body_set bone_root Hips CenterMouth LeftMouth RightMouth Tongue0 Tongue1 Head LeftShoulder LeftArm LeftHand Props0 Props1 Props2 RightShoulder RightArm RightHand</Name_array>
					<technique_common>
						<accessor source="#polygon0_JointArr" count="18">
							<param name="JOINT" type="Name" />
						</accessor>
					</technique_common>
				</source>
				<source id="polygon0_Matrices">
					<float_array id="polygon0_MatArr" count="288">1 0 0 0 0 1 0 0 0 0 1 0 0 0 0 1 1 0 0 0 0 1 0 0 0 0 1 0 0 0 0 1 1 0 0 0 0 0 -1 0 0 1 0 0 0 0 0 1 -1 0 0 0 0 -0.6947012 -0.7193841 -0.1767446 0 -0.7193841 0.6947012 -1.219569 0 0 0 1 -1 0 0 2.84 0 -0.6947012 -0.7193841 -0.1767439 0 -0.7193841 0.6947012 -11.29957 0 0 0 1 -1 0 0 -2.84 0 -0.6947012 -0.7193841 -0.1767439 0 -0.7193841 0.6947012 -11.29957 0 0 0 1 0.9999999 0 0 0 0 0.9206247 0.3907827 4.272567 0 -0.3907827 0.9206247 -3.009709 0 0 0 1 1 0 0 0 0 0.5878687 0.8091328 -0.1385282 0 -0.8091328 0.5878687 -8.526284 0 0 0 1 1 0 0 0 0 0 -1 0 0 1 0 -1.5 0 0 0 1 0 -1 0 0 0 0 -1 0 1 0 0 -0.86 0 0 0 1 0 -1 0 0 0 0 -1 0 1 0 0 -10.08 0 0 0 1 0 -1 0 0 0 0 -1 0 1 0 0 -14.3 0 0 0 1 1 0 0 0 0 -1 0 -0.77 0 0 -1 -0.62 0 0 0 1 1 0 0 0 0 -1 0 -0.77 0 0 -1 -12.35 0 0 0 1 1 0 0 0 0 -1 0 -0.77 0 0 -1 -15.25 0 0 0 1 0 1 0 0 0 0 -1 0 -1 0 0 -0.86 0 0 0 1 0 1 0 0 0 0 -1 0 -1 0 0 -10.08 0 0 0 1 0 1 0 0 0 0 -1 0 -1 0 0 -14.3 0 0 0 1</float_array>
					<technique_common>
						<accessor source="#polygon0_MatArr" count="18" stride="16">
							<param type="float4x4" />
						</accessor>
					</technique_common>
				</source>
				<source id="polygon0_Weights">
					<float_array id="polygon0_WeightArr" count="1">1</float_array>
					<technique_common>
						<accessor source="#polygon0_WeightArr" count="1">
							<param type="float" />
						</accessor>
					</technique_common>
				</source>
				<joints>
					<input semantic="JOINT" source="#polygon0_Joints" />
					<input semantic="INV_BIND_MATRIX" source="#polygon0_Matrices" />
				</joints>
				<vertex_weights count="36">
					<input semantic="JOINT" offset="0" source="#polygon0_Joints" />
					<input semantic="WEIGHT" offset="1" source="#polygon0_Weights" />
					<vcount>1 1 1 1 1 1 1 1 1 1 1 1 1 1 1 1 1 1 1 1 1 1 1 1 1 1 1 1 1 1 1 1 1 1 1 1</vcount>
					<v>2 0 2 0 2 0 2 0 2 0 2 0 2 0 2 0 2 0 2 0 2 0 2 0 2 0 2 0 2 0 2 0 2 0 2 0 2 0 2 0 2 0 2 0 2 0 2 0 2 0 2 0 2 0 2 0 2 0 2 0 2 0 2 0 2 0 2 0 2 0 2 0</v>
				</vertex_weights>
			</skin>
		</controller>
		<controller id="polygon1_Controller">
			<skin source="#polygon1">
				<bind_shape_matrix>1 0 0 0 0 1 0 0 0 0 1 0 0 0 0 1</bind_shape_matrix>
				<source id="polygon1_Joints">
					<Name_array id="polygon1_JointArr" count="18">body_set bone_root Hips CenterMouth LeftMouth RightMouth Tongue0 Tongue1 Head LeftShoulder LeftArm LeftHand Props0 Props1 Props2 RightShoulder RightArm RightHand</Name_array>
					<technique_common>
						<accessor source="#polygon1_JointArr" count="18">
							<param name="JOINT" type="Name" />
						</accessor>
					</technique_common>
				</source>
				<source id="polygon1_Matrices">
					<float_array id="polygon1_MatArr" count="288">1 0 0 0 0 1 0 0 0 0 1 0 0 0 0 1 1 0 0 0 0 1 0 0 0 0 1 0 0 0 0 1 1 0 0 0 0 0 -1 0 0 1 0 0 0 0 0 1 -1 0 0 0 0 -0.6947012 -0.7193841 -0.1767446 0 -0.7193841 0.6947012 -1.219569 0 0 0 1 -1 0 0 2.84 0 -0.6947012 -0.7193841 -0.1767439 0 -0.7193841 0.6947012 -11.29957 0 0 0 1 -1 0 0 -2.84 0 -0.6947012 -0.7193841 -0.1767439 0 -0.7193841 0.6947012 -11.29957 0 0 0 1 0.9999999 0 0 0 0 0.9206247 0.3907827 4.272567 0 -0.3907827 0.9206247 -3.009709 0 0 0 1 1 0 0 0 0 0.5878687 0.8091328 -0.1385282 0 -0.8091328 0.5878687 -8.526284 0 0 0 1 1 0 0 0 0 0 -1 0 0 1 0 -1.5 0 0 0 1 0 -1 0 0 0 0 -1 0 1 0 0 -0.86 0 0 0 1 0 -1 0 0 0 0 -1 0 1 0 0 -10.08 0 0 0 1 0 -1 0 0 0 0 -1 0 1 0 0 -14.3 0 0 0 1 1 0 0 0 0 -1 0 -0.77 0 0 -1 -0.62 0 0 0 1 1 0 0 0 0 -1 0 -0.77 0 0 -1 -12.35 0 0 0 1 1 0 0 0 0 -1 0 -0.77 0 0 -1 -15.25 0 0 0 1 0 1 0 0 0 0 -1 0 -1 0 0 -0.86 0 0 0 1 0 1 0 0 0 0 -1 0 -1 0 0 -10.08 0 0 0 1 0 1 0 0 0 0 -1 0 -1 0 0 -14.3 0 0 0 1</float_array>
					<technique_common>
						<accessor source="#polygon1_MatArr" count="18" stride="16">
							<param type="float4x4" />
						</accessor>
					</technique_common>
				</source>
				<source id="polygon1_Weights">
					<float_array id="polygon1_WeightArr" count="10">1 0.7 0.3 0.1 0.9 0.2 0.8 0.4 0.5 0.6</float_array>
					<technique_common>
						<accessor source="#polygon1_WeightArr" count="10">
							<param type="float" />
						</accessor>
					</technique_common>
				</source>
				<joints>
					<input semantic="JOINT" source="#polygon1_Joints" />
					<input semantic="INV_BIND_MATRIX" source="#polygon1_Matrices" />
				</joints>
				<vertex_weights count="46">
					<input semantic="JOINT" offset="0" source="#polygon1_Joints" />
					<input semantic="WEIGHT" offset="1" source="#polygon1_Weights" />
					<vcount>2 1 1 1 1 1 1 1 1 1 1 1 1 1 1 1 1 1 1 2 2 1 3 2 1 1 1 1 2 3 1 1 1 1 2 2 2 2 2 2 2 2 2 2 2 2</vcount>
					<v>2 1 3 2 2 0 2 0 2 0 2 0 2 0 2 0 2 0 2 0 2 0 2 0 2 0 2 0 2 0 2 0 2 0 2 0 2 0 2 0 4 3 5 4 3 5 5 6 2 0 2 5 3 7 5 7 2 1 3 2 2 0 2 0 2 0 2 0 3 5 4 6 2 5 3 7 4 7 2 0 2 0 2 0 2 0 4 8 5 8 4 7 5 9 4 8 5 8 4 5 5 6 3 1 5 2 2 3 3 4 2 3 3 4 2 3 3 4 3 1 4 2 4 9 5 7 4 6 5 5 4 4 5 3</v>
				</vertex_weights>
			</skin>
		</controller>
		<controller id="polygon2_Controller">
			<skin source="#polygon2">
				<bind_shape_matrix>1 0 0 0 0 1 0 0 0 0 1 0 0 0 0 1</bind_shape_matrix>
				<source id="polygon2_Joints">
					<Name_array id="polygon2_JointArr" count="18">body_set bone_root Hips CenterMouth LeftMouth RightMouth Tongue0 Tongue1 Head LeftShoulder LeftArm LeftHand Props0 Props1 Props2 RightShoulder RightArm RightHand</Name_array>
					<technique_common>
						<accessor source="#polygon2_JointArr" count="18">
							<param name="JOINT" type="Name" />
						</accessor>
					</technique_common>
				</source>
				<source id="polygon2_Matrices">
					<float_array id="polygon2_MatArr" count="288">1 0 0 0 0 1 0 0 0 0 1 0 0 0 0 1 1 0 0 0 0 1 0 0 0 0 1 0 0 0 0 1 1 0 0 0 0 0 -1 0 0 1 0 0 0 0 0 1 -1 0 0 0 0 -0.6947012 -0.7193841 -0.1767446 0 -0.7193841 0.6947012 -1.219569 0 0 0 1 -1 0 0 2.84 0 -0.6947012 -0.7193841 -0.1767439 0 -0.7193841 0.6947012 -11.29957 0 0 0 1 -1 0 0 -2.84 0 -0.6947012 -0.7193841 -0.1767439 0 -0.7193841 0.6947012 -11.29957 0 0 0 1 0.9999999 0 0 0 0 0.9206247 0.3907827 4.272567 0 -0.3907827 0.9206247 -3.009709 0 0 0 1 1 0 0 0 0 0.5878687 0.8091328 -0.1385282 0 -0.8091328 0.5878687 -8.526284 0 0 0 1 1 0 0 0 0 0 -1 0 0 1 0 -1.5 0 0 0 1 0 -1 0 0 0 0 -1 0 1 0 0 -0.86 0 0 0 1 0 -1 0 0 0 0 -1 0 1 0 0 -10.08 0 0 0 1 0 -1 0 0 0 0 -1 0 1 0 0 -14.3 0 0 0 1 1 0 0 0 0 -1 0 -0.77 0 0 -1 -0.62 0 0 0 1 1 0 0 0 0 -1 0 -0.77 0 0 -1 -12.35 0 0 0 1 1 0 0 0 0 -1 0 -0.77 0 0 -1 -15.25 0 0 0 1 0 1 0 0 0 0 -1 0 -1 0 0 -0.86 0 0 0 1 0 1 0 0 0 0 -1 0 -1 0 0 -10.08 0 0 0 1 0 1 0 0 0 0 -1 0 -1 0 0 -14.3 0 0 0 1</float_array>
					<technique_common>
						<accessor source="#polygon2_MatArr" count="18" stride="16">
							<param type="float4x4" />
						</accessor>
					</technique_common>
				</source>
				<source id="polygon2_Weights">
					<float_array id="polygon2_WeightArr" count="22">1 0.7 0.3 0.1 0.9 0.2 0.8 0.4 0.5 0.6 0.99 0.01 0.45 0.15 0.42 0.43 0.35 0.75 0.25 0.05 0.65 0.95</float_array>
					<technique_common>
						<accessor source="#polygon2_WeightArr" count="22">
							<param type="float" />
						</accessor>
					</technique_common>
				</source>
				<joints>
					<input semantic="JOINT" source="#polygon2_Joints" />
					<input semantic="INV_BIND_MATRIX" source="#polygon2_Matrices" />
				</joints>
				<vertex_weights count="803">
					<input semantic="JOINT" offset="0" source="#polygon2_Joints" />
					<input semantic="WEIGHT" offset="1" source="#polygon2_Weights" />
					<vcount>2 2 2 2 3 3 2 2 3 3 2 2 2 2 2 2 1 1 1 1 1 1 1 1 1 1 1 1 1 1 1 1 1 2 2 2 2 2 2 3 3 2 2 3 2 2 3 2 3 2 2 2 1 1 1 1 1 1 1 1 2 2 2 2 2 2 3 3 2 2 3 3 2 2 2 2 1 1 1 1 1 1 2 2 2 2 2 2 3 3 2 2 3 3 2 2 2 2 2 2 2 2 2 2 2 2 2 2 2 2 2 2 2 2 2 2 2 2 1 1 1 1 2 2 2 2 2 2 3 3 2 2 3 3 2 2 2 2 1 1 2 2 2 3 2 3 2 2 3 3 2 2 3 3 2 2 2 2 2 2 1 1 2 2 2 2 2 3 3 2 2 3 3 1 1 1 1 1 1 1 1 2 2 3 2 3 1 1 1 2 2 2 2 2 2 2 2 3 2 2 3 2 3 2 3 2 1 1 1 3 1 1 1 2 3 3 2 2 2 2 3 3 2 2 3 3 2 2 2 2 2 2 1 1 1 1 1 1 1 1 1 1 1 1 1 1 1 2 2 2 2 2 2 3 3 2 2 3 3 2 3 2 3 2 3 2 2 3 2 3 2 2 2 1 1 1 1 1 1 1 2 2 2 2 2 2 3 3 2 2 3 3 2 2 2 2 1 1 1 1 1 1 1 1 2 2 2 2 2 2 3 3 2 2 1 1 2 2 2 3 2 3 2 2 2 2 2 3 2 3 2 2 2 1 2 2 3 2 3 2 2 2 1 1 1 1 1 1 2 2 2 2 2 2 3 3 2 2 2 2 2 3 2 3 2 2 1 1 1 1 1 2 2 2 2 2 2 3 3 2 1 1 1 1 1 1 2 2 2 2 2 2 2 2 3 3 2 2 3 3 2 2 3 2 3 2 2 2 3 3 2 2 2 2 1 1 1 1 1 2 3 2 2 1 2 2 2 2 2 2 2 2 2 2 2 2 2 2 2 2 2 2 2 2 1 2 2 1 1 1 1 1 1 1 1 2 2 2 2 2 2 2 2 2 2 2 2 1 1 2 2 2 2 2 2 2 2 2 2 2 1 1 2 2 2 1 2 2 2 2 2 2 2 2 1 1 1 2 1 1 1 1 1 1 2 2 2 2 2 2 2 2 2 1 1 2 2 2 2 2 1 2 1 2 1 2 1 2 1 2 1 2 1 2 1 2 1 1 1 2 2 2 1 2 2 2 2 3 2 2 2 2 2 2 2 3 2 2 1 1 1 2 2 2 1 1 1 1 1 1 1 1 1 1 1 1 1 1 1 1 1 1 1 1 1 1 1 1 1 1 1 3 3 2 2 1 2 1 1 1 1 1 1 1 1 1 1 1 1 1 1 1 1 2 2 2 1 1 1 1 1 1 1 1 1 1 1 3 2 3 2 1 1 1 1 1 1 1 1 2 2 2 2 2 2 2 1 1 1 1 1 1 1 1 1 2 2 3 3 3 3 1 1 1 1 1 1 2 2 3 3 3 3 2 2 2 2 2 2 2 2 2 2 2 2 2 2 2 2 2 2 2 2 2 1 1 1 1 1 1 2 2 2 3 3 3 3 3 3 3 3 2 2 2 2 2 3 2 3 2 3 2 3 2 3 2 3 3 3 3 3 3 3 3 3 3 2 3 2 3 2 3 2 3 2 3 3 3 2 2 2 2 2 2 2 2 2 2 2 2 2 2 2 2 2 2 2 2 2 2 2 2 2 2 2 2 2 2 2 2 2 2 2 2 2 2 2 2 2 2 2 2 2 2 2 2 2 2 2 2 2 2 2</vcount>
					<v>2 9 15 7 2 9 15 7 2 2 15 1 2 2 15 1 2 3 15 9 16 2 2 3 15 9 16 2 15 8 16 8 15 8 16 8 15 3 16 6 17 3 15 3 16 6 17 3 16 6 17 5 16 6 17 5 16 7 17 9 16 7 17 9 16 5 17 6 16 5 17 6 17 0 17 0 17 0 17 0 17 0 17 0 17 0 17 0 17 0 17 0 17 0 17 0 17 0 17 0 17 0 17 0 17 0 16 5 17 6 16 5 17 6 16 7 17 9 16 7 17 9 16 6 17 5 16 6 17 5 15 3 16 6 17 3 15 3 16 6 17 3 15 8 16 8 15 8 16 8 2 3 15 9 16 2 2 9 15 7 2 2 15 1 2 3 15 9 16 2 15 8 16 8 15 3 16 6 17 3 16 6 17 5 16 7 17 9 16 5 17 6 17 0 17 0 17 0 17 0 17 0 17 0 17 0 17 0 16 5 17 6 16 5 17 6 16 7 17 9 16 7 17 9 16 6 17 5 16 6 17 5 15 3 16 6 17 3 15 3 16 6 17 3 15 8 16 8 15 8 16 8 2 3 15 9 16 2 2 3 15 9 16 2 2 2 15 1 2 2 15 1 2 9 15 7 2 9 15 7 17 0 17 0 17 0 17 0 17 0 17 0 16 5 17 6 16 5 17 6 16 7 17 9 16 7 17 9 16 6 17 5 16 6 17 5 15 3 16 6 17 3 15 3 16 6 17 3 15 8 16 8 15 8 16 8 2 3 15 9 16 2 2 3 15 9 16 2 2 2 15 1 2 2 15 1 2 9 15 7 2 9 15 7 2 2 15 1 2 9 15 7 2 2 15 1 2 9 15 7 2 2 15 1 2 9 15 7 2 2 15 1 2 9 15 7 2 2 15 1 2 9 15 7 2 2 15 1 2 9 15 7 2 2 15 1 2 9 15 7 2 2 15 1 2 9 15 7 2 2 15 1 2 9 15 7 2 2 15 1 2 9 15 7 17 0 17 0 17 0 17 0 16 5 17 6 16 5 17 6 16 7 17 9 16 7 17 9 16 6 17 5 16 6 17 5 15 3 16 6 17 3 15 3 16 6 17 3 15 8 16 8 15 8 16 8 2 3 15 9 16 2 2 3 15 9 16 2 2 2 15 1 2 2 15 1 2 9 15 7 2 9 15 7 17 0 17 0 16 5 17 6 16 7 17 9 16 6 17 5 15 3 16 6 17 3 15 8 16 8 2 3 15 9 16 2 2 2 15 1 2 9 15 7 2 3 15 9 16 2 2 3 15 9 16 2 15 8 16 8 15 8 16 8 15 3 16 6 17 3 15 3 16 6 17 3 16 6 17 5 16 6 17 5 16 7 17 9 16 7 17 9 16 5 17 6 16 5 17 6 17 0 17 0 16 5 17 6 16 7 17 9 16 7 17 9 16 6 17 5 16 6 17 5 15 3 16 6 17 3 15 3 16 6 17 3 15 8 16 8 15 8 16 8 2 3 15 9 16 2 2 3 15 9 16 2 17 0 17 0 17 0 17 0 17 0 17 0 17 0 17 0 16 5 17 6 16 6 17 5 15 3 16 6 17 3 15 8 16 8 2 3 15 9 16 2 17 0 17 0 17 0 16 5 17 6 16 5 17 6 16 7 17 9 16 7 17 9 16 6 17 5 16 5 17 6 16 7 17 9 16 6 17 5 15 3 16 6 17 3 16 7 17 9 16 6 17 5 15 3 16 6 17 3 15 8 16 8 15 3 16 6 17 3 15 8 16 8 2 3 15 9 16 2 16 5 17 6 17 0 17 0 17 0 2 3 15 9 16 2 17 0 17 0 17 0 15 8 16 8 2 3 15 9 16 2 2 3 15 9 16 2 2 9 9 7 2 9 9 7 2 2 9 1 2 2 9 1 2 3 9 9 10 2 2 3 9 9 10 2 9 8 10 8 9 8 10 8 9 3 10 6 11 3 9 3 10 6 11 3 10 6 11 5 10 6 11 5 10 7 11 9 10 7 11 9 10 5 11 6 10 5 11 6 11 0 11 0 11 0 11 0 11 0 11 0 11 0 11 0 11 0 11 0 11 0 11 0 11 0 11 0 11 0 10 5 11 6 10 5 11 6 10 7 11 9 10 7 11 9 10 6 11 5 10 6 11 5 9 3 10 6 11 3 9 3 10 6 11 3 9 8 10 8 9 8 10 8 2 3 9 9 10 2 2 3 9 9 10 2 2 2 9 1 2 3 9 9 10 2 2 2 9 1 2 3 9 9 10 2 2 2 9 1 2 3 9 9 10 2 2 9 9 7 2 2 9 1 2 3 9 9 10 2 9 8 10 8 9 3 10 6 11 3 10 6 11 5 10 7 11 9 10 5 11 6 11 0 11 0 11 0 11 0 11 0 11 0 11 0 10 5 11 6 10 5 11 6 10 7 11 9 10 7 11 9 10 6 11 5 10 6 11 5 9 3 10 6 11 3 9 3 10 6 11 3 9 8 10 8 9 8 10 8 2 3 9 9 10 2 2 3 9 9 10 2 2 2 9 1 2 2 9 1 2 9 9 7 2 9 9 7 11 0 11 0 11 0 11 0 11 0 11 0 11 0 11 0 10 5 11 6 10 5 11 6 10 7 11 9 10 7 11 9 10 6 11 5 10 6 11 5 9 3 10 6 11 3 9 3 10 6 11 3 9 8 10 8 9 8 10 8 11 0 11 0 10 5 11 6 10 7 11 9 10 6 11 5 9 3 10 6 11 3 9 8 10 8 2 3 9 9 10 2 2 2 9 1 2 9 9 7 2 9 9 7 2 9 9 7 2 2 9 1 2 3 9 9 10 2 9 8 10 8 9 3 10 6 11 3 10 6 11 5 10 7 11 9 10 5 11 6 11 0 2 9 9 7 2 2 9 1 2 3 9 9 10 2 9 8 10 8 9 3 10 6 11 3 10 6 11 5 10 7 11 9 10 5 11 6 11 0 11 0 11 0 11 0 11 0 11 0 10 5 11 6 10 5 11 6 10 7 11 9 10 7 11 9 10 6 11 5 10 6 11 5 9 3 10 6 11 3 9 3 10 6 11 3 9 8 10 8 9 8 10 8 10 5 11 6 10 7 11 9 10 6 11 5 9 3 10 6 11 3 9 8 10 8 2 3 9 9 10 2 2 2 9 1 2 9 9 7 11 0 11 0 11 0 11 0 11 0 10 5 11 6 10 5 11 6 10 7 11 9 10 7 11 9 10 6 11 5 10 6 11 5 9 3 10 6 11 3 9 3 10 6 11 3 9 8 10 8 11 0 11 0 11 0 11 0 11 0 11 0 10 5 11 6 10 5 11 6 10 7 11 9 10 7 11 9 10 6 11 5 10 7 11 9 10 6 11 5 10 6 11 5 9 3 10 6 11 3 9 3 10 6 11 3 9 8 10 8 9 8 10 8 2 3 9 9 10 2 2 3 9 9 10 2 2 2 9 1 2 9 9 7 9 3 10 6 11 3 9 8 10 8 2 3 9 9 10 2 2 2 9 1 2 9 9 7 9 8 10 8 2 3 9 9 10 2 2 3 9 9 10 2 2 2 9 1 2 2 9 1 2 9 9 7 2 9 9 7 11 0 11 0 11 0 11 0 11 0 10 5 11 6 2 3 9 9 10 2 2 2 9 1 2 9 9 7 11 0 2 9 9 7 2 2 9 1 2 9 9 7 2 2 9 1 2 9 9 7 2 9 9 7 2 2 9 1 2 9 9 7 2 6 12 5 2 4 9 3 2 4 9 3 2 4 9 3 2 4 9 3 2 4 9 3 2 4 9 3 2 4 9 3 2 4 9 3 2 4 9 3 2 4 9 3 2 4 9 3 2 0 2 4 3 3 2 4 3 3 2 0 2 0 2 0 2 0 2 0 2 0 2 0 2 0 2 2 12 1 2 2 12 1 2 6 12 5 2 2 12 1 2 1 12 2 2 2 12 1 2 1 12 2 2 2 12 1 2 1 12 2 2 1 12 2 2 4 12 3 2 4 12 3 2 0 2 0 2 2 12 1 2 4 12 3 2 4 15 3 2 4 12 3 2 6 12 5 2 2 12 1 2 2 12 1 2 2 12 1 2 1 12 2 2 6 12 5 2 6 12 5 2 0 2 0 2 4 12 3 2 4 12 3 2 4 12 3 2 0 2 6 12 5 2 1 12 2 2 1 12 2 2 2 12 1 2 2 12 1 2 2 12 1 2 1 12 2 2 6 12 5 2 0 2 0 2 0 2 6 12 5 2 0 2 0 2 0 2 0 2 0 2 0 2 6 12 5 2 1 12 2 2 1 12 2 2 2 12 1 2 2 12 1 2 4 15 3 2 4 3 3 2 4 15 3 2 4 3 3 2 0 2 0 2 2 12 1 2 1 12 2 2 2 12 1 2 1 12 2 2 4 15 3 2 0 2 4 15 3 2 0 2 4 15 3 2 0 2 4 15 3 2 0 2 4 15 3 2 0 2 4 15 3 2 0 2 4 15 3 2 0 2 4 15 3 2 0 2 2 12 1 2 0 2 0 2 0 2 2 12 1 2 2 12 1 2 2 12 1 2 0 2 4 3 3 2 6 3 5 2 7 3 9 2 4 3 3 2 5 3 7 4 7 2 6 3 5 2 8 4 8 2 4 3 3 2 6 3 5 2 2 3 1 2 7 3 9 2 4 3 3 2 5 3 7 5 7 2 8 5 8 2 6 3 5 2 0 2 0 2 0 2 2 3 1 2 6 3 5 2 6 3 5 2 0 2 0 2 0 2 0 2 0 2 0 2 0 2 0 2 0 2 0 2 0 2 0 2 0 2 0 2 0 2 0 2 0 2 0 2 0 2 0 2 0 2 0 2 0 2 0 2 0 2 0 2 0 2 5 3 7 5 7 2 5 3 7 5 7 2 1 3 2 2 1 3 2 2 0 2 10 3 11 2 0 2 0 2 0 2 0 2 0 2 0 2 0 2 0 2 0 2 0 2 0 2 0 2 0 2 0 2 0 2 0 2 6 3 5 2 6 3 5 2 6 3 5 2 0 2 0 2 0 2 0 2 0 2 0 2 0 2 0 2 0 2 0 2 0 2 5 3 7 4 7 2 1 3 2 2 5 3 7 4 7 2 1 3 2 2 0 2 0 2 0 2 0 2 0 2 0 2 0 2 0 2 6 3 5 2 6 3 5 13 2 14 1 13 3 14 4 13 2 14 1 13 3 14 4 13 3 14 4 14 0 14 0 14 0 14 0 14 0 14 0 14 0 14 0 14 0 13 5 14 6 13 5 14 6 12 3 13 7 14 8 12 3 13 12 14 12 12 8 13 7 14 3 12 8 13 7 14 3 14 0 14 0 14 0 14 0 14 0 14 0 13 5 14 6 13 5 14 6 12 3 13 7 14 8 12 3 13 12 14 12 12 8 13 7 14 3 12 8 13 7 14 3 13 2 14 1 13 3 14 4 13 2 14 1 13 3 14 4 13 2 14 1 13 3 14 4 13 7 14 9 13 3 14 4 13 7 14 9 13 5 14 6 13 7 14 9 13 7 14 9 13 5 14 6 13 7 14 9 13 3 14 4 13 7 14 9 13 3 14 4 13 2 14 1 13 3 14 4 13 2 14 1 13 3 14 4 14 0 14 0 14 0 14 0 14 0 14 0 13 5 14 6 13 5 14 6 13 5 14 6 12 13 13 14 14 15 12 13 13 14 14 15 12 8 13 7 14 3 12 13 13 14 14 15 12 8 13 7 14 3 12 8 13 7 14 3 12 8 13 16 14 13 12 8 13 16 14 13 12 4 13 3 12 17 13 18 12 4 13 3 12 9 13 7 12 4 13 3 12 9 13 16 14 19 12 4 13 3 12 20 13 18 14 3 12 4 13 3 12 20 13 18 14 3 12 4 13 3 12 20 13 18 14 3 12 4 13 3 12 20 13 18 14 3 12 4 13 3 12 20 13 18 14 3 12 20 13 18 14 3 12 2 13 8 14 5 12 2 13 8 14 5 12 2 13 8 14 5 12 2 13 8 14 5 12 2 13 8 14 5 12 2 13 8 14 5 12 2 13 8 14 5 12 2 13 8 14 5 12 4 13 3 12 20 13 18 14 3 12 4 13 3 12 20 13 18 14 3 12 4 13 3 12 20 13 18 14 3 12 4 13 3 12 9 13 16 14 19 12 4 13 3 12 2 13 8 14 5 12 2 13 8 14 5 12 2 13 8 14 5 12 4 13 3 12 9 13 7 12 4 13 3 12 17 13 18 12 21 13 19 12 6 13 5 12 6 13 5 12 6 13 5 12 6 13 5 12 21 13 19 12 6 13 5 12 21 13 19 12 21 13 19 12 21 13 19 3 8 5 8 3 8 5 8 4 3 5 4 2 3 5 4 4 3 5 4 3 5 5 6 3 5 5 6 4 3 5 4 4 3 5 4 3 5 5 6 3 8 4 8 3 8 4 8 4 8 5 8 4 8 5 8 4 8 5 8 4 7 5 9 4 7 5 9 4 5 5 6 4 5 5 6 4 8 5 8 4 7 5 9 4 5 5 6 4 5 5 6 4 7 5 9 4 8 5 8 4 9 5 7 4 9 5 7 4 9 5 7 4 9 5 7 4 6 5 5 4 4 5 3 2 3 4 4 3 5 4 6 3 5 4 6 4 6 5 5 4 6 5 5 4 6 5 5 4 4 5 3 4 4 5 3 4 4 5 3 3 5 4 6</v>
				</vertex_weights>
			</skin>
		</controller>
		<controller id="polygon3_Controller">
			<skin source="#polygon3">
				<bind_shape_matrix>1 0 0 0 0 1 0 0 0 0 1 0 0 0 0 1</bind_shape_matrix>
				<source id="polygon3_Joints">
					<Name_array id="polygon3_JointArr" count="18">body_set bone_root Hips CenterMouth LeftMouth RightMouth Tongue0 Tongue1 Head LeftShoulder LeftArm LeftHand Props0 Props1 Props2 RightShoulder RightArm RightHand</Name_array>
					<technique_common>
						<accessor source="#polygon3_JointArr" count="18">
							<param name="JOINT" type="Name" />
						</accessor>
					</technique_common>
				</source>
				<source id="polygon3_Matrices">
					<float_array id="polygon3_MatArr" count="288">1 0 0 0 0 1 0 0 0 0 1 0 0 0 0 1 1 0 0 0 0 1 0 0 0 0 1 0 0 0 0 1 1 0 0 0 0 0 -1 0 0 1 0 0 0 0 0 1 -1 0 0 0 0 -0.6947012 -0.7193841 -0.1767446 0 -0.7193841 0.6947012 -1.219569 0 0 0 1 -1 0 0 2.84 0 -0.6947012 -0.7193841 -0.1767439 0 -0.7193841 0.6947012 -11.29957 0 0 0 1 -1 0 0 -2.84 0 -0.6947012 -0.7193841 -0.1767439 0 -0.7193841 0.6947012 -11.29957 0 0 0 1 0.9999999 0 0 0 0 0.9206247 0.3907827 4.272567 0 -0.3907827 0.9206247 -3.009709 0 0 0 1 1 0 0 0 0 0.5878687 0.8091328 -0.1385282 0 -0.8091328 0.5878687 -8.526284 0 0 0 1 1 0 0 0 0 0 -1 0 0 1 0 -1.5 0 0 0 1 0 -1 0 0 0 0 -1 0 1 0 0 -0.86 0 0 0 1 0 -1 0 0 0 0 -1 0 1 0 0 -10.08 0 0 0 1 0 -1 0 0 0 0 -1 0 1 0 0 -14.3 0 0 0 1 1 0 0 0 0 -1 0 -0.77 0 0 -1 -0.62 0 0 0 1 1 0 0 0 0 -1 0 -0.77 0 0 -1 -12.35 0 0 0 1 1 0 0 0 0 -1 0 -0.77 0 0 -1 -15.25 0 0 0 1 0 1 0 0 0 0 -1 0 -1 0 0 -0.86 0 0 0 1 0 1 0 0 0 0 -1 0 -1 0 0 -10.08 0 0 0 1 0 1 0 0 0 0 -1 0 -1 0 0 -14.3 0 0 0 1</float_array>
					<technique_common>
						<accessor source="#polygon3_MatArr" count="18" stride="16">
							<param type="float4x4" />
						</accessor>
					</technique_common>
				</source>
				<source id="polygon3_Weights">
					<float_array id="polygon3_WeightArr" count="22">1 0.7 0.3 0.1 0.9 0.2 0.8 0.4 0.5 0.6 0.99 0.01 0.45 0.15 0.42 0.43 0.35 0.75 0.25 0.05 0.65 0.95</float_array>
					<technique_common>
						<accessor source="#polygon3_WeightArr" count="22">
							<param type="float" />
						</accessor>
					</technique_common>
				</source>
				<joints>
					<input semantic="JOINT" source="#polygon3_Joints" />
					<input semantic="INV_BIND_MATRIX" source="#polygon3_Matrices" />
				</joints>
				<vertex_weights count="144">
					<input semantic="JOINT" offset="0" source="#polygon3_Joints" />
					<input semantic="WEIGHT" offset="1" source="#polygon3_Weights" />
					<vcount>1 1 1 1 1 1 1 1 2 2 2 2 2 2 1 1 1 1 1 1 1 1 1 1 1 1 1 1 1 1 1 1 1 1 1 2 2 2 1 1 1 1 1 1 1 1 2 2 2 2 2 2 1 1 1 1 1 1 1 1 1 1 1 1 2 2 2 1 1 1 1 1 1 1 1 1 1 1 1 2 2 2 1 1 1 1 1 2 1 2 1 2 1 1 2 2 2 2 2 2 2 2 2 2 2 1 1 1 2 1 1 1 1 1 1 1 1 1 1 1 1 1 1 1 1 1 1 1 1 1 1 1 1 1 1 1 1 1 1 1 1 1 1 1</vcount>
					<v>7 0 7 0 7 0 7 0 7 0 7 0 7 0 7 0 6 3 7 4 6 3 7 4 6 2 7 1 6 2 7 1 6 7 7 9 6 7 7 9 6 0 6 0 6 0 6 0 6 0 6 0 6 0 6 0 6 0 6 0 6 0 6 0 6 0 6 0 6 0 6 0 6 0 6 0 6 0 7 0 7 0 6 3 7 4 6 2 7 1 6 7 7 9 6 0 6 0 6 0 6 0 6 0 7 0 7 0 7 0 6 3 7 4 6 3 7 4 6 2 7 1 6 2 7 1 6 7 7 9 6 7 7 9 6 0 6 0 6 0 6 0 6 0 6 0 6 0 6 0 6 0 7 0 7 0 7 0 6 3 7 4 6 2 7 1 6 7 7 9 6 0 6 0 6 0 6 0 6 0 6 0 6 0 6 0 6 0 6 0 6 0 6 0 6 7 7 9 6 2 7 1 6 3 7 4 7 0 7 0 7 0 7 0 7 0 6 3 7 4 7 0 6 3 7 4 7 0 6 3 7 4 7 0 7 0 6 3 7 4 6 2 7 1 6 2 7 1 6 2 7 1 6 3 7 4 6 2 7 1 6 7 7 9 6 7 7 9 6 7 7 9 6 2 7 1 6 7 7 9 6 0 6 0 6 0 6 7 7 9 6 0 6 0 6 0 6 0 6 0 6 0 6 0 6 0 6 0 6 0 6 0 6 0 6 0 6 0 6 0 6 0 6 0 6 0 6 0 7 0 7 0 7 0 7 0 7 0 7 0 7 0 7 0 7 0 7 0 7 0 6 0 6 0 6 0 6 0 7 0</v>
				</vertex_weights>
			</skin>
		</controller>
		<controller id="polygon4_Controller">
			<skin source="#polygon4">
				<bind_shape_matrix>1 0 0 0 0 1 0 0 0 0 1 0 0 0 0 1</bind_shape_matrix>
				<source id="polygon4_Joints">
					<Name_array id="polygon4_JointArr" count="18">body_set bone_root Hips CenterMouth LeftMouth RightMouth Tongue0 Tongue1 Head LeftShoulder LeftArm LeftHand Props0 Props1 Props2 RightShoulder RightArm RightHand</Name_array>
					<technique_common>
						<accessor source="#polygon4_JointArr" count="18">
							<param name="JOINT" type="Name" />
						</accessor>
					</technique_common>
				</source>
				<source id="polygon4_Matrices">
					<float_array id="polygon4_MatArr" count="288">1 0 0 0 0 1 0 0 0 0 1 0 0 0 0 1 1 0 0 0 0 1 0 0 0 0 1 0 0 0 0 1 1 0 0 0 0 0 -1 0 0 1 0 0 0 0 0 1 -1 0 0 0 0 -0.6947012 -0.7193841 -0.1767446 0 -0.7193841 0.6947012 -1.219569 0 0 0 1 -1 0 0 2.84 0 -0.6947012 -0.7193841 -0.1767439 0 -0.7193841 0.6947012 -11.29957 0 0 0 1 -1 0 0 -2.84 0 -0.6947012 -0.7193841 -0.1767439 0 -0.7193841 0.6947012 -11.29957 0 0 0 1 0.9999999 0 0 0 0 0.9206247 0.3907827 4.272567 0 -0.3907827 0.9206247 -3.009709 0 0 0 1 1 0 0 0 0 0.5878687 0.8091328 -0.1385282 0 -0.8091328 0.5878687 -8.526284 0 0 0 1 1 0 0 0 0 0 -1 0 0 1 0 -1.5 0 0 0 1 0 -1 0 0 0 0 -1 0 1 0 0 -0.86 0 0 0 1 0 -1 0 0 0 0 -1 0 1 0 0 -10.08 0 0 0 1 0 -1 0 0 0 0 -1 0 1 0 0 -14.3 0 0 0 1 1 0 0 0 0 -1 0 -0.77 0 0 -1 -0.62 0 0 0 1 1 0 0 0 0 -1 0 -0.77 0 0 -1 -12.35 0 0 0 1 1 0 0 0 0 -1 0 -0.77 0 0 -1 -15.25 0 0 0 1 0 1 0 0 0 0 -1 0 -1 0 0 -0.86 0 0 0 1 0 1 0 0 0 0 -1 0 -1 0 0 -10.08 0 0 0 1 0 1 0 0 0 0 -1 0 -1 0 0 -14.3 0 0 0 1</float_array>
					<technique_common>
						<accessor source="#polygon4_MatArr" count="18" stride="16">
							<param type="float4x4" />
						</accessor>
					</technique_common>
				</source>
				<source id="polygon4_Weights">
					<float_array id="polygon4_WeightArr" count="22">1 0.7 0.3 0.1 0.9 0.2 0.8 0.4 0.5 0.6 0.99 0.01 0.45 0.15 0.42 0.43 0.35 0.75 0.25 0.05 0.65 0.95</float_array>
					<technique_common>
						<accessor source="#polygon4_WeightArr" count="22">
							<param type="float" />
						</accessor>
					</technique_common>
				</source>
				<joints>
					<input semantic="JOINT" source="#polygon4_Joints" />
					<input semantic="INV_BIND_MATRIX" source="#polygon4_Matrices" />
				</joints>
				<vertex_weights count="61">
					<input semantic="JOINT" offset="0" source="#polygon4_Joints" />
					<input semantic="WEIGHT" offset="1" source="#polygon4_Weights" />
					<vcount>1 1 1 1 1 1 1 1 1 1 1 1 1 1 1 1 1 1 1 1 1 1 1 1 1 1 1 1 1 1 1 1 1 1 1 1 1 1 1 1 1 1 1 1 1 1 1 1 1 1 1 1 1 1 1 1 1 1 1 1 1</vcount>
					<v>2 0 2 0 2 0 2 0 2 0 2 0 2 0 2 0 2 0 2 0 2 0 2 0 2 0 2 0 2 0 2 0 2 0 2 0 2 0 2 0 2 0 2 0 2 0 2 0 2 0 2 0 2 0 2 0 2 0 2 0 2 0 2 0 2 0 2 0 2 0 2 0 2 0 2 0 2 0 2 0 2 0 2 0 2 0 2 0 2 0 2 0 2 0 2 0 2 0 2 0 2 0 2 0 2 0 2 0 2 0 2 0 2 0 2 0 2 0 2 0 2 0</v>
				</vertex_weights>
			</skin>
		</controller>
		<controller id="polygon5_Controller">
			<skin source="#polygon5">
				<bind_shape_matrix>1 0 0 0 0 1 0 0 0 0 1 0 0 0 0 1</bind_shape_matrix>
				<source id="polygon5_Joints">
					<Name_array id="polygon5_JointArr" count="18">body_set bone_root Hips CenterMouth LeftMouth RightMouth Tongue0 Tongue1 Head LeftShoulder LeftArm LeftHand Props0 Props1 Props2 RightShoulder RightArm RightHand</Name_array>
					<technique_common>
						<accessor source="#polygon5_JointArr" count="18">
							<param name="JOINT" type="Name" />
						</accessor>
					</technique_common>
				</source>
				<source id="polygon5_Matrices">
					<float_array id="polygon5_MatArr" count="288">1 0 0 0 0 1 0 0 0 0 1 0 0 0 0 1 1 0 0 0 0 1 0 0 0 0 1 0 0 0 0 1 1 0 0 0 0 0 -1 0 0 1 0 0 0 0 0 1 -1 0 0 0 0 -0.6947012 -0.7193841 -0.1767446 0 -0.7193841 0.6947012 -1.219569 0 0 0 1 -1 0 0 2.84 0 -0.6947012 -0.7193841 -0.1767439 0 -0.7193841 0.6947012 -11.29957 0 0 0 1 -1 0 0 -2.84 0 -0.6947012 -0.7193841 -0.1767439 0 -0.7193841 0.6947012 -11.29957 0 0 0 1 0.9999999 0 0 0 0 0.9206247 0.3907827 4.272567 0 -0.3907827 0.9206247 -3.009709 0 0 0 1 1 0 0 0 0 0.5878687 0.8091328 -0.1385282 0 -0.8091328 0.5878687 -8.526284 0 0 0 1 1 0 0 0 0 0 -1 0 0 1 0 -1.5 0 0 0 1 0 -1 0 0 0 0 -1 0 1 0 0 -0.86 0 0 0 1 0 -1 0 0 0 0 -1 0 1 0 0 -10.08 0 0 0 1 0 -1 0 0 0 0 -1 0 1 0 0 -14.3 0 0 0 1 1 0 0 0 0 -1 0 -0.77 0 0 -1 -0.62 0 0 0 1 1 0 0 0 0 -1 0 -0.77 0 0 -1 -12.35 0 0 0 1 1 0 0 0 0 -1 0 -0.77 0 0 -1 -15.25 0 0 0 1 0 1 0 0 0 0 -1 0 -1 0 0 -0.86 0 0 0 1 0 1 0 0 0 0 -1 0 -1 0 0 -10.08 0 0 0 1 0 1 0 0 0 0 -1 0 -1 0 0 -14.3 0 0 0 1</float_array>
					<technique_common>
						<accessor source="#polygon5_MatArr" count="18" stride="16">
							<param type="float4x4" />
						</accessor>
					</technique_common>
				</source>
				<source id="polygon5_Weights">
					<float_array id="polygon5_WeightArr" count="22">1 0.7 0.3 0.1 0.9 0.2 0.8 0.4 0.5 0.6 0.99 0.01 0.45 0.15 0.42 0.43 0.35 0.75 0.25 0.05 0.65 0.95</float_array>
					<technique_common>
						<accessor source="#polygon5_WeightArr" count="22">
							<param type="float" />
						</accessor>
					</technique_common>
				</source>
				<joints>
					<input semantic="JOINT" source="#polygon5_Joints" />
					<input semantic="INV_BIND_MATRIX" source="#polygon5_Matrices" />
				</joints>
				<vertex_weights count="61">
					<input semantic="JOINT" offset="0" source="#polygon5_Joints" />
					<input semantic="WEIGHT" offset="1" source="#polygon5_Weights" />
					<vcount>1 1 1 1 1 1 1 1 1 1 1 1 1 1 1 1 1 1 1 1 1 1 1 1 1 1 1 1 1 1 1 1 1 1 1 1 1 1 1 1 1 1 1 1 1 1 1 1 1 1 1 1 1 1 1 1 1 1 1 1 1</vcount>
					<v>2 0 2 0 2 0 2 0 2 0 2 0 2 0 2 0 2 0 2 0 2 0 2 0 2 0 2 0 2 0 2 0 2 0 2 0 2 0 2 0 2 0 2 0 2 0 2 0 2 0 2 0 2 0 2 0 2 0 2 0 2 0 2 0 2 0 2 0 2 0 2 0 2 0 2 0 2 0 2 0 2 0 2 0 2 0 2 0 2 0 2 0 2 0 2 0 2 0 2 0 2 0 2 0 2 0 2 0 2 0 2 0 2 0 2 0 2 0 2 0 2 0</v>
				</vertex_weights>
			</skin>
		</controller>
		<controller id="polygon6_Controller">
			<skin source="#polygon6">
				<bind_shape_matrix>1 0 0 0 0 1 0 0 0 0 1 0 0 0 0 1</bind_shape_matrix>
				<source id="polygon6_Joints">
					<Name_array id="polygon6_JointArr" count="18">body_set bone_root Hips CenterMouth LeftMouth RightMouth Tongue0 Tongue1 Head LeftShoulder LeftArm LeftHand Props0 Props1 Props2 RightShoulder RightArm RightHand</Name_array>
					<technique_common>
						<accessor source="#polygon6_JointArr" count="18">
							<param name="JOINT" type="Name" />
						</accessor>
					</technique_common>
				</source>
				<source id="polygon6_Matrices">
					<float_array id="polygon6_MatArr" count="288">1 0 0 0 0 1 0 0 0 0 1 0 0 0 0 1 1 0 0 0 0 1 0 0 0 0 1 0 0 0 0 1 1 0 0 0 0 0 -1 0 0 1 0 0 0 0 0 1 -1 0 0 0 0 -0.6947012 -0.7193841 -0.1767446 0 -0.7193841 0.6947012 -1.219569 0 0 0 1 -1 0 0 2.84 0 -0.6947012 -0.7193841 -0.1767439 0 -0.7193841 0.6947012 -11.29957 0 0 0 1 -1 0 0 -2.84 0 -0.6947012 -0.7193841 -0.1767439 0 -0.7193841 0.6947012 -11.29957 0 0 0 1 0.9999999 0 0 0 0 0.9206247 0.3907827 4.272567 0 -0.3907827 0.9206247 -3.009709 0 0 0 1 1 0 0 0 0 0.5878687 0.8091328 -0.1385282 0 -0.8091328 0.5878687 -8.526284 0 0 0 1 1 0 0 0 0 0 -1 0 0 1 0 -1.5 0 0 0 1 0 -1 0 0 0 0 -1 0 1 0 0 -0.86 0 0 0 1 0 -1 0 0 0 0 -1 0 1 0 0 -10.08 0 0 0 1 0 -1 0 0 0 0 -1 0 1 0 0 -14.3 0 0 0 1 1 0 0 0 0 -1 0 -0.77 0 0 -1 -0.62 0 0 0 1 1 0 0 0 0 -1 0 -0.77 0 0 -1 -12.35 0 0 0 1 1 0 0 0 0 -1 0 -0.77 0 0 -1 -15.25 0 0 0 1 0 1 0 0 0 0 -1 0 -1 0 0 -0.86 0 0 0 1 0 1 0 0 0 0 -1 0 -1 0 0 -10.08 0 0 0 1 0 1 0 0 0 0 -1 0 -1 0 0 -14.3 0 0 0 1</float_array>
					<technique_common>
						<accessor source="#polygon6_MatArr" count="18" stride="16">
							<param type="float4x4" />
						</accessor>
					</technique_common>
				</source>
				<source id="polygon6_Weights">
					<float_array id="polygon6_WeightArr" count="22">1 0.7 0.3 0.1 0.9 0.2 0.8 0.4 0.5 0.6 0.99 0.01 0.45 0.15 0.42 0.43 0.35 0.75 0.25 0.05 0.65 0.95</float_array>
					<technique_common>
						<accessor source="#polygon6_WeightArr" count="22">
							<param type="float" />
						</accessor>
					</technique_common>
				</source>
				<joints>
					<input semantic="JOINT" source="#polygon6_Joints" />
					<input semantic="INV_BIND_MATRIX" source="#polygon6_Matrices" />
				</joints>
				<vertex_weights count="61">
					<input semantic="JOINT" offset="0" source="#polygon6_Joints" />
					<input semantic="WEIGHT" offset="1" source="#polygon6_Weights" />
					<vcount>1 1 1 1 1 1 1 1 1 1 1 1 1 1 1 1 1 1 1 1 1 1 1 1 1 1 1 1 1 1 1 1 1 1 1 1 1 1 1 1 1 1 1 1 1 1 1 1 1 1 1 1 1 1 1 1 1 1 1 1 1</vcount>
					<v>2 0 2 0 2 0 2 0 2 0 2 0 2 0 2 0 2 0 2 0 2 0 2 0 2 0 2 0 2 0 2 0 2 0 2 0 2 0 2 0 2 0 2 0 2 0 2 0 2 0 2 0 2 0 2 0 2 0 2 0 2 0 2 0 2 0 2 0 2 0 2 0 2 0 2 0 2 0 2 0 2 0 2 0 2 0 2 0 2 0 2 0 2 0 2 0 2 0 2 0 2 0 2 0 2 0 2 0 2 0 2 0 2 0 2 0 2 0 2 0 2 0</v>
				</vertex_weights>
			</skin>
		</controller>
		<controller id="polygon7_Controller">
			<skin source="#polygon7">
				<bind_shape_matrix>1 0 0 0 0 1 0 0 0 0 1 0 0 0 0 1</bind_shape_matrix>
				<source id="polygon7_Joints">
					<Name_array id="polygon7_JointArr" count="18">body_set bone_root Hips CenterMouth LeftMouth RightMouth Tongue0 Tongue1 Head LeftShoulder LeftArm LeftHand Props0 Props1 Props2 RightShoulder RightArm RightHand</Name_array>
					<technique_common>
						<accessor source="#polygon7_JointArr" count="18">
							<param name="JOINT" type="Name" />
						</accessor>
					</technique_common>
				</source>
				<source id="polygon7_Matrices">
					<float_array id="polygon7_MatArr" count="288">1 0 0 0 0 1 0 0 0 0 1 0 0 0 0 1 1 0 0 0 0 1 0 0 0 0 1 0 0 0 0 1 1 0 0 0 0 0 -1 0 0 1 0 0 0 0 0 1 -1 0 0 0 0 -0.6947012 -0.7193841 -0.1767446 0 -0.7193841 0.6947012 -1.219569 0 0 0 1 -1 0 0 2.84 0 -0.6947012 -0.7193841 -0.1767439 0 -0.7193841 0.6947012 -11.29957 0 0 0 1 -1 0 0 -2.84 0 -0.6947012 -0.7193841 -0.1767439 0 -0.7193841 0.6947012 -11.29957 0 0 0 1 0.9999999 0 0 0 0 0.9206247 0.3907827 4.272567 0 -0.3907827 0.9206247 -3.009709 0 0 0 1 1 0 0 0 0 0.5878687 0.8091328 -0.1385282 0 -0.8091328 0.5878687 -8.526284 0 0 0 1 1 0 0 0 0 0 -1 0 0 1 0 -1.5 0 0 0 1 0 -1 0 0 0 0 -1 0 1 0 0 -0.86 0 0 0 1 0 -1 0 0 0 0 -1 0 1 0 0 -10.08 0 0 0 1 0 -1 0 0 0 0 -1 0 1 0 0 -14.3 0 0 0 1 1 0 0 0 0 -1 0 -0.77 0 0 -1 -0.62 0 0 0 1 1 0 0 0 0 -1 0 -0.77 0 0 -1 -12.35 0 0 0 1 1 0 0 0 0 -1 0 -0.77 0 0 -1 -15.25 0 0 0 1 0 1 0 0 0 0 -1 0 -1 0 0 -0.86 0 0 0 1 0 1 0 0 0 0 -1 0 -1 0 0 -10.08 0 0 0 1 0 1 0 0 0 0 -1 0 -1 0 0 -14.3 0 0 0 1</float_array>
					<technique_common>
						<accessor source="#polygon7_MatArr" count="18" stride="16">
							<param type="float4x4" />
						</accessor>
					</technique_common>
				</source>
				<source id="polygon7_Weights">
					<float_array id="polygon7_WeightArr" count="22">1 0.7 0.3 0.1 0.9 0.2 0.8 0.4 0.5 0.6 0.99 0.01 0.45 0.15 0.42 0.43 0.35 0.75 0.25 0.05 0.65 0.95</float_array>
					<technique_common>
						<accessor source="#polygon7_WeightArr" count="22">
							<param type="float" />
						</accessor>
					</technique_common>
				</source>
				<joints>
					<input semantic="JOINT" source="#polygon7_Joints" />
					<input semantic="INV_BIND_MATRIX" source="#polygon7_Matrices" />
				</joints>
				<vertex_weights count="61">
					<input semantic="JOINT" offset="0" source="#polygon7_Joints" />
					<input semantic="WEIGHT" offset="1" source="#polygon7_Weights" />
					<vcount>1 1 1 1 1 1 1 1 1 1 1 1 1 1 1 1 1 1 1 1 1 1 1 1 1 1 1 1 1 1 1 1 1 1 1 1 1 1 1 1 1 1 1 1 1 1 1 1 1 1 1 1 1 1 1 1 1 1 1 1 1</vcount>
					<v>2 0 2 0 2 0 2 0 2 0 2 0 2 0 2 0 2 0 2 0 2 0 2 0 2 0 2 0 2 0 2 0 2 0 2 0 2 0 2 0 2 0 2 0 2 0 2 0 2 0 2 0 2 0 2 0 2 0 2 0 2 0 2 0 2 0 2 0 2 0 2 0 2 0 2 0 2 0 2 0 2 0 2 0 2 0 2 0 2 0 2 0 2 0 2 0 2 0 2 0 2 0 2 0 2 0 2 0 2 0 2 0 2 0 2 0 2 0 2 0 2 0</v>
				</vertex_weights>
			</skin>
		</controller>
	</library_controllers>
	<library_visual_scenes>
		<visual_scene id="RootNode" name="RootNode">
			<node id="body_set" name="body_set" sid="body_set" type="JOINT">
				<node id="bone_root" name="bone_root" sid="bone_root" type="JOINT">
					<node id="Hips" name="Hips" sid="Hips" type="JOINT">
						<rotate>1 0 0 -90</rotate>
						<node id="CenterMouth" name="CenterMouth" sid="CenterMouth" type="JOINT">
							<translate>0 -0.72 -1</translate>
							<rotate>0 1 0 180</rotate>
							<rotate>1 0 0 44</rotate>
							<node id="LeftMouth" name="LeftMouth" sid="LeftMouth" type="JOINT">
								<translate>-2.84 0 10.08</translate>
							</node>
							<node id="RightMouth" name="RightMouth" sid="RightMouth" type="JOINT">
								<translate>2.84 0 10.08</translate>
							</node>
							<node id="Tongue0" name="Tongue0" sid="Tongue0" type="JOINT">
								<translate>0 2.58 3.22</translate>
								<rotate>0 0 1 180</rotate>
								<rotate>1 0 0 -23</rotate>
								<node id="Tongue1" name="Tongue1" sid="Tongue1" type="JOINT">
									<translate>0 0 4.37</translate>
									<rotate>1 0 0 31</rotate>
								</node>
							</node>
						</node>
						<node id="Head" name="Head" sid="Head" type="JOINT">
							<translate>0 0 1.5</translate>
						</node>
						<node id="LeftShoulder" name="LeftShoulder" sid="LeftShoulder" type="JOINT">
							<translate>0.86 0 0</translate>
							<rotate>0 1 0 90</rotate>
							<node id="LeftArm" name="LeftArm" sid="LeftArm" type="JOINT">
								<translate>0 0 9.22</translate>
								<node id="LeftHand" name="LeftHand" sid="LeftHand" type="JOINT">
									<translate>0 0 4.22</translate>
								</node>
							</node>
						</node>
						<node id="Props0" name="Props0" sid="Props0" type="JOINT">
							<translate>0 0.62 -0.77</translate>
							<rotate>1 0 0 -90</rotate>
							<node id="Props1" name="Props1" sid="Props1" type="JOINT">
								<translate>0 0 11.73</translate>
								<node id="Props2" name="Props2" sid="Props2" type="JOINT">
									<translate>0 0 2.9</translate>
								</node>
							</node>
						</node>
						<node id="RightShoulder" name="RightShoulder" sid="RightShoulder" type="JOINT">
							<translate>-0.86 0 0</translate>
							<rotate>0 1 0 -90</rotate>
							<node id="RightArm" name="RightArm" sid="RightArm" type="JOINT">
								<translate>0 0 9.22</translate>
								<node id="RightHand" name="RightHand" sid="RightHand" type="JOINT">
									<translate>0 0 4.22</translate>
								</node>
							</node>
						</node>
					</node>
				</node>
			</node>
			<node id="polygon0" name="polygon0" type="NODE">
				<instance_controller url="#polygon0_Controller">
					<skeleton>#body_set</skeleton>
					<bind_material>
						<technique_common>
							<instance_material symbol="eye_l_mat" target="#eye_l_mat">
								<bind_vertex_input semantic="TEXCOORD0" input_semantic="TEXCOORD" input_set="0" />
								<bind_vertex_input semantic="TEXCOORD0" input_semantic="TEXCOORD" input_set="0" />
								<bind_vertex_input semantic="TEXCOORD0" input_semantic="TEXCOORD" input_set="0" />
							</instance_material>
						</technique_common>
					</bind_material>
				</instance_controller>
			</node>
			<node id="polygon1" name="polygon1" type="NODE">
				<instance_controller url="#polygon1_Controller">
					<skeleton>#body_set</skeleton>
					<bind_material>
						<technique_common>
							<instance_material symbol="mouth_mat" target="#mouth_mat">
								<bind_vertex_input semantic="TEXCOORD0" input_semantic="TEXCOORD" input_set="0" />
								<bind_vertex_input semantic="TEXCOORD0" input_semantic="TEXCOORD" input_set="0" />
								<bind_vertex_input semantic="TEXCOORD0" input_semantic="TEXCOORD" input_set="0" />
							</instance_material>
						</technique_common>
					</bind_material>
				</instance_controller>
			</node>
			<node id="polygon2" name="polygon2" type="NODE">
				<instance_controller url="#polygon2_Controller">
					<skeleton>#body_set</skeleton>
					<bind_material>
						<technique_common>
							<instance_material symbol="body_mat" target="#body_mat">
								<bind_vertex_input semantic="TEXCOORD0" input_semantic="TEXCOORD" input_set="0" />
								<bind_vertex_input semantic="TEXCOORD0" input_semantic="TEXCOORD" input_set="0" />
								<bind_vertex_input semantic="TEXCOORD0" input_semantic="TEXCOORD" input_set="0" />
							</instance_material>
						</technique_common>
					</bind_material>
				</instance_controller>
			</node>
			<node id="polygon3" name="polygon3" type="NODE">
				<instance_controller url="#polygon3_Controller">
					<skeleton>#body_set</skeleton>
					<bind_material>
						<technique_common>
							<instance_material symbol="mouth_mat" target="#mouth_mat">
								<bind_vertex_input semantic="TEXCOORD0" input_semantic="TEXCOORD" input_set="0" />
								<bind_vertex_input semantic="TEXCOORD0" input_semantic="TEXCOORD" input_set="0" />
								<bind_vertex_input semantic="TEXCOORD0" input_semantic="TEXCOORD" input_set="0" />
							</instance_material>
						</technique_common>
					</bind_material>
				</instance_controller>
			</node>
			<node id="polygon4" name="polygon4" type="NODE">
				<instance_controller url="#polygon4_Controller">
					<skeleton>#body_set</skeleton>
					<bind_material>
						<technique_common>
							<instance_material symbol="mouth_mat" target="#mouth_mat">
								<bind_vertex_input semantic="TEXCOORD0" input_semantic="TEXCOORD" input_set="0" />
								<bind_vertex_input semantic="TEXCOORD0" input_semantic="TEXCOORD" input_set="0" />
								<bind_vertex_input semantic="TEXCOORD0" input_semantic="TEXCOORD" input_set="0" />
							</instance_material>
						</technique_common>
					</bind_material>
				</instance_controller>
			</node>
			<node id="polygon5" name="polygon5" type="NODE">
				<instance_controller url="#polygon5_Controller">
					<skeleton>#body_set</skeleton>
					<bind_material>
						<technique_common>
							<instance_material symbol="mouth_mat" target="#mouth_mat">
								<bind_vertex_input semantic="TEXCOORD0" input_semantic="TEXCOORD" input_set="0" />
								<bind_vertex_input semantic="TEXCOORD0" input_semantic="TEXCOORD" input_set="0" />
								<bind_vertex_input semantic="TEXCOORD0" input_semantic="TEXCOORD" input_set="0" />
							</instance_material>
						</technique_common>
					</bind_material>
				</instance_controller>
			</node>
			<node id="polygon6" name="polygon6" type="NODE">
				<instance_controller url="#polygon6_Controller">
					<skeleton>#body_set</skeleton>
					<bind_material>
						<technique_common>
							<instance_material symbol="mouth_mat" target="#mouth_mat">
								<bind_vertex_input semantic="TEXCOORD0" input_semantic="TEXCOORD" input_set="0" />
								<bind_vertex_input semantic="TEXCOORD0" input_semantic="TEXCOORD" input_set="0" />
								<bind_vertex_input semantic="TEXCOORD0" input_semantic="TEXCOORD" input_set="0" />
							</instance_material>
						</technique_common>
					</bind_material>
				</instance_controller>
			</node>
			<node id="polygon7" name="polygon7" type="NODE">
				<instance_controller url="#polygon7_Controller">
					<skeleton>#body_set</skeleton>
					<bind_material>
						<technique_common>
							<instance_material symbol="mouth_mat" target="#mouth_mat">
								<bind_vertex_input semantic="TEXCOORD0" input_semantic="TEXCOORD" input_set="0" />
								<bind_vertex_input semantic="TEXCOORD0" input_semantic="TEXCOORD" input_set="0" />
								<bind_vertex_input semantic="TEXCOORD0" input_semantic="TEXCOORD" input_set="0" />
							</instance_material>
						</technique_common>
					</bind_material>
				</instance_controller>
			</node>
		</visual_scene>
	</library_visual_scenes>
	<scene>
		<instance_visual_scene url="#RootNode" />
	</scene>
</COLLADA>